seed,epoch,n_transitions,mse
11,0,600,0.017851718669561183
11,1,600,0.0014250000114675219
11,2,600,0.00032734767806495685
11,3,600,9.811804338824003e-05
11,4,600,5.0669458850231755e-05
11,5,600,3.5727725595566695e-05
11,6,600,2.785022038312347e-05
11,7,600,2.2791076231729485e-05
11,8,600,1.9528932046485256e-05
11,9,600,1.660574474188156e-05
11,10,600,1.4653294262021325e-05
11,11,600,1.3171003750980356e-05
11,12,600,1.2226897098643302e-05
11,13,600,1.1061330458591999e-05
11,14,600,1.0277668388880557e-05
11,15,600,9.259770515774635e-06
11,16,600,8.65832461577635e-06
11,17,600,8.047103428428895e-06
11,18,600,7.478113820980071e-06
11,19,600,7.148367891013072e-06
11,20,600,6.476563856650548e-06
11,21,600,5.995076191155884e-06
11,22,600,5.608370391105142e-06
11,23,600,5.364591377081906e-06
11,24,600,4.8942355449885085e-06
11,25,600,4.6023100917648795e-06
11,26,600,4.398472768977961e-06
11,27,600,4.132741864132664e-06
11,28,600,3.791221046125621e-06
11,29,600,3.561215668780373e-06
11,30,600,3.4281134072731028e-06
11,31,600,3.2221713665517445e-06
11,32,600,2.934925581891883e-06
11,33,600,2.7621279610014568e-06
11,34,600,2.5969218163960536e-06
11,35,600,2.5192142563929864e-06
11,36,600,2.427837426024014e-06
11,37,600,2.261342148071172e-06
11,38,600,2.0686045517274917e-06
11,39,600,1.942733962024297e-06
11,40,600,1.9297391633555986e-06
11,41,600,1.8463747368825447e-06
11,42,600,1.7370182427767808e-06
11,43,600,1.6567160353013989e-06
11,44,600,1.533180932256073e-06
11,45,600,1.4660396408616132e-06
11,46,600,1.3599891576033863e-06
11,47,600,1.3017151430679072e-06
11,48,600,1.3191236091284066e-06
11,49,600,1.2406813186173261e-06
11,50,600,1.1730612180527763e-06
11,51,600,1.0941179033651632e-06
11,52,600,1.039813280625056e-06
11,53,600,9.877571409034367e-07
11,54,600,9.60311948454929e-07
11,55,600,9.5441392707136e-07
11,56,600,8.705016942880511e-07
11,57,600,8.525777221429485e-07
11,58,600,8.330860418637761e-07
11,59,600,7.791445613604179e-07
11,60,600,7.569762146886206e-07
11,61,600,6.959587324217864e-07
11,62,600,7.060681765013119e-07
11,63,600,6.629384921253452e-07
11,64,600,6.206113105714681e-07
11,65,600,6.094981301885127e-07
11,66,600,6.007948639451473e-07
11,67,600,5.84390518030743e-07
11,68,600,5.518415138651204e-07
11,69,600,5.458390627441795e-07
11,70,600,5.314404545156562e-07
11,71,600,5.170829033910482e-07
11,72,600,4.955836245519669e-07
11,73,600,4.675701718856305e-07
11,74,600,4.6824417327833975e-07
11,75,600,4.3552732725067085e-07
11,76,600,4.280873611151037e-07
11,77,600,4.275238513616243e-07
11,78,600,4.407752959722482e-07
11,79,600,4.1586391687001436e-07
11,80,600,3.8844195168956887e-07
11,81,600,3.839851898060499e-07
11,82,600,3.7727941685859966e-07
11,83,600,3.7707697844636734e-07
11,84,600,3.946183176439215e-07
11,85,600,3.713437316240455e-07
11,86,600,3.783552722025936e-07
11,87,600,3.576673099072841e-07
11,88,600,3.395155510744237e-07
11,89,600,3.3161979421205813e-07
11,90,600,3.309339663216729e-07
11,91,600,3.112912076786463e-07
11,92,600,3.215866969771684e-07
11,93,600,3.2896749719145045e-07
11,94,600,3.068271587680053e-07
11,95,600,3.0891074471271986e-07
11,96,600,3.285785824477659e-07
11,97,600,3.2581490628265446e-07
11,98,600,2.955687951324954e-07
11,99,600,3.040957959922851e-07
11,100,600,3.0778666027081754e-07
11,101,600,2.8567029630721663e-07
11,102,600,2.765428387431855e-07
11,103,600,2.789179980685443e-07
11,104,600,2.861401370068961e-07
11,105,600,2.743516525446179e-07
11,106,600,2.719351236261278e-07
11,107,600,2.544044145966645e-07
11,108,600,2.5407265538708664e-07
11,109,600,2.4152166014047046e-07
11,110,600,2.3735759556661593e-07
11,111,600,2.4393314345759696e-07
11,112,600,2.183235008451926e-07
11,113,600,2.4820717858107715e-07
11,114,600,2.3059026269241878e-07
11,115,600,2.260354079160271e-07
11,116,600,2.381125802075028e-07
11,117,600,2.3029407153193174e-07
11,118,600,2.417063526356861e-07
11,119,600,2.3231075105238567e-07
22,0,600,0.01721064655820986
22,1,600,0.0010899937002441698
22,2,600,0.00028709620294792233
22,3,600,0.00010422993002162243
22,4,600,5.773128131726194e-05
22,5,600,4.1025611723230936e-05
22,6,600,3.036183933497676e-05
22,7,600,2.386569503869396e-05
22,8,600,1.8885346147917997e-05
22,9,600,1.5920933401503133e-05
22,10,600,1.3235334527531737e-05
22,11,600,1.1247884111454417e-05
22,12,600,9.693798983789747e-06
22,13,600,8.504416028268967e-06
22,14,600,7.440872923325514e-06
22,15,600,6.7464368265446895e-06
22,16,600,5.940763613628071e-06
22,17,600,5.519059780118894e-06
22,18,600,5.046889737059246e-06
22,19,600,4.529809957363651e-06
22,20,600,4.2017623017224984e-06
22,21,600,3.904340118615915e-06
22,22,600,3.9521640414214314e-06
22,23,600,3.581643898685702e-06
22,24,600,3.4273887972870547e-06
22,25,600,3.1104579360735923e-06
22,26,600,2.792187118709415e-06
22,27,600,2.7303399663555627e-06
22,28,600,2.603189746926211e-06
22,29,600,2.427162461284943e-06
22,30,600,2.2657222847268908e-06
22,31,600,2.1186391318463533e-06
22,32,600,2.069397422282667e-06
22,33,600,1.8521230638151264e-06
22,34,600,1.7451645877180885e-06
22,35,600,1.7087120155386066e-06
22,36,600,1.5592279516184998e-06
22,37,600,1.4680468050181318e-06
22,38,600,1.4126986822080462e-06
22,39,600,1.338286837811833e-06
22,40,600,1.3269542807249405e-06
22,41,600,1.2323852214840852e-06
22,42,600,1.1184288262867134e-06
22,43,600,1.0923615156188088e-06
22,44,600,1.0353159376264604e-06
22,45,600,1.003197631258732e-06
22,46,600,9.86405566556258e-07
22,47,600,8.898683915958826e-07
22,48,600,8.85377777362201e-07
22,49,600,8.717271698874115e-07
22,50,600,8.060981572629987e-07
22,51,600,7.405583376471201e-07
22,52,600,7.422897519853378e-07
22,53,600,7.255520613039391e-07
22,54,600,6.900698047885318e-07
22,55,600,6.424786904876543e-07
22,56,600,6.311246791986044e-07
22,57,600,6.094552654638775e-07
22,58,600,5.648711832787068e-07
22,59,600,5.649817559946027e-07
22,60,600,5.716773084953418e-07
22,61,600,5.097575905809112e-07
22,62,600,4.82402648129353e-07
22,63,600,4.653153945056194e-07
22,64,600,4.6548767583867867e-07
22,65,600,4.42044302860124e-07
22,66,600,4.3532451636445713e-07
22,67,600,4.2586419241567797e-07
22,68,600,4.0701533461479384e-07
22,69,600,4.0088893686779086e-07
22,70,600,4.0620341852254096e-07
22,71,600,4.150427207904565e-07
22,72,600,3.746971365695859e-07
22,73,600,3.660257828199208e-07
22,74,600,3.6158546005313643e-07
22,75,600,3.4553025763647096e-07
22,76,600,3.688591487173796e-07
22,77,600,3.3926928070190786e-07
22,78,600,3.1054536308554244e-07
22,79,600,3.028494186190456e-07
22,80,600,2.9279501841541016e-07
22,81,600,2.9486832527493933e-07
22,82,600,2.939624574824656e-07
22,83,600,2.902481134314209e-07
22,84,600,2.7229768748108983e-07
22,85,600,2.606767544558639e-07
22,86,600,2.6034877189311754e-07
22,87,600,2.6918684178075354e-07
22,88,600,2.611238151554349e-07
22,89,600,2.5914845549012073e-07
22,90,600,2.5219865037977227e-07
22,91,600,2.4107025510781903e-07
22,92,600,2.3944110394998124e-07
22,93,600,2.423981227575736e-07
22,94,600,2.439899295842751e-07
22,95,600,2.5942636969638867e-07
22,96,600,2.3670356984882204e-07
22,97,600,2.2882809898156235e-07
22,98,600,2.3499421816172563e-07
22,99,600,2.276955521252651e-07
22,100,600,2.2473566990524166e-07
22,101,600,2.2578707076167786e-07
22,102,600,2.1873374585742282e-07
22,103,600,2.1371195306061822e-07
22,104,600,2.3541411271827727e-07
22,105,600,2.6634526530020407e-07
22,106,600,2.2493414378818434e-07
22,107,600,2.127833397480572e-07
22,108,600,2.0997800588343368e-07
22,109,600,1.9583545840879724e-07
22,110,600,2.030700046948129e-07
22,111,600,2.3462966890077186e-07
22,112,600,2.438397705131329e-07
22,113,600,2.223904165008973e-07
22,114,600,2.0807758386952529e-07
22,115,600,2.07264087679816e-07
22,116,600,1.810576230510426e-07
22,117,600,1.8127255594591635e-07
22,118,600,1.7499324154881066e-07
22,119,600,1.7635623760868744e-07
33,0,600,0.02206352113402988
33,1,600,0.0020235824812277173
33,2,600,0.0003352062036068865
33,3,600,0.00010674651179885443
33,4,600,6.09676962707645e-05
33,5,600,4.3421678205241305e-05
33,6,600,3.223109234616123e-05
33,7,600,2.446116975893107e-05
33,8,600,1.8559288295555712e-05
33,9,600,1.4263952873175423e-05
33,10,600,1.1222575994906946e-05
33,11,600,8.896479774097986e-06
33,12,600,7.559497072706061e-06
33,13,600,6.581619137298395e-06
33,14,600,5.767207097194746e-06
33,15,600,5.2876897442681514e-06
33,16,600,4.781660642325541e-06
33,17,600,4.2524177579731545e-06
33,18,600,3.898271845508518e-06
33,19,600,3.5686029174317622e-06
33,20,600,3.493944345073511e-06
33,21,600,3.09402891592694e-06
33,22,600,2.907240398024825e-06
33,23,600,2.7903329031400254e-06
33,24,600,2.5910901238028986e-06
33,25,600,2.523086155442319e-06
33,26,600,2.3715879718254556e-06
33,27,600,2.218574211024373e-06
33,28,600,2.0926327357828032e-06
33,29,600,2.0073345659080877e-06
33,30,600,1.95969061774361e-06
33,31,600,1.8304008844289024e-06
33,32,600,1.7265332411098872e-06
33,33,600,1.6407146266541724e-06
33,34,600,1.6055492240315958e-06
33,35,600,1.559190234514206e-06
33,36,600,1.4860916268700843e-06
33,37,600,1.4057925275330108e-06
33,38,600,1.3568367260057512e-06
33,39,600,1.2975511277832799e-06
33,40,600,1.2355054710305443e-06
33,41,600,1.2082663649954684e-06
33,42,600,1.169900566298422e-06
33,43,600,1.0976848174275227e-06
33,44,600,1.0590963442107177e-06
33,45,600,1.015079911774975e-06
33,46,600,1.01243806212599e-06
33,47,600,9.552434875104158e-07
33,48,600,9.130138446260773e-07
33,49,600,9.179964948950662e-07
33,50,600,8.673915568866313e-07
33,51,600,8.313308934535408e-07
33,52,600,8.153883521500624e-07
33,53,600,7.846905254226793e-07
33,54,600,7.599629931950115e-07
33,55,600,7.54067028645678e-07
33,56,600,7.142150143348963e-07
33,57,600,6.804033664533756e-07
33,58,600,6.806800534401478e-07
33,59,600,6.442725530058325e-07
33,60,600,6.161792416186902e-07
33,61,600,6.04827425233548e-07
33,62,600,5.851757802438922e-07
33,63,600,5.588543504736184e-07
33,64,600,5.494774014598654e-07
33,65,600,5.474815955159627e-07
33,66,600,5.393408515960562e-07
33,67,600,5.015316572242132e-07
33,68,600,4.920274387873896e-07
33,69,600,5.237279826755377e-07
33,70,600,4.6869269507815746e-07
33,71,600,4.592067974248206e-07
33,72,600,4.3688614943292986e-07
33,73,600,4.23612727511107e-07
33,74,600,4.13632456735214e-07
33,75,600,4.184058944271161e-07
33,76,600,4.0294285653137767e-07
33,77,600,3.841061918682212e-07
33,78,600,4.0286990488431534e-07
33,79,600,3.801904041647743e-07
33,80,600,3.8192655453210475e-07
33,81,600,3.615482784736837e-07
33,82,600,3.6127321287064035e-07
33,83,600,3.369899370921446e-07
33,84,600,3.212787930806371e-07
33,85,600,3.342257423056301e-07
33,86,600,3.354011170879283e-07
33,87,600,3.4219789702212056e-07
33,88,600,3.2117854986106405e-07
33,89,600,2.9964722000984595e-07
33,90,600,2.837967485902482e-07
33,91,600,3.097209813811213e-07
33,92,600,3.124806029650005e-07
33,93,600,3.0098491513878177e-07
33,94,600,2.800335060352441e-07
33,95,600,2.831394573676286e-07
33,96,600,2.72637330124924e-07
33,97,600,2.6907135973811146e-07
33,98,600,2.6344458146204967e-07
33,99,600,2.718282469291616e-07
33,100,600,2.5652732870783344e-07
33,101,600,2.388773927763348e-07
33,102,600,2.3598511450915648e-07
33,103,600,2.6840817452610185e-07
33,104,600,2.6866950705832435e-07
33,105,600,2.2548959217254762e-07
33,106,600,2.3266271742422277e-07
33,107,600,2.346722117869448e-07
33,108,600,2.2227641081647224e-07
33,109,600,2.2047539986440248e-07
33,110,600,2.290607732310204e-07
33,111,600,2.2770462253985993e-07
33,112,600,2.2281836375046433e-07
33,113,600,2.436037027115689e-07
33,114,600,2.1894852490109578e-07
33,115,600,1.8853447282427431e-07
33,116,600,2.0180476929298444e-07
33,117,600,2.145412384074438e-07
33,118,600,2.152756383260997e-07
33,119,600,1.9908948707169608e-07
44,0,600,0.018553749535931273
44,1,600,0.0022696618721391513
44,2,600,0.0003015739909881775
44,3,600,8.687026638654059e-05
44,4,600,4.356614161607515e-05
44,5,600,2.9586630434526964e-05
44,6,600,2.3143987451284804e-05
44,7,600,1.920305797906813e-05
44,8,600,1.650466369219909e-05
44,9,600,1.4201760596303135e-05
44,10,600,1.2482116639339915e-05
44,11,600,1.1237431858477833e-05
44,12,600,1.0344599592683248e-05
44,13,600,9.305720480992214e-06
44,14,600,8.37189742541293e-06
44,15,600,7.823057101057585e-06
44,16,600,7.1653485615809715e-06
44,17,600,6.663169097009813e-06
44,18,600,6.253780195134153e-06
44,19,600,5.682291279491006e-06
44,20,600,5.315519571300493e-06
44,21,600,4.798014137314136e-06
44,22,600,4.525885991537699e-06
44,23,600,4.216678786705367e-06
44,24,600,4.018239051698689e-06
44,25,600,3.734411097866542e-06
44,26,600,3.4322610465671077e-06
44,27,600,3.2435428130683197e-06
44,28,600,3.0554924430697087e-06
44,29,600,2.782452588689921e-06
44,30,600,2.664993272255264e-06
44,31,600,2.4957940474067935e-06
44,32,600,2.3458557076370008e-06
44,33,600,2.1722776870391456e-06
44,34,600,2.0633364640257476e-06
44,35,600,1.9248270734207933e-06
44,36,600,1.8264790882264938e-06
44,37,600,1.7230670036233753e-06
44,38,600,1.6169936675157117e-06
44,39,600,1.568321819807974e-06
44,40,600,1.4900396422490302e-06
44,41,600,1.371538847275875e-06
44,42,600,1.3413613122506113e-06
44,43,600,1.2669091102237106e-06
44,44,600,1.2129605947489165e-06
44,45,600,1.1221293424281804e-06
44,46,600,1.05908786197592e-06
44,47,600,1.0156016434106469e-06
44,48,600,9.68647711225027e-07
44,49,600,9.310448463470255e-07
44,50,600,9.033002018704315e-07
44,51,600,8.802197451012417e-07
44,52,600,8.417734013739009e-07
44,53,600,8.201538165801474e-07
44,54,600,7.770439134147684e-07
44,55,600,7.355425235812762e-07
44,56,600,7.481474471516872e-07
44,57,600,7.330567789746344e-07
44,58,600,7.138491605174798e-07
44,59,600,6.872356873612405e-07
44,60,600,6.53022470343881e-07
44,61,600,6.318040838574521e-07
44,62,600,6.092813940109697e-07
44,63,600,5.870176712625452e-07
44,64,600,5.89383609987013e-07
44,65,600,5.920853996748951e-07
44,66,600,5.725487025493318e-07
44,67,600,5.393484656224246e-07
44,68,600,5.281162256515497e-07
44,69,600,5.079878524096976e-07
44,70,600,4.908740285265211e-07
44,71,600,4.891352383059424e-07
44,72,600,4.834298042205295e-07
44,73,600,4.830732900760075e-07
44,74,600,4.644166496422929e-07
44,75,600,4.4252487155840997e-07
44,76,600,4.243824973496215e-07
44,77,600,4.2231363444874374e-07
44,78,600,4.164456005116192e-07
44,79,600,4.306337522645041e-07
44,80,600,3.909207774050198e-07
44,81,600,3.972665273235371e-07
44,82,600,4.00491097782139e-07
44,83,600,3.70581980596877e-07
44,84,600,3.592234987225215e-07
44,85,600,3.541600334169983e-07
44,86,600,3.552290410736628e-07
44,87,600,3.565247863578311e-07
44,88,600,3.528087873405639e-07
44,89,600,3.3867273340379857e-07
44,90,600,3.2903988399443493e-07
44,91,600,3.258458522886462e-07
44,92,600,3.265309664949487e-07
44,93,600,3.24210135641136e-07
44,94,600,3.165040869577607e-07
44,95,600,3.130531001117657e-07
44,96,600,3.0719575438285434e-07
44,97,600,3.06211638109002e-07
44,98,600,2.7633206633780846e-07
44,99,600,2.7517089784779323e-07
44,100,600,2.900597576770356e-07
44,101,600,2.88896322854869e-07
44,102,600,2.803006567905629e-07
44,103,600,2.7717178880948267e-07
44,104,600,2.7581543864279844e-07
44,105,600,2.6431607955445495e-07
44,106,600,2.5998793989258143e-07
44,107,600,2.609244201099308e-07
44,108,600,2.615319458168655e-07
44,109,600,2.531012976185977e-07
44,110,600,2.479034846876522e-07
44,111,600,2.569019385807798e-07
44,112,600,2.417688640913471e-07
44,113,600,2.3517142183568228e-07
44,114,600,2.293463370655876e-07
44,115,600,2.3366570683504652e-07
44,116,600,2.338988928996562e-07
44,117,600,2.367102713139358e-07
44,118,600,2.3773039355558608e-07
44,119,600,2.3430201602985493e-07
55,0,600,0.020461650675554808
55,1,600,0.0022543680857205275
55,2,600,0.00034040050668409093
55,3,600,0.000113014473831036
55,4,600,6.313166455871204e-05
55,5,600,4.320490205779942e-05
55,6,600,3.3027730100193844e-05
55,7,600,2.541681082412221e-05
55,8,600,2.1183430626000414e-05
55,9,600,1.756820117263583e-05
55,10,600,1.515973193531145e-05
55,11,600,1.3112022842458254e-05
55,12,600,1.1434138057091717e-05
55,13,600,1.0090314854575187e-05
55,14,600,8.857102016248209e-06
55,15,600,7.86648897940866e-06
55,16,600,7.10241666686335e-06
55,17,600,6.164980251062508e-06
55,18,600,5.659959577697966e-06
55,19,600,5.160095011696716e-06
55,20,600,4.622558416437977e-06
55,21,600,4.339159939167746e-06
55,22,600,3.947976656012254e-06
55,23,600,3.58953840005645e-06
55,24,600,3.3781364005622696e-06
55,25,600,3.1284606788367937e-06
55,26,600,2.9153725371974073e-06
55,27,600,2.7344280540905613e-06
55,28,600,2.543324845455094e-06
55,29,600,2.4112320919524982e-06
55,30,600,2.2513719290815827e-06
55,31,600,2.1210133833224778e-06
55,32,600,2.0004468003782297e-06
55,33,600,1.857573854642013e-06
55,34,600,1.7492121855866573e-06
55,35,600,1.6398100198880696e-06
55,36,600,1.6223571277039713e-06
55,37,600,1.5049924124803894e-06
55,38,600,1.4482563875916593e-06
55,39,600,1.4503993354178659e-06
55,40,600,1.3360763384633555e-06
55,41,600,1.2464028857625397e-06
55,42,600,1.2348533884601478e-06
55,43,600,1.1346749416636731e-06
55,44,600,1.0729851857448872e-06
55,45,600,1.0510137383933302e-06
55,46,600,9.579002021621959e-07
55,47,600,9.343535979448798e-07
55,48,600,8.972514407153206e-07
55,49,600,8.550507710711634e-07
55,50,600,8.329391804588675e-07
55,51,600,7.843789854919841e-07
55,52,600,8.126222747992679e-07
55,53,600,7.726527919179429e-07
55,54,600,7.433447562657659e-07
55,55,600,6.934965001978286e-07
55,56,600,6.825902516993666e-07
55,57,600,6.40638483230903e-07
55,58,600,6.174324090879007e-07
55,59,600,5.999354548772604e-07
55,60,600,5.913777691172359e-07
55,61,600,5.673649650960119e-07
55,62,600,5.459925378808723e-07
55,63,600,5.665505912738331e-07
55,64,600,5.360775674034813e-07
55,65,600,5.120854899886533e-07
55,66,600,5.133978796242158e-07
55,67,600,4.767476166546802e-07
55,68,600,4.966280704665176e-07
55,69,600,4.897297072291526e-07
55,70,600,4.546437996790892e-07
55,71,600,4.4515961824823813e-07
55,72,600,4.413791901326572e-07
55,73,600,4.2968641734755933e-07
55,74,600,4.1833417867565005e-07
55,75,600,4.119378581591311e-07
55,76,600,3.7650733618552054e-07
55,77,600,3.731495344015313e-07
55,78,600,3.866041810708434e-07
55,79,600,3.50625192655379e-07
55,80,600,3.5111516886469245e-07
55,81,600,3.472833177990029e-07
55,82,600,3.433047036076843e-07
55,83,600,3.323962352241276e-07
55,84,600,3.1594271227301137e-07
55,85,600,3.166478559310953e-07
55,86,600,3.232159321286369e-07
55,87,600,3.112049658906663e-07
55,88,600,2.960513743675476e-07
55,89,600,2.953309759552786e-07
55,90,600,3.058399914236457e-07
55,91,600,2.933063634121649e-07
55,92,600,2.938044589559228e-07
55,93,600,2.8798028599914306e-07
55,94,600,2.8216904626644557e-07
55,95,600,2.72028649225089e-07
55,96,600,2.697711063379565e-07
55,97,600,2.6346535279524116e-07
55,98,600,2.5295342694382847e-07
55,99,600,2.5717656147830177e-07
55,100,600,2.5970270971392416e-07
55,101,600,2.5538032589697413e-07
55,102,600,2.362567742938824e-07
55,103,600,2.4076244081446644e-07
55,104,600,2.3647428675806292e-07
55,105,600,2.5993704977473066e-07
55,106,600,2.4420641467845365e-07
55,107,600,2.3750485652092387e-07
55,108,600,2.44045339501865e-07
55,109,600,2.2643907906166003e-07
55,110,600,2.1587565718642795e-07
55,111,600,2.1956348348339818e-07
55,112,600,2.3843300214677676e-07
55,113,600,2.1943633657285416e-07
55,114,600,2.1641069848424435e-07
55,115,600,2.1495781443024353e-07
55,116,600,2.3018885787893706e-07
55,117,600,2.0027570757831292e-07
55,118,600,2.0974218535074166e-07
55,119,600,2.0390452008493745e-07
66,0,600,0.019153161981682244
66,1,600,0.0017030370663728956
66,2,600,0.00034194327178594996
66,3,600,0.00010737924082939956
66,4,600,6.421935232585957e-05
66,5,600,4.46096894704265e-05
66,6,600,3.401863541512284e-05
66,7,600,2.598959885003033e-05
66,8,600,2.000417809157577e-05
66,9,600,1.5931254203774425e-05
66,10,600,1.2979667520228661e-05
66,11,600,1.1002564001740353e-05
66,12,600,9.638063142789945e-06
66,13,600,8.593365158192587e-06
66,14,600,7.751993476439997e-06
66,15,600,7.028526990899608e-06
66,16,600,6.3198928369513985e-06
66,17,600,5.765248483600628e-06
66,18,600,5.369428067512528e-06
66,19,600,4.9373695530544205e-06
66,20,600,4.648580359475761e-06
66,21,600,4.339012726679931e-06
66,22,600,4.0957708829649305e-06
66,23,600,3.924122328451057e-06
66,24,600,3.6950220144143183e-06
66,25,600,3.4567680586405916e-06
66,26,600,3.2971224359961954e-06
66,27,600,3.166417255478767e-06
66,28,600,3.0511764323723343e-06
66,29,600,2.8678178248236165e-06
66,30,600,2.6974824645788576e-06
66,31,600,2.5938828948231897e-06
66,32,600,2.5169286525277512e-06
66,33,600,2.355062686451435e-06
66,34,600,2.1840070195666107e-06
66,35,600,2.08874406194139e-06
66,36,600,1.9951251236929436e-06
66,37,600,1.9249317413021725e-06
66,38,600,1.8679439772552685e-06
66,39,600,1.8136378852623718e-06
66,40,600,1.6964496891983128e-06
66,41,600,1.6072165593820833e-06
66,42,600,1.5074942720466903e-06
66,43,600,1.5526434894079436e-06
66,44,600,1.4641615405851457e-06
66,45,600,1.392263937448565e-06
66,46,600,1.2986724174736182e-06
66,47,600,1.288938905250497e-06
66,48,600,1.2118609585118783e-06
66,49,600,1.201595323676118e-06
66,50,600,1.140238461965438e-06
66,51,600,1.0787547912633798e-06
66,52,600,1.036976860440949e-06
66,53,600,1.0275320810729966e-06
66,54,600,9.490919634763964e-07
66,55,600,9.12811997834165e-07
66,56,600,9.329079585098187e-07
66,57,600,8.775056220369343e-07
66,58,600,7.986402151441564e-07
66,59,600,7.780271965585645e-07
66,60,600,7.605479783921366e-07
66,61,600,7.635063588239925e-07
66,62,600,7.493391074986951e-07
66,63,600,6.97465310993625e-07
66,64,600,6.731314291647849e-07
66,65,600,6.524206232944906e-07
66,66,600,6.464441759434473e-07
66,67,600,6.423999138860381e-07
66,68,600,6.085329681282977e-07
66,69,600,5.821549594106488e-07
66,70,600,5.821190188127825e-07
66,71,600,5.870823758270586e-07
66,72,600,5.494117106620347e-07
66,73,600,5.406076124209474e-07
66,74,600,5.137338601307898e-07
66,75,600,4.992012550605737e-07
66,76,600,4.803430408329451e-07
66,77,600,4.644960874226232e-07
66,78,600,4.776784928588696e-07
66,79,600,4.6313697294552094e-07
66,80,600,4.805768089442465e-07
66,81,600,4.43171063879115e-07
66,82,600,4.3716798179622476e-07
66,83,600,4.1027614148142194e-07
66,84,600,3.9891299410866943e-07
66,85,600,3.9150457681850976e-07
66,86,600,3.991964993139463e-07
66,87,600,4.0413029101895713e-07
66,88,600,3.973421150093552e-07
66,89,600,3.681531717048576e-07
66,90,600,3.467812216752607e-07
66,91,600,3.5634756563084874e-07
66,92,600,3.4295923451341687e-07
66,93,600,3.3012570354099135e-07
66,94,600,3.3265868839443537e-07
66,95,600,3.112442964505279e-07
66,96,600,3.2570222265648174e-07
66,97,600,3.1277606899792726e-07
66,98,600,3.056577470099335e-07
66,99,600,3.0878622591277045e-07
66,100,600,2.9052592846088184e-07
66,101,600,2.87962377180855e-07
66,102,600,2.908226644954563e-07
66,103,600,2.9464134628728733e-07
66,104,600,3.040107264502311e-07
66,105,600,2.920966044197676e-07
66,106,600,2.9419031327985353e-07
66,107,600,2.994610703784642e-07
66,108,600,2.670999820290825e-07
66,109,600,2.572474623494408e-07
66,110,600,2.531518964887207e-07
66,111,600,2.476146997758789e-07
66,112,600,2.6630442150869717e-07
66,113,600,2.7915789494751435e-07
66,114,600,2.3778992275119413e-07
66,115,600,2.2378948644149875e-07
66,116,600,2.3822982050684286e-07
66,117,600,2.4549190346521615e-07
66,118,600,2.3996599248963133e-07
66,119,600,2.3187466614385093e-07
77,0,600,0.016527044220741742
77,1,600,0.001544596894420561
77,2,600,0.0002419306587207278
77,3,600,6.796200809491749e-05
77,4,600,3.0495050094415143e-05
77,5,600,2.023822286757518e-05
77,6,600,1.5686821614891463e-05
77,7,600,1.2987190491817036e-05
77,8,600,1.085186451363322e-05
77,9,600,9.398325279394876e-06
77,10,600,8.285898179325924e-06
77,11,600,7.390128786554621e-06
77,12,600,6.648620211834848e-06
77,13,600,6.085289446912755e-06
77,14,600,5.540754536444806e-06
77,15,600,5.022931066521682e-06
77,16,600,4.577654865562706e-06
77,17,600,4.209149883057475e-06
77,18,600,3.844322788226189e-06
77,19,600,3.5935313654159763e-06
77,20,600,3.295627454080156e-06
77,21,600,3.152648871132681e-06
77,22,600,2.968946400391073e-06
77,23,600,2.721841202688474e-06
77,24,600,2.5493209740919776e-06
77,25,600,2.3038075297383908e-06
77,26,600,2.180370281142754e-06
77,27,600,2.079061438938592e-06
77,28,600,1.9225023935943778e-06
77,29,600,1.829948514329628e-06
77,30,600,1.7642609799096185e-06
77,31,600,1.6629681376319863e-06
77,32,600,1.5917372545453346e-06
77,33,600,1.5199148627313039e-06
77,34,600,1.4308141942365184e-06
77,35,600,1.361710714993598e-06
77,36,600,1.319895285465272e-06
77,37,600,1.2776971603120488e-06
77,38,600,1.2312661085975138e-06
77,39,600,1.1543335015056456e-06
77,40,600,1.1148183632844607e-06
77,41,600,1.140545542679511e-06
77,42,600,1.0515693268668033e-06
77,43,600,9.938083873126553e-07
77,44,600,9.513424758049376e-07
77,45,600,9.210006800530161e-07
77,46,600,8.703703982566943e-07
77,47,600,8.420964969732986e-07
77,48,600,7.963596664539133e-07
77,49,600,7.77184006713134e-07
77,50,600,7.819063839813106e-07
77,51,600,7.698959647864525e-07
77,52,600,7.406123043402229e-07
77,53,600,7.152439183612027e-07
77,54,600,6.957379439068304e-07
77,55,600,6.736829397213065e-07
77,56,600,6.32087467597318e-07
77,57,600,6.154232443422141e-07
77,58,600,5.933208022294198e-07
77,59,600,5.864024293606763e-07
77,60,600,5.749670591333261e-07
77,61,600,5.559904366236879e-07
77,62,600,5.407591082099602e-07
77,63,600,5.109746644237882e-07
77,64,600,4.890383302991769e-07
77,65,600,4.623125580325762e-07
77,66,600,4.657981964771209e-07
77,67,600,4.7604365563888444e-07
77,68,600,4.6186126167556627e-07
77,69,600,4.42013451992065e-07
77,70,600,4.1405349922965077e-07
77,71,600,4.088289256886032e-07
77,72,600,3.9459493016717093e-07
77,73,600,3.9608921552694725e-07
77,74,600,3.818009255652262e-07
77,75,600,3.745365962446924e-07
77,76,600,3.7510638001573456e-07
77,77,600,3.5522281170810134e-07
77,78,600,3.699345465466458e-07
77,79,600,3.5499009362937565e-07
77,80,600,3.266012717068933e-07
77,81,600,3.1762471561897225e-07
77,82,600,3.321297730221168e-07
77,83,600,3.290661155867719e-07
77,84,600,2.974822510431726e-07
77,85,600,2.8594104629806487e-07
77,86,600,2.9865023767689834e-07
77,87,600,3.0658207096298374e-07
77,88,600,2.9090633486667256e-07
77,89,600,2.762426143925424e-07
77,90,600,2.7749767347610316e-07
77,91,600,2.687907150283009e-07
77,92,600,2.6613998696084795e-07
77,93,600,2.595522432395563e-07
77,94,600,2.5529143902016784e-07
77,95,600,2.7578268277226777e-07
77,96,600,2.4823751785836646e-07
77,97,600,2.403172053121986e-07
77,98,600,2.3968303380390926e-07
77,99,600,2.2979037324651133e-07
77,100,600,2.316416476925329e-07
77,101,600,2.2152041024906124e-07
77,102,600,2.2632290225781044e-07
77,103,600,2.5649652316492154e-07
77,104,600,2.402550685743384e-07
77,105,600,2.3251287237557284e-07
77,106,600,2.1048374380047553e-07
77,107,600,1.9850734943068008e-07
77,108,600,2.203813360480174e-07
77,109,600,2.229503098910276e-07
77,110,600,2.3648459860300806e-07
77,111,600,2.1372343685231354e-07
77,112,600,2.008769448324481e-07
77,113,600,1.8590736129011163e-07
77,114,600,2.0907113158847622e-07
77,115,600,2.0071135120241182e-07
77,116,600,1.9955158846510367e-07
77,117,600,2.110189284035426e-07
77,118,600,1.9601051781436534e-07
77,119,600,1.957544509273727e-07
88,0,600,0.01834069695936418
88,1,600,0.0015913014140862382
88,2,600,0.00027387541589345534
88,3,600,9.165691377634893e-05
88,4,600,5.0788106952830655e-05
88,5,600,3.442855561029558e-05
88,6,600,2.54420672095684e-05
88,7,600,1.9544739657967038e-05
88,8,600,1.6252703526812466e-05
88,9,600,1.3699341769480318e-05
88,10,600,1.1790337478152268e-05
88,11,600,1.0314392774920347e-05
88,12,600,9.294723033810061e-06
88,13,600,8.42479132763018e-06
88,14,600,7.680580409597546e-06
88,15,600,7.406474120024972e-06
88,16,600,6.488054647266644e-06
88,17,600,5.991970484549376e-06
88,18,600,5.5340018063457375e-06
88,19,600,5.118839676230747e-06
88,20,600,4.735620668246778e-06
88,21,600,4.620775413107032e-06
88,22,600,4.258717942655877e-06
88,23,600,4.1271795225839006e-06
88,24,600,3.898393193642397e-06
88,25,600,3.6917941483089213e-06
88,26,600,3.432331235624014e-06
88,27,600,3.3391652562529904e-06
88,28,600,3.124155357095572e-06
88,29,600,3.032958482818733e-06
88,30,600,2.9197707039872373e-06
88,31,600,2.7633085862458084e-06
88,32,600,2.662677757981376e-06
88,33,600,2.590293897092603e-06
88,34,600,2.410149617940318e-06
88,35,600,2.3488937358706604e-06
88,36,600,2.2534085665507805e-06
88,37,600,2.1395459378637548e-06
88,38,600,2.014651439415167e-06
88,39,600,1.9113176335849857e-06
88,40,600,1.8556551768405797e-06
88,41,600,1.8030989448753212e-06
88,42,600,1.7610042911990984e-06
88,43,600,1.7309070639576499e-06
88,44,600,1.6465860198877632e-06
88,45,600,1.5732838679277366e-06
88,46,600,1.4577647457252552e-06
88,47,600,1.4178624257367213e-06
88,48,600,1.390948827257058e-06
88,49,600,1.3176164118608303e-06
88,50,600,1.3259973857920588e-06
88,51,600,1.2447325574564607e-06
88,52,600,1.128923203527608e-06
88,53,600,1.0925865557223198e-06
88,54,600,1.0939975125941266e-06
88,55,600,1.0087738533720288e-06
88,56,600,9.649726696113106e-07
88,57,600,9.855929103028565e-07
88,58,600,9.467785745480219e-07
88,59,600,8.83611412099957e-07
88,60,600,8.562024184381076e-07
88,61,600,8.612235744390331e-07
88,62,600,8.09293537354518e-07
88,63,600,7.65774270923047e-07
88,64,600,7.345411850230066e-07
88,65,600,7.83527350808742e-07
88,66,600,6.98124115148714e-07
88,67,600,6.795338388081673e-07
88,68,600,6.350132667277745e-07
88,69,600,6.194913646296347e-07
88,70,600,6.395031906130928e-07
88,71,600,6.235394305588814e-07
88,72,600,5.93450836636054e-07
88,73,600,5.485211421261594e-07
88,74,600,5.586615830715777e-07
88,75,600,5.422652066044975e-07
88,76,600,5.191504723562071e-07
88,77,600,4.940164431170496e-07
88,78,600,4.869254360372859e-07
88,79,600,4.7135919323026383e-07
88,80,600,4.6248023265530057e-07
88,81,600,4.697889023107468e-07
88,82,600,4.6407659346258644e-07
88,83,600,4.6192953959689483e-07
88,84,600,4.456951035978674e-07
88,85,600,4.295653377240389e-07
88,86,600,4.16390395679101e-07
88,87,600,3.8461241459979067e-07
88,88,600,3.9910070753242177e-07
88,89,600,4.060011112989359e-07
88,90,600,3.7076274027544734e-07
88,91,600,3.757744702912341e-07
88,92,600,3.900231495148737e-07
88,93,600,3.4884017661864306e-07
88,94,600,3.418055254506295e-07
88,95,600,3.433612722334912e-07
88,96,600,3.429740434955276e-07
88,97,600,3.1740693696304473e-07
88,98,600,3.6437569967143926e-07
88,99,600,3.2287466226714387e-07
88,100,600,3.183356667298205e-07
88,101,600,3.1405101751895355e-07
88,102,600,2.9954740087209517e-07
88,103,600,3.104908370083218e-07
88,104,600,2.805785129567084e-07
88,105,600,2.8837174500937947e-07
88,106,600,2.9315838548283957e-07
88,107,600,3.1347373886834056e-07
88,108,600,3.2092118873917665e-07
88,109,600,3.2117796085853304e-07
88,110,600,3.5218851831144237e-07
88,111,600,3.315447785505392e-07
88,112,600,2.8435013131468764e-07
88,113,600,3.0423616183988523e-07
88,114,600,3.2934148447937236e-07
88,115,600,2.971204236096606e-07
88,116,600,2.6677832898102634e-07
88,117,600,2.685663195740361e-07
88,118,600,2.400022683888749e-07
88,119,600,2.5349994081424434e-07
99,0,600,0.018212429117901545
99,1,600,0.0015698379167588428
99,2,600,0.0002574756403766131
99,3,600,8.773371316094295e-05
99,4,600,5.0786692908762856e-05
99,5,600,3.4655645236183005e-05
99,6,600,2.5508188522699608e-05
99,7,600,1.9919859168064584e-05
99,8,600,1.5866442204002704e-05
99,9,600,1.3427344224749648e-05
99,10,600,1.1154107046183382e-05
99,11,600,9.833899055497327e-06
99,12,600,8.600334101509746e-06
99,13,600,7.4910406702225675e-06
99,14,600,6.672532469421735e-06
99,15,600,5.9880971021859874e-06
99,16,600,5.41905299685727e-06
99,17,600,5.007545115930905e-06
99,18,600,4.514893869686364e-06
99,19,600,4.1353010386190275e-06
99,20,600,3.799720920333608e-06
99,21,600,3.4378417479418116e-06
99,22,600,3.2053442091158726e-06
99,23,600,3.0531300820401063e-06
99,24,600,2.8543348949633103e-06
99,25,600,2.6105754494366063e-06
99,26,600,2.515916865999507e-06
99,27,600,2.3658144432135347e-06
99,28,600,2.213298984985924e-06
99,29,600,2.073833060852562e-06
99,30,600,1.971922286932233e-06
99,31,600,1.8531742386441792e-06
99,32,600,1.783612782147477e-06
99,33,600,1.7694801918447699e-06
99,34,600,1.6262460289190611e-06
99,35,600,1.532765529526315e-06
99,36,600,1.4903920792245405e-06
99,37,600,1.4105961757817757e-06
99,38,600,1.358584572579658e-06
99,39,600,1.35577762062224e-06
99,40,600,1.2384645736729954e-06
99,41,600,1.1762369036947155e-06
99,42,600,1.1606993535008913e-06
99,43,600,1.1228609968097053e-06
99,44,600,1.070257904326641e-06
99,45,600,1.0461663171219314e-06
99,46,600,1.0446921530609342e-06
99,47,600,9.847541736905298e-07
99,48,600,9.415187464942152e-07
99,49,600,8.93139919131308e-07
99,50,600,8.695276748264741e-07
99,51,600,8.397441577376173e-07
99,52,600,8.219100457632809e-07
99,53,600,7.946607351378158e-07
99,54,600,7.88462796208478e-07
99,55,600,7.447155601431931e-07
99,56,600,7.37531775628572e-07
99,57,600,6.70908819924271e-07
99,58,600,6.748682386913922e-07
99,59,600,6.834131589154199e-07
99,60,600,6.880579247224792e-07
99,61,600,6.413887026730278e-07
99,62,600,6.223993439466301e-07
99,63,600,5.947039872018265e-07
99,64,600,5.854272211237051e-07
99,65,600,5.594883116612581e-07
99,66,600,5.349414999201192e-07
99,67,600,5.365536427043001e-07
99,68,600,5.438381758961585e-07
99,69,600,4.837727308433004e-07
99,70,600,4.6799504442979487e-07
99,71,600,4.80568641143308e-07
99,72,600,4.6090856088946896e-07
99,73,600,4.5475507620626317e-07
99,74,600,4.4151605367771575e-07
99,75,600,4.2030133045045655e-07
99,76,600,4.0630851317832584e-07
99,77,600,4.1318300322688485e-07
99,78,600,3.959542009636751e-07
99,79,600,3.9971649677657916e-07
99,80,600,4.1788685133556825e-07
99,81,600,3.751703613225369e-07
99,82,600,3.7031696520946415e-07
99,83,600,3.7558842417470975e-07
99,84,600,3.7412058962840277e-07
99,85,600,3.557716224266091e-07
99,86,600,3.331850912876402e-07
99,87,600,3.2118883089089265e-07
99,88,600,3.4067053006406476e-07
99,89,600,3.312553116673275e-07
99,90,600,3.099867430627886e-07
99,91,600,3.008503628770517e-07
99,92,600,2.993492273617449e-07
99,93,600,2.959708546924096e-07
99,94,600,3.054657386919165e-07
99,95,600,3.0653092497495414e-07
99,96,600,2.9150870764289336e-07
99,97,600,3.0188849573158607e-07
99,98,600,2.843632620696506e-07
99,99,600,2.6093190219973245e-07
99,100,600,2.688159677919238e-07
99,101,600,2.6886668281708565e-07
99,102,600,2.5512773064699437e-07
99,103,600,2.3309369181022608e-07
99,104,600,2.3888863902237446e-07
99,105,600,2.468335235574302e-07
99,106,600,2.3684342537714992e-07
99,107,600,2.1769937005369923e-07
99,108,600,2.1400647818537483e-07
99,109,600,2.1138021552539947e-07
99,110,600,2.3465068039740796e-07
99,111,600,2.2036579887179337e-07
99,112,600,2.185175829008825e-07
99,113,600,2.2055911705664534e-07
99,114,600,2.1740566414731992e-07
99,115,600,1.9986370124283177e-07
99,116,600,1.9962033766325095e-07
99,117,600,2.0732940174040872e-07
99,118,600,1.867623715001125e-07
99,119,600,2.2036300120326382e-07
110,0,600,0.020516783876442596
110,1,600,0.0026080467151539206
110,2,600,0.00043129712989627334
110,3,600,0.00011786140903974514
110,4,600,5.4644838746753516e-05
110,5,600,3.501108288841543e-05
110,6,600,2.548946964739834e-05
110,7,600,2.0446061161668405e-05
110,8,600,1.6789145976010906e-05
110,9,600,1.4301687516356316e-05
110,10,600,1.2676505837972446e-05
110,11,600,1.1588048896795187e-05
110,12,600,1.0406836698070708e-05
110,13,600,9.556988913429545e-06
110,14,600,8.855715503542391e-06
110,15,600,8.245394684835399e-06
110,16,600,7.577946364204091e-06
110,17,600,6.9267464512354075e-06
110,18,600,6.511800766498997e-06
110,19,600,6.031902182114304e-06
110,20,600,5.62055432438731e-06
110,21,600,5.336735670138488e-06
110,22,600,5.029424808430792e-06
110,23,600,4.703832672404181e-06
110,24,600,4.515842714394431e-06
110,25,600,4.182453169146596e-06
110,26,600,3.972489485261719e-06
110,27,600,3.703367422914246e-06
110,28,600,3.4832598215105373e-06
110,29,600,3.261815092963316e-06
110,30,600,3.0733345499213196e-06
110,31,600,3.0276593011685218e-06
110,32,600,2.8410950167917208e-06
110,33,600,2.7654333962345843e-06
110,34,600,2.5525736299115174e-06
110,35,600,2.424695252270076e-06
110,36,600,2.3360289446827663e-06
110,37,600,2.2219934330199687e-06
110,38,600,2.089900984078428e-06
110,39,600,2.030718148585277e-06
110,40,600,1.9158340472514327e-06
110,41,600,1.8530181029363074e-06
110,42,600,1.7490369235642185e-06
110,43,600,1.6787141829043223e-06
110,44,600,1.6545342580349439e-06
110,45,600,1.6232334587584774e-06
110,46,600,1.5368469199098687e-06
110,47,600,1.4550303286628869e-06
110,48,600,1.4088018839461971e-06
110,49,600,1.4113963115242338e-06
110,50,600,1.2896021159672513e-06
110,51,600,1.2483711274351087e-06
110,52,600,1.1838966429422726e-06
110,53,600,1.1666021649896146e-06
110,54,600,1.1063515656635566e-06
110,55,600,1.1063911131259375e-06
110,56,600,1.040671745793014e-06
110,57,600,1.0329232093466234e-06
110,58,600,9.782415436108605e-07
110,59,600,9.593062672090463e-07
110,60,600,9.314584043582534e-07
110,61,600,9.22168136472273e-07
110,62,600,8.624663636462509e-07
110,63,600,8.489532400577255e-07
110,64,600,8.220738661030305e-07
110,65,600,7.882871410689212e-07
110,66,600,7.802593308114362e-07
110,67,600,7.386320263728855e-07
110,68,600,7.357175802194673e-07
110,69,600,7.038411946555961e-07
110,70,600,6.956437793429645e-07
110,71,600,6.820212095853524e-07
110,72,600,6.531926017990037e-07
110,73,600,6.279824608674588e-07
110,74,600,6.151024707964768e-07
110,75,600,5.947646950756423e-07
110,76,600,5.837619263023666e-07
110,77,600,5.587748013998574e-07
110,78,600,5.640977777052046e-07
110,79,600,5.529181292654596e-07
110,80,600,5.242905087386947e-07
110,81,600,5.144754658503141e-07
110,82,600,5.761792233502811e-07
110,83,600,5.531510475676489e-07
110,84,600,4.808894555265541e-07
110,85,600,4.469446190270039e-07
110,86,600,4.358075084622359e-07
110,87,600,4.3238122486854986e-07
110,88,600,4.465680949519274e-07
110,89,600,4.328018781351554e-07
110,90,600,4.1280288530144486e-07
110,91,600,4.167931130520006e-07
110,92,600,3.988977258167755e-07
110,93,600,3.9468772435587824e-07
110,94,600,3.6327352799353797e-07
110,95,600,3.744592598758046e-07
110,96,600,3.6039994178712445e-07
110,97,600,3.2726348766381737e-07
110,98,600,3.1223601216592405e-07
110,99,600,3.1096955455579613e-07
110,100,600,3.1898268470118447e-07
110,101,600,3.091835158610784e-07
110,102,600,2.92485702558272e-07
110,103,600,2.984153999370009e-07
110,104,600,3.1540612745199104e-07
110,105,600,2.9345198144207974e-07
110,106,600,2.840755268912768e-07
110,107,600,3.222597459434359e-07
110,108,600,2.805017629725626e-07
110,109,600,2.7866591396057056e-07
110,110,600,2.556774788331495e-07
110,111,600,2.720088631528932e-07
110,112,600,3.236686440363644e-07
110,113,600,2.6672440275146267e-07
110,114,600,2.422213671743041e-07
110,115,600,2.3478534918814676e-07
110,116,600,2.3786162144963451e-07
110,117,600,2.4464181163203217e-07
110,118,600,2.5994579730374765e-07
110,119,600,2.6460508368736077e-07
121,0,600,0.02016613225109483
121,1,600,0.002316859850237195
121,2,600,0.0003795657798611118
121,3,600,0.00010698076159889367
121,4,600,4.991616501923234e-05
121,5,600,3.0123058786557524e-05
121,6,600,2.2183927563003776e-05
121,7,600,1.7030589754684017e-05
121,8,600,1.3435590201544598e-05
121,9,600,1.1085337270120172e-05
121,10,600,9.410735107226892e-06
121,11,600,8.171389029149923e-06
121,12,600,7.127764542689731e-06
121,13,600,6.525497361795524e-06
121,14,600,5.858649757627925e-06
121,15,600,5.1715835788376056e-06
121,16,600,4.628930058683373e-06
121,17,600,4.240495550938679e-06
121,18,600,3.933537583945604e-06
121,19,600,3.5977646252592285e-06
121,20,600,3.485289855569518e-06
121,21,600,3.1749674055965055e-06
121,22,600,2.978008304030242e-06
121,23,600,2.875904114094546e-06
121,24,600,2.65701002035712e-06
121,25,600,2.4759901162054265e-06
121,26,600,2.3975335424390657e-06
121,27,600,2.267594239631427e-06
121,28,600,2.2165271957419466e-06
121,29,600,2.002080337828566e-06
121,30,600,1.870699461386194e-06
121,31,600,1.757547588747337e-06
121,32,600,1.6339551929209656e-06
121,33,600,1.6833338714892113e-06
121,34,600,1.580735539918303e-06
121,35,600,1.5320020147076946e-06
121,36,600,1.428940592368714e-06
121,37,600,1.4296371863278374e-06
121,38,600,1.3039438188475048e-06
121,39,600,1.2251445486742198e-06
121,40,600,1.2722628546749836e-06
121,41,600,1.1667073959200167e-06
121,42,600,1.0906644350047587e-06
121,43,600,1.0866022487215033e-06
121,44,600,9.945267819196152e-07
121,45,600,9.557862352051562e-07
121,46,600,9.648657571628256e-07
121,47,600,9.349858098510978e-07
121,48,600,8.816647086979701e-07
121,49,600,8.358200695487252e-07
121,50,600,8.170258575702113e-07
121,51,600,7.868203433166567e-07
121,52,600,7.477075808095067e-07
121,53,600,7.140108188626695e-07
121,54,600,6.919940987197487e-07
121,55,600,6.824316537739307e-07
121,56,600,6.764443924112129e-07
121,57,600,6.498003300162294e-07
121,58,600,6.274588981257597e-07
121,59,600,6.081693235752316e-07
121,60,600,6.000022662383823e-07
121,61,600,5.762524444052312e-07
121,62,600,5.520302716371062e-07
121,63,600,5.451303909048396e-07
121,64,600,5.228378842945716e-07
121,65,600,5.137508669337733e-07
121,66,600,5.042776773746626e-07
121,67,600,4.930009349903374e-07
121,68,600,4.62867408139956e-07
121,69,600,4.994385230810094e-07
121,70,600,4.6734501989033703e-07
121,71,600,4.3648006543375427e-07
121,72,600,4.2622156444706073e-07
121,73,600,4.1912907375406483e-07
121,74,600,4.1055070446897217e-07
121,75,600,4.0376592425529547e-07
121,76,600,3.9817146841869543e-07
121,77,600,3.8277699969201317e-07
121,78,600,3.846905919521018e-07
121,79,600,3.7193426114874075e-07
121,80,600,3.6565433015012836e-07
121,81,600,3.4962387279560253e-07
121,82,600,3.488107585039152e-07
121,83,600,3.395798237037477e-07
121,84,600,3.2060950176353223e-07
121,85,600,3.1568620656978397e-07
121,86,600,3.0576326679465634e-07
121,87,600,3.312771145589833e-07
121,88,600,3.1284552986071976e-07
121,89,600,2.888972441670184e-07
121,90,600,3.093360084293588e-07
121,91,600,2.847000905154872e-07
121,92,600,2.829966739544656e-07
121,93,600,2.7694942827481914e-07
121,94,600,2.669680282595341e-07
121,95,600,2.623263287809526e-07
121,96,600,2.5470062804575526e-07
121,97,600,2.492527729570707e-07
121,98,600,2.645336169998221e-07
121,99,600,2.484427552106258e-07
121,100,600,2.540325581142162e-07
121,101,600,2.3456120863173916e-07
121,102,600,2.2775012472433637e-07
121,103,600,2.2941727645562235e-07
121,104,600,2.247112225979053e-07
121,105,600,2.3097631694063718e-07
121,106,600,2.1633733576951078e-07
121,107,600,2.141038389200539e-07
121,108,600,2.1480663606684845e-07
121,109,600,2.1787056934236286e-07
121,110,600,2.1903011121307106e-07
121,111,600,2.386567990248822e-07
121,112,600,2.1300734889145568e-07
121,113,600,1.999449461203241e-07
121,114,600,1.9929586278821216e-07
121,115,600,2.0549673925080768e-07
121,116,600,1.9282799813499636e-07
121,117,600,1.8190090766043602e-07
121,118,600,1.823478988764069e-07
121,119,600,1.8742372882223592e-07
132,0,600,0.022758226608857512
132,1,600,0.0041600450600718
132,2,600,0.00048232611474017373
132,3,600,0.0001710002917542098
132,4,600,7.613285078581324e-05
132,5,600,4.505460137328268e-05
132,6,600,3.0147941977606693e-05
132,7,600,2.318878588611321e-05
132,8,600,1.8852082585477833e-05
132,9,600,1.478204297822422e-05
132,10,600,1.2406958424100212e-05
132,11,600,1.037237562310398e-05
132,12,600,9.17634525218378e-06
132,13,600,8.201869966222532e-06
132,14,600,7.34116834600603e-06
132,15,600,6.51996905329916e-06
132,16,600,5.988916633501311e-06
132,17,600,5.512097038119559e-06
132,18,600,5.05889004814794e-06
132,19,600,4.655030341525976e-06
132,20,600,4.2922755686671925e-06
132,21,600,4.006938879205049e-06
132,22,600,3.7586262159924154e-06
132,23,600,3.4746971502835028e-06
132,24,600,3.2431764494551893e-06
132,25,600,3.0686312620194884e-06
132,26,600,2.803521886706125e-06
132,27,600,2.6720025396954085e-06
132,28,600,2.4671814870950915e-06
132,29,600,2.3733245903282577e-06
132,30,600,2.1713167017735124e-06
132,31,600,2.054412588174608e-06
132,32,600,1.9814366013585972e-06
132,33,600,1.8804244841942961e-06
132,34,600,1.730074746463192e-06
132,35,600,1.6198404245259505e-06
132,36,600,1.621222830145167e-06
132,37,600,1.495219623848243e-06
132,38,600,1.4232907634131582e-06
132,39,600,1.3526082269484168e-06
132,40,600,1.3702243291534517e-06
132,41,600,1.300929727078351e-06
132,42,600,1.1788983930440928e-06
132,43,600,1.1549493110937634e-06
132,44,600,1.0931686221594741e-06
132,45,600,1.015154471492439e-06
132,46,600,1.0007640520071666e-06
132,47,600,9.432455894248531e-07
132,48,600,9.302388605192391e-07
132,49,600,9.013213455869175e-07
132,50,600,8.3374161102998e-07
132,51,600,8.120698219882844e-07
132,52,600,7.905159656885236e-07
132,53,600,7.667046789169704e-07
132,54,600,7.385996688550509e-07
132,55,600,6.961793780802557e-07
132,56,600,6.524519594258412e-07
132,57,600,6.36701961441663e-07
132,58,600,6.249230379676431e-07
132,59,600,6.34653070326414e-07
132,60,600,6.040073302708488e-07
132,61,600,5.778765524299065e-07
132,62,600,5.567650546074794e-07
132,63,600,5.549333411037975e-07
132,64,600,5.033816689236023e-07
132,65,600,4.894796331343873e-07
132,66,600,4.831166013206568e-07
132,67,600,4.7350010935301e-07
132,68,600,4.7102405550216834e-07
132,69,600,4.585417069859576e-07
132,70,600,4.2845272338653505e-07
132,71,600,4.2801545912664687e-07
132,72,600,4.1363828842122533e-07
132,73,600,4.158684816957248e-07
132,74,600,3.959410310914647e-07
132,75,600,4.0095065281476357e-07
132,76,600,3.75916245706034e-07
132,77,600,3.771113658726072e-07
132,78,600,3.7322041103942336e-07
132,79,600,3.7351410819490793e-07
132,80,600,3.5754496776151325e-07
132,81,600,3.586195569931461e-07
132,82,600,3.4069498410285875e-07
132,83,600,3.299577014702567e-07
132,84,600,3.155422998259526e-07
132,85,600,3.198650173736066e-07
132,86,600,2.978962376986553e-07
132,87,600,2.9846830455569844e-07
132,88,600,3.069689730008768e-07
132,89,600,2.941890956339864e-07
132,90,600,2.8749862560803915e-07
132,91,600,2.890105119341139e-07
132,92,600,2.864820634846709e-07
132,93,600,2.764269504944806e-07
132,94,600,2.6626526297497164e-07
132,95,600,2.714367662286733e-07
132,96,600,2.6259473637418e-07
132,97,600,2.459052987247608e-07
132,98,600,2.4328916960090096e-07
132,99,600,2.4046709706968417e-07
132,100,600,2.397058069977662e-07
132,101,600,2.519168091159946e-07
132,102,600,2.391767121199145e-07
132,103,600,2.392392654601999e-07
132,104,600,2.2967214963081892e-07
132,105,600,2.2629240351977246e-07
132,106,600,2.2385520289366183e-07
132,107,600,2.0520707147098665e-07
132,108,600,2.077715804130333e-07
132,109,600,2.1442005698932723e-07
132,110,600,2.0638995556809232e-07
132,111,600,1.9974287973330943e-07
132,112,600,2.0917786273637254e-07
132,113,600,1.9280023756688312e-07
132,114,600,2.0208672065348911e-07
132,115,600,1.8757271602142184e-07
132,116,600,1.8238986824240111e-07
132,117,600,1.7988084879873079e-07
132,118,600,1.7830047692326079e-07
132,119,600,1.701173420611356e-07
143,0,600,0.020481415508363986
143,1,600,0.002005834455791812
143,2,600,0.00031195050189700477
143,3,600,8.361046480116017e-05
143,4,600,4.24255690775585e-05
143,5,600,2.9624631889945655e-05
143,6,600,2.3212894154168775e-05
143,7,600,1.8944958619134634e-05
143,8,600,1.5757333149897597e-05
143,9,600,1.3308028170094508e-05
143,10,600,1.1499092493307361e-05
143,11,600,9.89356668038741e-06
143,12,600,8.648550429394449e-06
143,13,600,7.68224316935199e-06
143,14,600,6.796832870972331e-06
143,15,600,6.126799996165669e-06
143,16,600,5.509010720504049e-06
143,17,600,5.029233548875229e-06
143,18,600,4.707529035984311e-06
143,19,600,4.26602281980817e-06
143,20,600,3.9540102833550354e-06
143,21,600,3.614334444759343e-06
143,22,600,3.4135030953046607e-06
143,23,600,3.124598927235255e-06
143,24,600,3.0133538847334613e-06
143,25,600,2.763881573293091e-06
143,26,600,2.594042927596188e-06
143,27,600,2.465211679535921e-06
143,28,600,2.3239028857795732e-06
143,29,600,2.2102432790473504e-06
143,30,600,2.0231519065897664e-06
143,31,600,1.9124003690768933e-06
143,32,600,1.8624958048157598e-06
143,33,600,1.7178460959592865e-06
143,34,600,1.6334238658170136e-06
143,35,600,1.5146189543644906e-06
143,36,600,1.4729860900412239e-06
143,37,600,1.4037716081666554e-06
143,38,600,1.314077793255676e-06
143,39,600,1.2639926826283812e-06
143,40,600,1.2283048542820706e-06
143,41,600,1.2410831552164096e-06
143,42,600,1.181479841474548e-06
143,43,600,1.101026052047497e-06
143,44,600,1.0326887113957413e-06
143,45,600,1.0304906625510501e-06
143,46,600,9.93477718075634e-07
143,47,600,9.64766523063525e-07
143,48,600,9.640965396030018e-07
143,49,600,9.083073334032201e-07
143,50,600,8.838193154085609e-07
143,51,600,8.107282580663434e-07
143,52,600,7.974002597309568e-07
143,53,600,7.82913377861405e-07
143,54,600,7.797535386687645e-07
143,55,600,7.48851563888533e-07
143,56,600,6.996469162339436e-07
143,57,600,6.98203424582588e-07
143,58,600,6.74186482061295e-07
143,59,600,6.511325924102015e-07
143,60,600,6.211513030058613e-07
143,61,600,6.2029917124188e-07
143,62,600,6.046542278239175e-07
143,63,600,5.859652626321277e-07
143,64,600,5.62842868583558e-07
143,65,600,5.429674594755565e-07
143,66,600,5.381610344257799e-07
143,67,600,5.096194154487564e-07
143,68,600,4.949834241666682e-07
143,69,600,5.124399794603483e-07
143,70,600,4.796900577431237e-07
143,71,600,4.583320134088353e-07
143,72,600,4.797446758917239e-07
143,73,600,4.3197317633090094e-07
143,74,600,4.219669308799655e-07
143,75,600,4.097153726278473e-07
143,76,600,4.2510588131287805e-07
143,77,600,4.19726443935456e-07
143,78,600,3.9838202855877937e-07
143,79,600,3.771562928166436e-07
143,80,600,3.8989982308042897e-07
143,81,600,3.6332539402313785e-07
143,82,600,3.786425072336753e-07
143,83,600,3.4924935978085017e-07
143,84,600,3.4840469043585567e-07
143,85,600,3.514257642971068e-07
143,86,600,3.569038818496713e-07
143,87,600,3.241211153318832e-07
143,88,600,3.4433729019000515e-07
143,89,600,3.0035607180348287e-07
143,90,600,3.020664847422507e-07
143,91,600,3.019716869726165e-07
143,92,600,3.072142992490817e-07
143,93,600,2.8146628135585305e-07
143,94,600,3.137350272721194e-07
143,95,600,3.088821286885497e-07
143,96,600,3.116915509412808e-07
143,97,600,2.8832497372078297e-07
143,98,600,2.844015595003743e-07
143,99,600,2.5207053892616287e-07
143,100,600,2.383874939787826e-07
143,101,600,2.389805891611056e-07
143,102,600,2.453187053076458e-07
143,103,600,2.39463431596146e-07
143,104,600,2.4132685333119006e-07
143,105,600,2.430860540788384e-07
143,106,600,2.6745431735040066e-07
143,107,600,2.5013700569556215e-07
143,108,600,2.4472511057638257e-07
143,109,600,2.2703349817208477e-07
143,110,600,2.2678829832569277e-07
143,111,600,2.2038268196554686e-07
143,112,600,2.1807607176445964e-07
143,113,600,1.9501635857989782e-07
143,114,600,2.0637772024656442e-07
143,115,600,2.1009807481600783e-07
143,116,600,2.3180082100799682e-07
143,117,600,2.430679611925849e-07
143,118,600,1.8744485243503637e-07
143,119,600,1.8726360165924475e-07
154,0,596,0.018434451261878405
154,1,596,0.0016996642426085216
154,2,596,0.0003437877640336458
154,3,596,0.00010743826898856482
154,4,596,5.654222416189059e-05
154,5,596,4.031681767772075e-05
154,6,596,3.106698267832766e-05
154,7,596,2.4662962833214188e-05
154,8,596,2.0309483586874864e-05
154,9,596,1.7426763420907693e-05
154,10,596,1.4658685440257326e-05
154,11,596,1.2796972810304541e-05
154,12,596,1.1305598089070131e-05
154,13,596,9.894858191584815e-06
154,14,596,9.017105759611647e-06
154,15,596,8.146599039767018e-06
154,16,596,7.37793432228117e-06
154,17,596,6.762623953411668e-06
154,18,596,6.324794955952185e-06
154,19,596,5.841220926365502e-06
154,20,596,5.297602616625035e-06
154,21,596,4.842524456188058e-06
154,22,596,4.529539115824981e-06
154,23,596,4.056704189057009e-06
154,24,596,3.8605328810310885e-06
154,25,596,3.687539164706035e-06
154,26,596,3.413943764634927e-06
154,27,596,3.1612717449254556e-06
154,28,596,3.0455949399765816e-06
154,29,596,2.851501990095896e-06
154,30,596,2.6421124582492134e-06
154,31,596,2.51291785748196e-06
154,32,596,2.366403824501168e-06
154,33,596,2.3391805622228086e-06
154,34,596,2.1954967977714993e-06
154,35,596,2.0490074970630783e-06
154,36,596,1.95569122129918e-06
154,37,596,1.9210840485739985e-06
154,38,596,1.7441973945527644e-06
154,39,596,1.7396282385705394e-06
154,40,596,1.6250972916359866e-06
154,41,596,1.5174328741283574e-06
154,42,596,1.46345134609012e-06
154,43,596,1.4121812700738556e-06
154,44,596,1.295608858766316e-06
154,45,596,1.231617934655859e-06
154,46,596,1.1723731601801102e-06
154,47,596,1.1589323357360338e-06
154,48,596,1.099349071266356e-06
154,49,596,1.0991883653476086e-06
154,50,596,1.0119173515776262e-06
154,51,596,9.578558804509828e-07
154,52,596,9.325030475793029e-07
154,53,596,8.834921854223035e-07
154,54,596,8.42547248531015e-07
154,55,596,8.48598727998251e-07
154,56,596,8.230040039411267e-07
154,57,596,7.683489708429797e-07
154,58,596,7.387172576943014e-07
154,59,596,7.167895178458583e-07
154,60,596,7.003296807876101e-07
154,61,596,6.6446091953989e-07
154,62,596,6.393543302644839e-07
154,63,596,6.603925926715182e-07
154,64,596,6.113824476391242e-07
154,65,596,5.846458001793794e-07
154,66,596,6.063755886555699e-07
154,67,596,5.53649016859182e-07
154,68,596,5.430448296513197e-07
154,69,596,5.050990976865489e-07
154,70,596,5.105862956761006e-07
154,71,596,4.804837157292384e-07
154,72,596,4.677597298783248e-07
154,73,596,4.5098746044770555e-07
154,74,596,4.596780734956204e-07
154,75,596,4.3089813220232925e-07
154,76,596,4.217738974357657e-07
154,77,596,4.0084368868364386e-07
154,78,596,4.157799690131612e-07
154,79,596,4.0520646079681007e-07
154,80,596,3.926835479193725e-07
154,81,596,3.7140678668229637e-07
154,82,596,3.8180466189810666e-07
154,83,596,3.8004698904172214e-07
154,84,596,3.6069930974678615e-07
154,85,596,3.577569824947682e-07
154,86,596,3.3381730341824027e-07
154,87,596,3.3440918394645496e-07
154,88,596,3.372981596109975e-07
154,89,596,3.2618644070225854e-07
154,90,596,3.268404885590682e-07
154,91,596,3.1125740843220377e-07
154,92,596,3.21971032235524e-07
154,93,596,3.138666932344629e-07
154,94,596,3.049852313994818e-07
154,95,596,3.056756514153772e-07
154,96,596,2.8399813584799535e-07
154,97,596,2.77612389703264e-07
154,98,596,2.953063335852627e-07
154,99,596,2.973968366261129e-07
154,100,596,2.983648639686085e-07
154,101,596,2.675736903998576e-07
154,102,596,2.8273788007924707e-07
154,103,596,2.7791380357724084e-07
154,104,596,2.6119883605253176e-07
154,105,596,2.5466576889393283e-07
154,106,596,2.6293400878785173e-07
154,107,596,2.393615455269738e-07
154,108,596,2.417329153409379e-07
154,109,596,2.299619952707058e-07
154,110,596,2.2365462595380927e-07
154,111,596,2.2074764169581994e-07
154,112,596,2.2353472695313987e-07
154,113,596,1.989551814056923e-07
154,114,596,2.229877403100258e-07
154,115,596,2.199283586216887e-07
154,116,596,2.093918135863915e-07
154,117,596,2.1412089314241572e-07
154,118,596,2.0034947118873742e-07
154,119,596,1.9805760886308572e-07
165,0,600,0.019170007802006835
165,1,600,0.001933596595221101
165,2,600,0.0003855756101026935
165,3,600,0.00012124397081175918
165,4,600,6.118152264925333e-05
165,5,600,3.9091310253225904e-05
165,6,600,2.7880793267717025e-05
165,7,600,2.1804302655494352e-05
165,8,600,1.767523133725933e-05
165,9,600,1.4914122469858023e-05
165,10,600,1.288287932383307e-05
165,11,600,1.1342846367992215e-05
165,12,600,1.0377364158461873e-05
165,13,600,9.000567914833818e-06
165,14,600,8.109200816282905e-06
165,15,600,7.472816612694022e-06
165,16,600,6.791781769559174e-06
165,17,600,6.378506087027123e-06
165,18,600,5.777513120177134e-06
165,19,600,5.559168044113137e-06
165,20,600,4.932724737284987e-06
165,21,600,4.657191141775815e-06
165,22,600,4.303812803348255e-06
165,23,600,4.329434770960162e-06
165,24,600,3.984036471880054e-06
165,25,600,3.6910325206918054e-06
165,26,600,3.4547838475574327e-06
165,27,600,3.31636093075136e-06
165,28,600,3.069163987770719e-06
165,29,600,2.912676934915668e-06
165,30,600,2.6819186814464046e-06
165,31,600,2.53870938003705e-06
165,32,600,2.4465299798305893e-06
165,33,600,2.3502579360386955e-06
165,34,600,2.224566604749462e-06
165,35,600,2.1245228511265613e-06
165,36,600,2.015939659079442e-06
165,37,600,1.9531429045041716e-06
165,38,600,1.8388365668598504e-06
165,39,600,1.731118484378002e-06
165,40,600,1.68746069831334e-06
165,41,600,1.5957409238198078e-06
165,42,600,1.5299771192937776e-06
165,43,600,1.4937534358164396e-06
165,44,600,1.4120824833920971e-06
165,45,600,1.3932877717898488e-06
165,46,600,1.3165951043591024e-06
165,47,600,1.287087723922971e-06
165,48,600,1.293727474436118e-06
165,49,600,1.1843336147577294e-06
165,50,600,1.1256137102727256e-06
165,51,600,1.0816938679693668e-06
165,52,600,1.0815867139363514e-06
165,53,600,1.0598244270304826e-06
165,54,600,1.0292875117556831e-06
165,55,600,9.82145025462064e-07
165,56,600,9.520675447267998e-07
165,57,600,9.003054748590282e-07
165,58,600,9.163386766287755e-07
165,59,600,8.330175759104013e-07
165,60,600,7.970106552372608e-07
165,61,600,8.187992926578821e-07
165,62,600,7.685851139620737e-07
165,63,600,7.278206725770456e-07
165,64,600,7.206873253775676e-07
165,65,600,6.813111823296487e-07
165,66,600,6.563454628636272e-07
165,67,600,6.487104482594555e-07
165,68,600,6.677919733539582e-07
165,69,600,6.498268060352672e-07
165,70,600,6.060590418667886e-07
165,71,600,6.033933763211806e-07
165,72,600,6.151023242002912e-07
165,73,600,5.693604607945178e-07
165,74,600,5.235945753599338e-07
165,75,600,4.993176768146823e-07
165,76,600,4.845942431517726e-07
165,77,600,4.969715833244423e-07
165,78,600,4.781292843565672e-07
165,79,600,4.6272460954361637e-07
165,80,600,4.997648577081667e-07
165,81,600,4.6161444037065127e-07
165,82,600,4.7020126167377684e-07
165,83,600,4.4195811477421613e-07
165,84,600,4.0328425182236206e-07
165,85,600,3.993196544701947e-07
165,86,600,3.847832217436582e-07
165,87,600,4.0298141327280307e-07
165,88,600,3.781108389196225e-07
165,89,600,3.66690843490783e-07
165,90,600,3.4871937889360386e-07
165,91,600,3.4457702072718114e-07
165,92,600,3.415228834425857e-07
165,93,600,3.303935856317702e-07
165,94,600,3.161799927092464e-07
165,95,600,3.345892737702104e-07
165,96,600,3.222204660938874e-07
165,97,600,2.9731374448709554e-07
165,98,600,2.9860195973852617e-07
165,99,600,2.9904866561549315e-07
165,100,600,2.716134474667342e-07
165,101,600,2.8260506049467665e-07
165,102,600,2.8155680405162506e-07
165,103,600,2.8295141223260977e-07
165,104,600,2.786777736667701e-07
165,105,600,2.5729423543309266e-07
165,106,600,2.5119067430523496e-07
165,107,600,2.575933749719632e-07
165,108,600,2.384895051782702e-07
165,109,600,2.3195139368980516e-07
165,110,600,2.2476159888116709e-07
165,111,600,2.4409014617719406e-07
165,112,600,2.5016563548182317e-07
165,113,600,2.3909750133928975e-07
165,114,600,2.3377277448102364e-07
165,115,600,2.388812407018218e-07
165,116,600,2.1172458051104945e-07
165,117,600,2.135329321923133e-07
165,118,600,1.904647030782694e-07
165,119,600,1.9783427234187912e-07
176,0,600,0.021079056589913214
176,1,600,0.002578104193334615
176,2,600,0.0004092618365814959
176,3,600,0.00013077632519477783
176,4,600,6.657882840954697e-05
176,5,600,4.23196263574554e-05
176,6,600,2.9346987943618413e-05
176,7,600,2.1398570041990178e-05
176,8,600,1.6467100895648688e-05
176,9,600,1.270972141738687e-05
176,10,600,1.0332840778765354e-05
176,11,600,8.537138814733081e-06
176,12,600,7.503530081234395e-06
176,13,600,6.761587979111171e-06
176,14,600,6.035866734141325e-06
176,15,600,5.812000821797962e-06
176,16,600,5.139375343787833e-06
176,17,600,4.8636888646127e-06
176,18,600,4.588664729740949e-06
176,19,600,4.3032211339634255e-06
176,20,600,4.038235342226184e-06
176,21,600,3.836874204927497e-06
176,22,600,3.747849535485377e-06
176,23,600,3.7698289445056853e-06
176,24,600,3.4872875235841527e-06
176,25,600,3.2442712525057442e-06
176,26,600,3.2090599449331515e-06
176,27,600,3.054349446373587e-06
176,28,600,2.9558661181956846e-06
176,29,600,2.8058055632802856e-06
176,30,600,2.7467904398068453e-06
176,31,600,2.6610658946274744e-06
176,32,600,2.5228517607071183e-06
176,33,600,2.550891484756185e-06
176,34,600,2.417683024185336e-06
176,35,600,2.295635299800013e-06
176,36,600,2.244886262528062e-06
176,37,600,2.177616452651196e-06
176,38,600,2.0653136181480427e-06
176,39,600,2.0388478333188686e-06
176,40,600,1.978795751256257e-06
176,41,600,1.9224632446342806e-06
176,42,600,1.855024086245593e-06
176,43,600,1.7498130600152332e-06
176,44,600,1.6875167399408192e-06
176,45,600,1.7200506937641828e-06
176,46,600,1.6323220674358276e-06
176,47,600,1.5913805794441846e-06
176,48,600,1.5566934316187767e-06
176,49,600,1.4740185933030595e-06
176,50,600,1.4454359290395685e-06
176,51,600,1.4003628363848533e-06
176,52,600,1.401677591753756e-06
176,53,600,1.3659512570771575e-06
176,54,600,1.2850589081082085e-06
176,55,600,1.2712615270366336e-06
176,56,600,1.1876496261576998e-06
176,57,600,1.1734837710862754e-06
176,58,600,1.1133854699389639e-06
176,59,600,1.1261576440502771e-06
176,60,600,1.0983490890219784e-06
176,61,600,1.0762243230027181e-06
176,62,600,1.0933601309285512e-06
176,63,600,1.005307891127335e-06
176,64,600,9.75571682422589e-07
176,65,600,9.485141166159767e-07
176,66,600,9.524385554390105e-07
176,67,600,9.859892250125612e-07
176,68,600,9.335182144959137e-07
176,69,600,8.796576642118069e-07
176,70,600,8.643503789292147e-07
176,71,600,8.652442829770735e-07
176,72,600,8.052135174957106e-07
176,73,600,7.921510347698226e-07
176,74,600,7.704567089580162e-07
176,75,600,7.453928599500757e-07
176,76,600,7.479813545710625e-07
176,77,600,7.583559582407792e-07
176,78,600,7.3251494481347e-07
176,79,600,7.076635723167687e-07
176,80,600,7.181183542271403e-07
176,81,600,6.78172452389366e-07
176,82,600,6.472150406161266e-07
176,83,600,6.221242822328732e-07
176,84,600,6.315663501697455e-07
176,85,600,6.108592958155083e-07
176,86,600,6.011429799232966e-07
176,87,600,5.920822774753202e-07
176,88,600,5.991946095132574e-07
176,89,600,5.804846803190037e-07
176,90,600,5.826635527371667e-07
176,91,600,5.593066966388219e-07
176,92,600,5.452738096927965e-07
176,93,600,5.062738641694714e-07
176,94,600,5.122242344525244e-07
176,95,600,5.010958106092739e-07
176,96,600,4.6412864916969975e-07
176,97,600,4.598904654896711e-07
176,98,600,4.5728395913389065e-07
176,99,600,4.615170979604954e-07
176,100,600,4.4818779806040483e-07
176,101,600,4.221551464704469e-07
176,102,600,4.321090172927718e-07
176,103,600,4.296489600775251e-07
176,104,600,4.283195005128666e-07
176,105,600,4.2026393466106746e-07
176,106,600,4.0026967015269054e-07
176,107,600,3.990297081576213e-07
176,108,600,3.851187364333734e-07
176,109,600,3.605078418152181e-07
176,110,600,3.848266475726728e-07
176,111,600,3.790952815195755e-07
176,112,600,3.616061145581434e-07
176,113,600,3.602200739518786e-07
176,114,600,3.543823211023329e-07
176,115,600,3.3932198053470964e-07
176,116,600,3.2390212927686275e-07
176,117,600,3.392305480450599e-07
176,118,600,3.3786617181201446e-07
176,119,600,3.4687212582029086e-07
187,0,600,0.025600675821892526
187,1,600,0.004205766612492305
187,2,600,0.00041020150881530224
187,3,600,0.00012273582504253446
187,4,600,5.771102788505805e-05
187,5,600,3.8979757023059244e-05
187,6,600,2.8883062144526966e-05
187,7,600,2.2694742552917697e-05
187,8,600,1.8520225938501478e-05
187,9,600,1.5800961088978893e-05
187,10,600,1.3468963626157922e-05
187,11,600,1.2006071505024202e-05
187,12,600,1.0585116522059635e-05
187,13,600,9.046331893171697e-06
187,14,600,8.028463485300707e-06
187,15,600,7.448663391666119e-06
187,16,600,6.582571849752353e-06
187,17,600,5.983733497391528e-06
187,18,600,5.4698579142017196e-06
187,19,600,5.071669828507048e-06
187,20,600,4.7145883232396475e-06
187,21,600,4.454063337346413e-06
187,22,600,4.275298212968138e-06
187,23,600,3.975524837666231e-06
187,24,600,3.7355121225788795e-06
187,25,600,3.644225715728872e-06
187,26,600,3.448391795532906e-06
187,27,600,3.20701144334491e-06
187,28,600,3.079327611406992e-06
187,29,600,2.991326137864809e-06
187,30,600,2.762357266156438e-06
187,31,600,2.6447393135018307e-06
187,32,600,2.5299086030970912e-06
187,33,600,2.4724382456042805e-06
187,34,600,2.4033091628888018e-06
187,35,600,2.2692346000870826e-06
187,36,600,2.2405384494337148e-06
187,37,600,2.0949825248432094e-06
187,38,600,2.018264790661449e-06
187,39,600,1.9407381506952286e-06
187,40,600,1.8614287910168062e-06
187,41,600,1.8646622122201062e-06
187,42,600,1.7214853283133525e-06
187,43,600,1.67869795321071e-06
187,44,600,1.6017588348547994e-06
187,45,600,1.507673900840401e-06
187,46,600,1.4750269219563817e-06
187,47,600,1.4415348304234949e-06
187,48,600,1.3496921586633298e-06
187,49,600,1.3365801123654817e-06
187,50,600,1.2739129559984004e-06
187,51,600,1.2457673954869326e-06
187,52,600,1.189579060529037e-06
187,53,600,1.1109096165359675e-06
187,54,600,1.0923987552383836e-06
187,55,600,1.0667355575988997e-06
187,56,600,1.032261752099753e-06
187,57,600,1.037710332615174e-06
187,58,600,9.985500271700164e-07
187,59,600,9.327368577248164e-07
187,60,600,9.144313818715571e-07
187,61,600,8.932886367730183e-07
187,62,600,8.572319613545245e-07
187,63,600,8.184872309644369e-07
187,64,600,8.045474574277921e-07
187,65,600,7.733185124212277e-07
187,66,600,7.564399646454198e-07
187,67,600,7.35264599203028e-07
187,68,600,7.109581522519492e-07
187,69,600,6.978155020557383e-07
187,70,600,6.651624974701437e-07
187,71,600,6.353716834813607e-07
187,72,600,6.303329963717069e-07
187,73,600,6.250456626850408e-07
187,74,600,6.051943026812679e-07
187,75,600,5.879047119163404e-07
187,76,600,5.729952812017521e-07
187,77,600,5.640971793534271e-07
187,78,600,5.460759802800616e-07
187,79,600,5.409864983400774e-07
187,80,600,5.284318527736488e-07
187,81,600,5.243689118192138e-07
187,82,600,5.300905166605891e-07
187,83,600,5.045708695960409e-07
187,84,600,5.064017778678183e-07
187,85,600,4.983481031068119e-07
187,86,600,4.7142108733647833e-07
187,87,600,4.823005751500444e-07
187,88,600,4.465619835364601e-07
187,89,600,4.394059625443142e-07
187,90,600,4.4877676977624736e-07
187,91,600,4.3586113035512667e-07
187,92,600,4.2001438068358483e-07
187,93,600,4.0187883987647705e-07
187,94,600,4.0546303493652216e-07
187,95,600,3.9717355931363845e-07
187,96,600,4.1978531262549573e-07
187,97,600,3.9141222944899233e-07
187,98,600,4.019832664725025e-07
187,99,600,3.6549154787591854e-07
187,100,600,3.839744664446698e-07
187,101,600,3.7698697601746585e-07
187,102,600,3.576170271164876e-07
187,103,600,3.422476656791523e-07
187,104,600,3.2607968262853225e-07
187,105,600,3.187150889965252e-07
187,106,600,3.2113418731234177e-07
187,107,600,3.3681546033161993e-07
187,108,600,3.223856252457393e-07
187,109,600,3.1702229878910176e-07
187,110,600,3.2578204689726645e-07
187,111,600,3.076967496141199e-07
187,112,600,2.843609157827431e-07
187,113,600,2.758977571129674e-07
187,114,600,2.885678094045081e-07
187,115,600,2.9224288033746184e-07
187,116,600,2.7497751504094926e-07
187,117,600,2.8238232928108693e-07
187,118,600,2.6566151279295904e-07
187,119,600,2.587132271221555e-07
198,0,600,0.018749646069236885
198,1,600,0.0013133237089373562
198,2,600,0.0002699515182987517
198,3,600,7.437552707606781e-05
198,4,600,3.8843142771695156e-05
198,5,600,2.732194680950335e-05
198,6,600,2.158955873088225e-05
198,7,600,1.7637205114863863e-05
198,8,600,1.4601846722048085e-05
198,9,600,1.222983387139577e-05
198,10,600,1.03359526244611e-05
198,11,600,8.98759351337886e-06
198,12,600,7.561443247763427e-06
198,13,600,6.797228132582907e-06
198,14,600,5.9399853231106565e-06
198,15,600,5.428223013089002e-06
198,16,600,4.991428508411015e-06
198,17,600,4.483226006126833e-06
198,18,600,4.127889434656888e-06
198,19,600,3.94057231125388e-06
198,20,600,3.72292334209066e-06
198,21,600,3.405120488471431e-06
198,22,600,3.234949242955496e-06
198,23,600,2.973234541059355e-06
198,24,600,2.789156456186136e-06
198,25,600,2.6634845378219706e-06
198,26,600,2.527879188930551e-06
198,27,600,2.4233176980870714e-06
198,28,600,2.2631584466867748e-06
198,29,600,2.202969547900131e-06
198,30,600,2.0662221507001573e-06
198,31,600,1.9901643177514703e-06
198,32,600,1.8185263307283383e-06
198,33,600,1.804543275116693e-06
198,34,600,1.761146210667089e-06
198,35,600,1.6064697517417936e-06
198,36,600,1.5514038200068935e-06
198,37,600,1.433683071713619e-06
198,38,600,1.393138913236295e-06
198,39,600,1.3327723518398816e-06
198,40,600,1.2795100540068616e-06
198,41,600,1.2489287458169872e-06
198,42,600,1.2071841357091648e-06
198,43,600,1.0976866711213291e-06
198,44,600,1.080849270800555e-06
198,45,600,1.0138308479518424e-06
198,46,600,9.825516892641118e-07
198,47,600,9.67137009111914e-07
198,48,600,9.186487791100118e-07
198,49,600,8.959464947254577e-07
198,50,600,8.387440291962295e-07
198,51,600,7.904984882818674e-07
198,52,600,7.898250445530146e-07
198,53,600,7.652686633718986e-07
198,54,600,7.42242352502169e-07
198,55,600,6.821301499975992e-07
198,56,600,6.612658811072355e-07
198,57,600,6.621826646311858e-07
198,58,600,6.251969387293636e-07
198,59,600,6.133996923776258e-07
198,60,600,5.917236305058875e-07
198,61,600,5.598339030436699e-07
198,62,600,5.601768889032668e-07
198,63,600,5.703322147466776e-07
198,64,600,5.281039832245944e-07
198,65,600,5.074129646979936e-07
198,66,600,4.930482954310527e-07
198,67,600,4.799558402175151e-07
198,68,600,4.6116174761018074e-07
198,69,600,4.298074968214917e-07
198,70,600,4.2640212412654935e-07
198,71,600,4.1727582841208216e-07
198,72,600,4.0119531556564126e-07
198,73,600,4.031618710829016e-07
198,74,600,4.013652446282753e-07
198,75,600,3.8859146551311306e-07
198,76,600,3.951619129039548e-07
198,77,600,3.7326491233096407e-07
198,78,600,3.6541698187576055e-07
198,79,600,3.5237604033741983e-07
198,80,600,3.348205970161488e-07
198,81,600,3.389011752119586e-07
198,82,600,3.3417916002140136e-07
198,83,600,3.0981032966194203e-07
198,84,600,3.121757533551174e-07
198,85,600,3.093936533404255e-07
198,86,600,2.798431848448576e-07
198,87,600,2.8908443186394017e-07
198,88,600,2.753536848917735e-07
198,89,600,2.7839996611670646e-07
198,90,600,2.677868548660531e-07
198,91,600,2.716075478677962e-07
198,92,600,2.643402835569999e-07
198,93,600,2.599041638374824e-07
198,94,600,2.674094405183257e-07
198,95,600,2.612915618047545e-07
198,96,600,2.5792511376278667e-07
198,97,600,2.413512471608364e-07
198,98,600,2.4276162595003226e-07
198,99,600,2.285264955048661e-07
198,100,600,2.3585218437909523e-07
198,101,600,2.4732226716208207e-07
198,102,600,2.3739300176155093e-07
198,103,600,2.231125082486965e-07
198,104,600,2.0977287047535834e-07
198,105,600,2.0305093619598618e-07
198,106,600,2.1500215371804045e-07
198,107,600,2.1426276578937945e-07
198,108,600,2.1252289083182214e-07
198,109,600,2.1798766738356787e-07
198,110,600,2.2650090555412374e-07
198,111,600,2.0024217373828069e-07
198,112,600,1.935457562452532e-07
198,113,600,1.9071919244819775e-07
198,114,600,1.9043685702064594e-07
198,115,600,1.781812898490156e-07
198,116,600,1.8066185845100335e-07
198,117,600,1.8567499137732644e-07
198,118,600,1.9600162181931362e-07
198,119,600,1.830188706644788e-07
209,0,600,0.017031336024305538
209,1,600,0.0010271957583762215
209,2,600,0.00024042420853603337
209,3,600,8.160795024243845e-05
209,4,600,4.2648469618717695e-05
209,5,600,2.934009981369232e-05
209,6,600,2.263725186103808e-05
209,7,600,1.8753003333633962e-05
209,8,600,1.585226799235036e-05
209,9,600,1.3675946009147752e-05
209,10,600,1.192383637029898e-05
209,11,600,1.0567482001390187e-05
209,12,600,9.447414391903104e-06
209,13,600,8.554274886831223e-06
209,14,600,7.704923674330194e-06
209,15,600,7.056951366585532e-06
209,16,600,6.5368070935571605e-06
209,17,600,6.148182192670279e-06
209,18,600,5.849213915242121e-06
209,19,600,5.629421916876852e-06
209,20,600,5.241707573364501e-06
209,21,600,4.827456546320862e-06
209,22,600,4.492232708224421e-06
209,23,600,4.339875393174895e-06
209,24,600,4.07712433403312e-06
209,25,600,3.7547430769049435e-06
209,26,600,3.5048306926910296e-06
209,27,600,3.2709589325014873e-06
209,28,600,3.0399431783447844e-06
209,29,600,2.8852277439814074e-06
209,30,600,2.7154577130778837e-06
209,31,600,2.5657164027698423e-06
209,32,600,2.4226138628747373e-06
209,33,600,2.483393602329e-06
209,34,600,2.2154067054495836e-06
209,35,600,2.0673606483892636e-06
209,36,600,2.0011117307579918e-06
209,37,600,1.8537887662636136e-06
209,38,600,1.7487380001799275e-06
209,39,600,1.6312197981517925e-06
209,40,600,1.5543922508617181e-06
209,41,600,1.5464576539383608e-06
209,42,600,1.4312092186006147e-06
209,43,600,1.4177121921707832e-06
209,44,600,1.3548948596795335e-06
209,45,600,1.2389280635417027e-06
209,46,600,1.1770464993787757e-06
209,47,600,1.15042616447394e-06
209,48,600,1.0413309640075326e-06
209,49,600,1.0266381907872291e-06
209,50,600,9.582711635103857e-07
209,51,600,1.0017890112497919e-06
209,52,600,9.017200810783259e-07
209,53,600,8.588733087914368e-07
209,54,600,8.418180064046809e-07
209,55,600,7.701831532956835e-07
209,56,600,7.212917942548589e-07
209,57,600,7.337486890360434e-07
209,58,600,7.062670662387398e-07
209,59,600,6.938397916655959e-07
209,60,600,6.235198758244415e-07
209,61,600,6.211567964735303e-07
209,62,600,5.979403322510878e-07
209,63,600,5.654010988708155e-07
209,64,600,5.591303387351026e-07
209,65,600,5.218190566617858e-07
209,66,600,5.054946547333153e-07
209,67,600,5.178363089068003e-07
209,68,600,5.044545640717651e-07
209,69,600,5.007993279018831e-07
209,70,600,4.789607658040041e-07
209,71,600,4.5239245549198945e-07
209,72,600,4.5558066882509405e-07
209,73,600,4.124655519215019e-07
209,74,600,3.9333875224058015e-07
209,75,600,3.947906265011624e-07
209,76,600,4.09409614570378e-07
209,77,600,4.0029731415439817e-07
209,78,600,3.7430531652884573e-07
209,79,600,3.8129450657427366e-07
209,80,600,3.6404197741926743e-07
209,81,600,3.582546089307327e-07
209,82,600,3.4331738941330653e-07
209,83,600,3.3701677825535486e-07
209,84,600,3.373743369724922e-07
209,85,600,3.3017126309244446e-07
209,86,600,3.1516973915825624e-07
209,87,600,3.3006661390955783e-07
209,88,600,3.2328892655785145e-07
209,89,600,3.142194366408771e-07
209,90,600,2.7506279408091933e-07
209,91,600,2.7341353643350884e-07
209,92,600,2.95074865986958e-07
209,93,600,2.7450066838989527e-07
209,94,600,2.8905228960315745e-07
209,95,600,2.6594278502419624e-07
209,96,600,2.586980093161927e-07
209,97,600,2.466193028507597e-07
209,98,600,2.6191204354793295e-07
209,99,600,2.412268835583793e-07
209,100,600,2.3173495175174855e-07
209,101,600,2.312275362059106e-07
209,102,600,2.3539779603927515e-07
209,103,600,2.208992668784049e-07
209,104,600,2.2506384498767242e-07
209,105,600,2.228255775542876e-07
209,106,600,2.2764331855808593e-07
209,107,600,2.0125641175115419e-07
209,108,600,1.9638587742208885e-07
209,109,600,2.0542851016994303e-07
209,110,600,1.9104036973179688e-07
209,111,600,1.899127510503269e-07
209,112,600,1.838672204712566e-07
209,113,600,2.0133589351034014e-07
209,114,600,2.0848803456517903e-07
209,115,600,2.0284168240742046e-07
209,116,600,1.9561177791011255e-07
209,117,600,2.1585300471004208e-07
209,118,600,1.9873605600950165e-07
209,119,600,1.910589326233716e-07
220,0,600,0.02256199397440804
220,1,600,0.0023551606315825326
220,2,600,0.00038081600359873846
220,3,600,0.00011687881001547028
220,4,600,5.9596572559951846e-05
220,5,600,3.985747634463846e-05
220,6,600,3.0047395586351696e-05
220,7,600,2.3650401587809413e-05
220,8,600,1.916093454048295e-05
220,9,600,1.5531437039546863e-05
220,10,600,1.3178761309973196e-05
220,11,600,1.1609897319431184e-05
220,12,600,1.0144981874155317e-05
220,13,600,9.203582430927782e-06
220,14,600,8.59929512587673e-06
220,15,600,7.839535922022677e-06
220,16,600,7.257031216125288e-06
220,17,600,6.755601287678521e-06
220,18,600,6.1580153214890744e-06
220,19,600,5.871505309666023e-06
220,20,600,5.619854757816555e-06
220,21,600,5.239530535044124e-06
220,22,600,4.763352054444686e-06
220,23,600,4.351642925078187e-06
220,24,600,4.089561058974237e-06
220,25,600,3.890118018477407e-06
220,26,600,3.725696739677101e-06
220,27,600,3.4790452613570344e-06
220,28,600,3.3981230444624083e-06
220,29,600,3.1579741696412767e-06
220,30,600,2.918253969590679e-06
220,31,600,2.7179715151473115e-06
220,32,600,2.657459577006337e-06
220,33,600,2.500409357253375e-06
220,34,600,2.350498621844485e-06
220,35,600,2.275417544919229e-06
220,36,600,2.1899830920502653e-06
220,37,600,2.065887405790004e-06
220,38,600,1.9803870085716448e-06
220,39,600,1.8717400076926233e-06
220,40,600,1.794945846038325e-06
220,41,600,1.7636926480391642e-06
220,42,600,1.681668982799142e-06
220,43,600,1.5877716398455576e-06
220,44,600,1.4925080180498631e-06
220,45,600,1.4791119305731339e-06
220,46,600,1.4126545029045558e-06
220,47,600,1.374432886941098e-06
220,48,600,1.281647654363233e-06
220,49,600,1.2615811819590532e-06
220,50,600,1.1845647421930488e-06
220,51,600,1.1857493796852444e-06
220,52,600,1.1241651505818148e-06
220,53,600,1.0396477409214735e-06
220,54,600,1.0056229954395684e-06
220,55,600,9.880235118568013e-07
220,56,600,9.550791578237153e-07
220,57,600,8.996698364913563e-07
220,58,600,8.614670868586185e-07
220,59,600,8.16684432062462e-07
220,60,600,7.868174908241456e-07
220,61,600,7.4654407650374e-07
220,62,600,7.147165674544005e-07
220,63,600,7.079412999868701e-07
220,64,600,6.863463041602364e-07
220,65,600,6.554714451866809e-07
220,66,600,6.651724624206461e-07
220,67,600,6.364723946573672e-07
220,68,600,6.273018642918702e-07
220,69,600,6.469644114004997e-07
220,70,600,5.884343833809238e-07
220,71,600,5.731139521601921e-07
220,72,600,5.733981195912986e-07
220,73,600,5.566814600773509e-07
220,74,600,5.436750794124715e-07
220,75,600,5.082095031495652e-07
220,76,600,4.883103678977071e-07
220,77,600,4.5360237723607023e-07
220,78,600,4.824218836431196e-07
220,79,600,4.562524087472603e-07
220,80,600,4.4923378428201874e-07
220,81,600,4.4276921022700613e-07
220,82,600,4.3798661648141104e-07
220,83,600,4.0340622179332723e-07
220,84,600,3.95603388064477e-07
220,85,600,3.909023107732872e-07
220,86,600,4.058832879057886e-07
220,87,600,3.9357803027422433e-07
220,88,600,3.713409458477575e-07
220,89,600,3.775802432259249e-07
220,90,600,3.5112996146692343e-07
220,91,600,3.571974048099946e-07
220,92,600,3.4362281374007195e-07
220,93,600,3.449783653315152e-07
220,94,600,3.248952112537489e-07
220,95,600,3.2897359275059567e-07
220,96,600,3.0528765783425405e-07
220,97,600,3.235673885551717e-07
220,98,600,3.0876590910254796e-07
220,99,600,3.064448282872802e-07
220,100,600,3.088701152807373e-07
220,101,600,2.9814231555148677e-07
220,102,600,2.9240774689529454e-07
220,103,600,2.7168541175856983e-07
220,104,600,2.816134739484704e-07
220,105,600,2.92786381880648e-07
220,106,600,2.8653303520274534e-07
220,107,600,2.6585716372700944e-07
220,108,600,2.86182690962577e-07
220,109,600,2.7504118744864643e-07
220,110,600,2.6436571261001517e-07
220,111,600,2.6252877706598923e-07
220,112,600,2.584050459643693e-07
220,113,600,2.4553309265528644e-07
220,114,600,2.3663162171248444e-07
220,115,600,2.641379934612144e-07
220,116,600,2.2879206765860785e-07
220,117,600,2.2292319640296466e-07
220,118,600,2.1914578607457343e-07
220,119,600,2.3263866233647652e-07
231,0,600,0.019871551163592616
231,1,600,0.0021373448798457455
231,2,600,0.00035824531254260555
231,3,600,0.00011535166750514979
231,4,600,5.8303418298141636e-05
231,5,600,4.0702876446486795e-05
231,6,600,3.181568570557589e-05
231,7,600,2.6010459652369667e-05
231,8,600,2.1972554005562992e-05
231,9,600,1.8280943281991455e-05
231,10,600,1.5303202570449732e-05
231,11,600,1.321029789515275e-05
231,12,600,1.171768775939678e-05
231,13,600,1.0305669021411296e-05
231,14,600,9.363266958404748e-06
231,15,600,8.071846423263196e-06
231,16,600,7.19382962272089e-06
231,17,600,6.4499819090039976e-06
231,18,600,5.860631943888669e-06
231,19,600,5.409003293415911e-06
231,20,600,4.991556505429846e-06
231,21,600,4.673586138443697e-06
231,22,600,4.4678763766856536e-06
231,23,600,4.205657789593955e-06
231,24,600,3.903335140134196e-06
231,25,600,3.6497788510371863e-06
231,26,600,3.4599680942081156e-06
231,27,600,3.283423874515727e-06
231,28,600,3.1177023641392123e-06
231,29,600,2.9618028927296495e-06
231,30,600,2.9007144193153516e-06
231,31,600,2.778645877074986e-06
231,32,600,2.5862595335686486e-06
231,33,600,2.443428088315015e-06
231,34,600,2.3376970543004542e-06
231,35,600,2.2144857882123785e-06
231,36,600,2.127262197710048e-06
231,37,600,2.0326681471105033e-06
231,38,600,1.9571258504631837e-06
231,39,600,1.827817479687311e-06
231,40,600,1.8141649733431555e-06
231,41,600,1.6822094769515005e-06
231,42,600,1.6110069341984374e-06
231,43,600,1.5416165255326057e-06
231,44,600,1.4852600154307238e-06
231,45,600,1.3959458948121258e-06
231,46,600,1.3545755271144644e-06
231,47,600,1.3096862732565665e-06
231,48,600,1.2647531650001935e-06
231,49,600,1.1894789356335278e-06
231,50,600,1.1465614935140799e-06
231,51,600,1.1313124736333472e-06
231,52,600,1.0611151310513379e-06
231,53,600,1.0087043946034674e-06
231,54,600,9.921045554955e-07
231,55,600,9.433648125123957e-07
231,56,600,9.131218348557014e-07
231,57,600,8.734421684446142e-07
231,58,600,8.62855734184402e-07
231,59,600,8.496133276773771e-07
231,60,600,8.380468539383545e-07
231,61,600,7.813039261643433e-07
231,62,600,7.661703298373667e-07
231,63,600,7.460972994977055e-07
231,64,600,7.030748867308782e-07
231,65,600,6.717273852006512e-07
231,66,600,6.634569803952074e-07
231,67,600,6.633844667416461e-07
231,68,600,6.360852173776565e-07
231,69,600,6.177997758377866e-07
231,70,600,5.949102997922301e-07
231,71,600,5.738843496697211e-07
231,72,600,5.355002049088254e-07
231,73,600,5.349746234778171e-07
231,74,600,5.49507605060889e-07
231,75,600,5.161883766085769e-07
231,76,600,4.995428819136962e-07
231,77,600,4.82896247358679e-07
231,78,600,4.7455808220619436e-07
231,79,600,4.7145126820013445e-07
231,80,600,4.705072895878977e-07
231,81,600,4.6029128833125517e-07
231,82,600,4.4963168836363216e-07
231,83,600,4.3370498214076893e-07
231,84,600,4.183274167022126e-07
231,85,600,4.066016214808674e-07
231,86,600,4.1304316662143196e-07
231,87,600,3.9133508275761794e-07
231,88,600,3.8725425706855415e-07
231,89,600,4.145024634358139e-07
231,90,600,3.9077608158478184e-07
231,91,600,4.002397754507719e-07
231,92,600,3.8285719453693e-07
231,93,600,3.588031368532316e-07
231,94,600,3.4610714025300114e-07
231,95,600,3.5732414155039514e-07
231,96,600,3.284124295831996e-07
231,97,600,3.3138394503327475e-07
231,98,600,3.2939711376768267e-07
231,99,600,3.20162729544312e-07
231,100,600,3.067902086011025e-07
231,101,600,3.0800747511325187e-07
231,102,600,3.06517391454451e-07
231,103,600,3.0014193681070436e-07
231,104,600,2.823587254253748e-07
231,105,600,2.987019061756176e-07
231,106,600,2.970903223267909e-07
231,107,600,2.79761005042713e-07
231,108,600,2.6932816521557947e-07
231,109,600,2.706953384440088e-07
231,110,600,2.7030011049072e-07
231,111,600,2.7483795143349486e-07
231,112,600,2.7772655252982453e-07
231,113,600,2.5334280436302495e-07
231,114,600,2.571650658691588e-07
231,115,600,2.481692859353308e-07
231,116,600,2.401575363370811e-07
231,117,600,2.333146783048266e-07
231,118,600,2.3172931213665785e-07
231,119,600,2.2139176566401821e-07
242,0,600,0.016223507831608384
242,1,600,0.0009573320551824413
242,2,600,0.00022734186181639274
242,3,600,7.688936665975856e-05
242,4,600,4.0581111802327396e-05
242,5,600,3.095104047564459e-05
242,6,600,2.55016991918398e-05
242,7,600,2.1200175615376794e-05
242,8,600,1.780181324935065e-05
242,9,600,1.5243474780091723e-05
242,10,600,1.3282036276282987e-05
242,11,600,1.1646041050545663e-05
242,12,600,1.0252866870455604e-05
242,13,600,9.104306263907347e-06
242,14,600,8.019300539193577e-06
242,15,600,7.254454524292285e-06
242,16,600,6.479720791742837e-06
242,17,600,5.982089805911528e-06
242,18,600,5.460989239892162e-06
242,19,600,5.0137756428930985e-06
242,20,600,4.753909852776192e-06
242,21,600,4.3666876033392715e-06
242,22,600,4.051724268768004e-06
242,23,600,3.7667524278922903e-06
242,24,600,3.5035479293966135e-06
242,25,600,3.216026379959658e-06
242,26,600,3.0144923393412395e-06
242,27,600,2.8597781214270264e-06
242,28,600,2.6919240889056757e-06
242,29,600,2.5372548520863346e-06
242,30,600,2.4156610936044764e-06
242,31,600,2.2615860183051203e-06
242,32,600,2.102365224824385e-06
242,33,600,2.009779953631982e-06
242,34,600,1.8764293408343002e-06
242,35,600,1.7948942399925724e-06
242,36,600,1.6887669983732755e-06
242,37,600,1.617094055386827e-06
242,38,600,1.5525457115472818e-06
242,39,600,1.471959539781222e-06
242,40,600,1.4063987889226396e-06
242,41,600,1.3235743770229944e-06
242,42,600,1.2630479838997797e-06
242,43,600,1.2275502118236066e-06
242,44,600,1.1314771903040596e-06
242,45,600,1.0955464401113681e-06
242,46,600,1.0503651714388021e-06
242,47,600,9.868011626454783e-07
242,48,600,9.729024976710014e-07
242,49,600,9.473028931576042e-07
242,50,600,8.726211627905095e-07
242,51,600,8.427561537796703e-07
242,52,600,7.850475275230756e-07
242,53,600,7.726093886767079e-07
242,54,600,7.865115920044206e-07
242,55,600,7.31064008469299e-07
242,56,600,7.002536826324725e-07
242,57,600,6.605119114953452e-07
242,58,600,6.219836495203805e-07
242,59,600,6.248617945689866e-07
242,60,600,5.871888703268269e-07
242,61,600,5.763757539362383e-07
242,62,600,5.464309982459637e-07
242,63,600,5.355761230344127e-07
242,64,600,5.652533662657189e-07
242,65,600,5.266579318243346e-07
242,66,600,4.888503381930845e-07
242,67,600,4.6923003980593524e-07
242,68,600,4.735309572293102e-07
242,69,600,4.4804628247986434e-07
242,70,600,4.3579216388049024e-07
242,71,600,4.278127872076335e-07
242,72,600,4.125176203435905e-07
242,73,600,3.9661965146072024e-07
242,74,600,3.8892278089525987e-07
242,75,600,3.6365705158770747e-07
242,76,600,3.571183920090143e-07
242,77,600,3.4902469185214464e-07
242,78,600,3.4957012180831564e-07
242,79,600,3.4011436388195044e-07
242,80,600,3.2660821857102983e-07
242,81,600,3.3209938662462503e-07
242,82,600,3.1601063477338407e-07
242,83,600,3.0991973155299715e-07
242,84,600,3.1107970221754795e-07
242,85,600,3.040979944863035e-07
242,86,600,2.8213853399069866e-07
242,87,600,2.813281409281014e-07
242,88,600,2.720054820165866e-07
242,89,600,2.695434246609358e-07
242,90,600,2.5698177112369527e-07
242,91,600,2.4076055009764355e-07
242,92,600,2.473462655559974e-07
242,93,600,2.513317138969366e-07
242,94,600,2.4152859354169197e-07
242,95,600,2.2482756222823235e-07
242,96,600,2.1739007985089347e-07
242,97,600,2.3014861445864492e-07
242,98,600,2.1703448829001853e-07
242,99,600,2.2639453446440946e-07
242,100,600,2.1579610482173225e-07
242,101,600,2.0189769384758524e-07
242,102,600,1.8835595281380417e-07
242,103,600,1.8684965860864777e-07
242,104,600,2.007943774479396e-07
242,105,600,1.9206469030869383e-07
242,106,600,1.92081563305261e-07
242,107,600,2.0659989731161422e-07
242,108,600,2.011997511287614e-07
242,109,600,1.9183603578647691e-07
242,110,600,1.8144557497192323e-07
242,111,600,1.6838723414923007e-07
242,112,600,1.635631460167612e-07
242,113,600,1.6416303697939694e-07
242,114,600,1.6252815263920924e-07
242,115,600,1.600236072961611e-07
242,116,600,1.6410826273577665e-07
242,117,600,1.5224496283544317e-07
242,118,600,1.554888763615437e-07
242,119,600,1.6418419028540437e-07
253,0,600,0.01721730977051744
253,1,600,0.0012357602913030668
253,2,600,0.0003335198617270706
253,3,600,0.0001224680462703538
253,4,600,6.404463555985497e-05
253,5,600,4.529303536592602e-05
253,6,600,3.551243275739436e-05
253,7,600,2.801315265395189e-05
253,8,600,2.2891040469786324e-05
253,9,600,1.9581929197891822e-05
253,10,600,1.585280327306368e-05
253,11,600,1.3456051142144901e-05
253,12,600,1.1462387690124544e-05
253,13,600,9.987099733016773e-06
253,14,600,8.996826866342943e-06
253,15,600,8.271537430310242e-06
253,16,600,7.385689006792075e-06
253,17,600,6.69220800629869e-06
253,18,600,6.0548907209809646e-06
253,19,600,5.589464538053634e-06
253,20,600,5.294172539929844e-06
253,21,600,4.929243969423911e-06
253,22,600,4.614725577611304e-06
253,23,600,4.32109878650073e-06
253,24,600,4.192170512109632e-06
253,25,600,4.115672142066424e-06
253,26,600,3.7525892953214533e-06
253,27,600,3.574821903384872e-06
253,28,600,3.3037781397644333e-06
253,29,600,3.394440636839136e-06
253,30,600,3.248313846358398e-06
253,31,600,2.9233892285829875e-06
253,32,600,2.794659198906102e-06
253,33,600,2.645469862727623e-06
253,34,600,2.5238154774486153e-06
253,35,600,2.431700805740739e-06
253,36,600,2.327582852127594e-06
253,37,600,2.211915192387287e-06
253,38,600,2.1611799746479897e-06
253,39,600,2.1521380009098242e-06
253,40,600,1.96106011811169e-06
253,41,600,1.9231233391349776e-06
253,42,600,1.9805343138039844e-06
253,43,600,1.8285838857417203e-06
253,44,600,1.7045051651477576e-06
253,45,600,1.6632143222906099e-06
253,46,600,1.5570012752313664e-06
253,47,600,1.5397011377684207e-06
253,48,600,1.4896535004170705e-06
253,49,600,1.4616650272919765e-06
253,50,600,1.4310461818025176e-06
253,51,600,1.3115829685112228e-06
253,52,600,1.2580420290257616e-06
253,53,600,1.1937528223657675e-06
253,54,600,1.2242763267821781e-06
253,55,600,1.160102225352794e-06
253,56,600,1.1478442373620629e-06
253,57,600,1.1301763092169973e-06
253,58,600,1.0046967367160456e-06
253,59,600,9.748277504609416e-07
253,60,600,9.190315324758558e-07
253,61,600,8.943541792249515e-07
253,62,600,8.998130612637491e-07
253,63,600,8.618680752940573e-07
253,64,600,8.289580753290992e-07
253,65,600,8.076378978366368e-07
253,66,600,8.003096608813633e-07
253,67,600,7.692057085693562e-07
253,68,600,7.287022116854229e-07
253,69,600,6.842571571341019e-07
253,70,600,6.733232797423146e-07
253,71,600,6.485486826597097e-07
253,72,600,6.545234456504994e-07
253,73,600,6.44935087585078e-07
253,74,600,5.995989756444799e-07
253,75,600,6.004236267567887e-07
253,76,600,5.850962757473385e-07
253,77,600,5.458368916247547e-07
253,78,600,5.464136894249205e-07
253,79,600,5.410982650669451e-07
253,80,600,5.000934146138254e-07
253,81,600,4.586434582015978e-07
253,82,600,4.718784580111453e-07
253,83,600,4.7647201343256467e-07
253,84,600,4.5534229908944803e-07
253,85,600,4.335322267635141e-07
253,86,600,4.1291167283481247e-07
253,87,600,4.235217165602846e-07
253,88,600,4.3890166987119685e-07
253,89,600,4.3234523744965703e-07
253,90,600,3.911037105964217e-07
253,91,600,4.010658392716275e-07
253,92,600,3.9483516608721686e-07
253,93,600,3.5495124549063473e-07
253,94,600,3.418783717877791e-07
253,95,600,3.3029765308799004e-07
253,96,600,3.255195750284656e-07
253,97,600,3.375210089990632e-07
253,98,600,3.2421764585347104e-07
253,99,600,3.1020637586128656e-07
253,100,600,3.015806008103314e-07
253,101,600,3.2281750127307724e-07
253,102,600,2.968888971484998e-07
253,103,600,3.062617164878726e-07
253,104,600,3.0684980458772774e-07
253,105,600,2.7320935382584524e-07
253,106,600,3.15318501077998e-07
253,107,600,3.2091735524892634e-07
253,108,600,3.399808983018422e-07
253,109,600,2.623365980681276e-07
253,110,600,2.471541622496357e-07
253,111,600,2.454904241152403e-07
253,112,600,2.408111160584189e-07
253,113,600,2.420659823231194e-07
253,114,600,2.6459304148386904e-07
253,115,600,2.3829187474695184e-07
253,116,600,2.435318302667312e-07
253,117,600,2.412169934018493e-07
253,118,600,2.1737885185458302e-07
253,119,600,2.3236434594465255e-07
264,0,600,0.020038623250040567
264,1,600,0.0021449731154318313
264,2,600,0.00028616614727070553
264,3,600,8.177735061939242e-05
264,4,600,4.024110436914366e-05
264,5,600,2.9425087948191888e-05
264,6,600,2.467636166712557e-05
264,7,600,2.026220255222717e-05
264,8,600,1.700515175271951e-05
264,9,600,1.459179342849606e-05
264,10,600,1.2520895573911013e-05
264,11,600,1.0951332732426971e-05
264,12,600,9.597413107162298e-06
264,13,600,8.463313833760224e-06
264,14,600,7.520168900268082e-06
264,15,600,6.7076193497422005e-06
264,16,600,5.9466729154385245e-06
264,17,600,5.399327235528817e-06
264,18,600,4.758551983142848e-06
264,19,600,4.389982111780755e-06
264,20,600,3.963609478169498e-06
264,21,600,3.5948849538152375e-06
264,22,600,3.2375608282707523e-06
264,23,600,3.0027516734327565e-06
264,24,600,2.7421458173050365e-06
264,25,600,2.543589377374271e-06
264,26,600,2.350665094079312e-06
264,27,600,2.1560533136715476e-06
264,28,600,2.0413755099693124e-06
264,29,600,1.902568846832621e-06
264,30,600,1.7565313441991747e-06
264,31,600,1.6794474055658564e-06
264,32,600,1.5408848926917445e-06
264,33,600,1.4280725748138042e-06
264,34,600,1.3181822198834866e-06
264,35,600,1.233416788624565e-06
264,36,600,1.1440185316683039e-06
264,37,600,1.0784376001993225e-06
264,38,600,1.0712325927455057e-06
264,39,600,1.0094180885588639e-06
264,40,600,9.031254029722685e-07
264,41,600,8.74005612678574e-07
264,42,600,8.552736663827282e-07
264,43,600,8.425448425585178e-07
264,44,600,7.821549912166933e-07
264,45,600,7.1965415420556e-07
264,46,600,6.961167535361088e-07
264,47,600,6.694610153533033e-07
264,48,600,6.556442668313952e-07
264,49,600,6.112378783702872e-07
264,50,600,6.057692587546625e-07
264,51,600,5.824691575191153e-07
264,52,600,5.725613044361174e-07
264,53,600,5.498111665689831e-07
264,54,600,5.488386465769606e-07
264,55,600,5.301329098840238e-07
264,56,600,5.012584629663539e-07
264,57,600,4.959117026266157e-07
264,58,600,4.836454226769524e-07
264,59,600,4.599713049090401e-07
264,60,600,4.3025329372731475e-07
264,61,600,4.2905981184790826e-07
264,62,600,4.2853752913024914e-07
264,63,600,4.238291879980687e-07
264,64,600,4.0014943465394025e-07
264,65,600,3.855533220219418e-07
264,66,600,3.8172988183760024e-07
264,67,600,3.8199096231413645e-07
264,68,600,3.710230865743525e-07
264,69,600,3.628735500246636e-07
264,70,600,3.437167450963324e-07
264,71,600,3.4788792564349455e-07
264,72,600,3.3563733821713535e-07
264,73,600,3.256565349829543e-07
264,74,600,3.223347958605939e-07
264,75,600,3.273166166644315e-07
264,76,600,3.2690933730799244e-07
264,77,600,3.340207798960124e-07
264,78,600,2.958615774081122e-07
264,79,600,2.8961050184917486e-07
264,80,600,2.792758155728255e-07
264,81,600,2.7446772022406206e-07
264,82,600,2.8243641811274613e-07
264,83,600,2.840749170960216e-07
264,84,600,2.8031408081269066e-07
264,85,600,2.6048792016964444e-07
264,86,600,2.7058697431931773e-07
264,87,600,2.624886027553274e-07
264,88,600,2.548747437757763e-07
264,89,600,2.4157437964408694e-07
264,90,600,2.466690273793479e-07
264,91,600,2.44244723702243e-07
264,92,600,2.477464426264257e-07
264,93,600,2.6285189300934737e-07
264,94,600,2.496592605445202e-07
264,95,600,2.3041206216440084e-07
264,96,600,2.19791191562691e-07
264,97,600,2.0609421534046352e-07
264,98,600,2.0936545005748774e-07
264,99,600,2.0140328381420376e-07
264,100,600,2.0464160450884314e-07
264,101,600,2.0719842979133314e-07
264,102,600,1.9620635214323556e-07
264,103,600,2.0311571562926568e-07
264,104,600,1.9334063433748988e-07
264,105,600,2.1202006277426816e-07
264,106,600,2.595103435067502e-07
264,107,600,2.0463397701955969e-07
264,108,600,1.988662274386929e-07
264,109,600,1.9096103374606268e-07
264,110,600,2.0225160576022687e-07
264,111,600,1.9390529068256287e-07
264,112,600,2.012603309552967e-07
264,113,600,1.8920091759498878e-07
264,114,600,1.810093378576551e-07
264,115,600,1.757598674601013e-07
264,116,600,1.6419749665661396e-07
264,117,600,1.7161180658987226e-07
264,118,600,1.777639619598104e-07
264,119,600,1.7091876197869885e-07
275,0,600,0.020284071581830317
275,1,600,0.0020889008209403408
275,2,600,0.000352931420677219
275,3,600,0.00011769876245556301
275,4,600,6.217060089463637e-05
275,5,600,4.2302906091974464e-05
275,6,600,3.155485327098225e-05
275,7,600,2.5560469772531892e-05
275,8,600,2.1371070952706136e-05
275,9,600,1.874602980694219e-05
275,10,600,1.634170186757968e-05
275,11,600,1.421841916453559e-05
275,12,600,1.2676544673396214e-05
275,13,600,1.1282206651230809e-05
275,14,600,1.011071159442317e-05
275,15,600,9.30571506710533e-06
275,16,600,8.34302555679307e-06
275,17,600,7.6070617955050874e-06
275,18,600,7.063963752635142e-06
275,19,600,6.739753261124286e-06
275,20,600,6.1419620626685695e-06
275,21,600,5.731302721151702e-06
275,22,600,5.403384921010002e-06
275,23,600,5.064038922634944e-06
275,24,600,4.753667850596492e-06
275,25,600,4.42574479812289e-06
275,26,600,4.3054145300246955e-06
275,27,600,3.898726588072589e-06
275,28,600,3.728541269322848e-06
275,29,600,3.4685657151624727e-06
275,30,600,3.4696115335464125e-06
275,31,600,3.1633176448801684e-06
275,32,600,3.0106791427897407e-06
275,33,600,2.9967456576311013e-06
275,34,600,2.773035267685037e-06
275,35,600,2.596718616730773e-06
275,36,600,2.4423437360766054e-06
275,37,600,2.337575089864243e-06
275,38,600,2.2174555576719665e-06
275,39,600,2.1376668488109747e-06
275,40,600,2.0577427574751616e-06
275,41,600,1.8716963244227565e-06
275,42,600,1.878433557809139e-06
275,43,600,1.7874513171016973e-06
275,44,600,1.7702990907022656e-06
275,45,600,1.648424086541031e-06
275,46,600,1.6977436225237109e-06
275,47,600,1.555545356112768e-06
275,48,600,1.4769727966411567e-06
275,49,600,1.3918170231207973e-06
275,50,600,1.3431974614856077e-06
275,51,600,1.2347837875830392e-06
275,52,600,1.1712117913918372e-06
275,53,600,1.1436783166262007e-06
275,54,600,1.0708097952853053e-06
275,55,600,1.0671552442282089e-06
275,56,600,1.0319994625038624e-06
275,57,600,1.0011668142564493e-06
275,58,600,9.613303467703142e-07
275,59,600,9.946862501477116e-07
275,60,600,9.194136680434894e-07
275,61,600,8.435562575103081e-07
275,62,600,8.246548433314608e-07
275,63,600,7.666355378732029e-07
275,64,600,7.382102302543852e-07
275,65,600,7.215631264419866e-07
275,66,600,7.054778013513753e-07
275,67,600,6.90781533158339e-07
275,68,600,6.512939954087703e-07
275,69,600,6.256730743141241e-07
275,70,600,6.063935659851364e-07
275,71,600,5.779982948776084e-07
275,72,600,5.497577783324614e-07
275,73,600,5.678984263711659e-07
275,74,600,5.370827093848245e-07
275,75,600,5.170483738562612e-07
275,76,600,4.968251470484719e-07
275,77,600,4.7246727146294257e-07
275,78,600,4.787266608206522e-07
275,79,600,4.6974524432124247e-07
275,80,600,4.589707181797789e-07
275,81,600,4.267935191879396e-07
275,82,600,4.1213332053757766e-07
275,83,600,4.127006416422917e-07
275,84,600,4.1540682771985875e-07
275,85,600,3.747328514392441e-07
275,86,600,3.6608323289269007e-07
275,87,600,3.757106641519146e-07
275,88,600,3.5790405915672873e-07
275,89,600,3.625306195126062e-07
275,90,600,3.5247666852156776e-07
275,91,600,3.228783885776322e-07
275,92,600,3.340439551822639e-07
275,93,600,3.3334790340464486e-07
275,94,600,3.02700927902247e-07
275,95,600,2.9665873530336144e-07
275,96,600,2.91375148645114e-07
275,97,600,2.9336900007293527e-07
275,98,600,2.860863520631459e-07
275,99,600,2.7504281982708947e-07
275,100,600,2.7677990900835874e-07
275,101,600,2.6421708905912205e-07
275,102,600,2.6326439575242196e-07
275,103,600,2.7654363103573293e-07
275,104,600,2.460745917394553e-07
275,105,600,2.5690937153094157e-07
275,106,600,2.3939936420148157e-07
275,107,600,2.439242493323945e-07
275,108,600,2.3138331148163018e-07
275,109,600,2.311549446170303e-07
275,110,600,2.471494990698518e-07
275,111,600,2.486397046428273e-07
275,112,600,2.2675303573518438e-07
275,113,600,2.2195848871613057e-07
275,114,600,2.3495164760178288e-07
275,115,600,2.247396393709335e-07
275,116,600,2.181935042095144e-07
275,117,600,2.2257488356708085e-07
275,118,600,2.3113658389356236e-07
275,119,600,2.1031561959118427e-07
286,0,600,0.02285222495955072
286,1,600,0.0032935460738372055
286,2,600,0.0004358042456595669
286,3,600,0.00013549345902375584
286,4,600,5.937674889681053e-05
286,5,600,3.526711265486053e-05
286,6,600,2.4202865097322503e-05
286,7,600,1.8782364905315546e-05
286,8,600,1.4882268332209943e-05
286,9,600,1.2598346089170694e-05
286,10,600,1.0496068305081662e-05
286,11,600,9.094704929386929e-06
286,12,600,8.180826295612956e-06
286,13,600,7.37215206850363e-06
286,14,600,6.737099111456988e-06
286,15,600,6.1429827407042265e-06
286,16,600,5.654132122033748e-06
286,17,600,5.190886431113252e-06
286,18,600,4.876626110815682e-06
286,19,600,4.552606428899851e-06
286,20,600,4.235235281301262e-06
286,21,600,4.0341633393836665e-06
286,22,600,3.851489634000341e-06
286,23,600,3.6136170700429877e-06
286,24,600,3.466875620305425e-06
286,25,600,3.268290276393696e-06
286,26,600,3.0645253469916302e-06
286,27,600,2.89829257972566e-06
286,28,600,2.794636265877527e-06
286,29,600,2.6646952811030418e-06
286,30,600,2.5195159411707304e-06
286,31,600,2.3694317070820894e-06
286,32,600,2.364275918041944e-06
286,33,600,2.272043463180077e-06
286,34,600,2.2105657762949703e-06
286,35,600,2.0566944158417757e-06
286,36,600,1.9252525547878906e-06
286,37,600,1.8876856685030936e-06
286,38,600,1.7828681650730449e-06
286,39,600,1.7040535459799634e-06
286,40,600,1.6128802712955804e-06
286,41,600,1.6218486501585224e-06
286,42,600,1.5283157979770056e-06
286,43,600,1.4856973998097313e-06
286,44,600,1.3841153687328763e-06
286,45,600,1.2849583515018916e-06
286,46,600,1.2426465374167158e-06
286,47,600,1.2225251168729301e-06
286,48,600,1.2110604589715399e-06
286,49,600,1.1188888343464275e-06
286,50,600,1.0794146186000081e-06
286,51,600,1.0563591107065327e-06
286,52,600,1.0307073095741783e-06
286,53,600,9.854185969671609e-07
286,54,600,9.830127064440986e-07
286,55,600,9.45445013581105e-07
286,56,600,9.095682745091357e-07
286,57,600,8.791548509634595e-07
286,58,600,8.738270396765744e-07
286,59,600,7.883756579399471e-07
286,60,600,7.689799857464669e-07
286,61,600,7.560767390881856e-07
286,62,600,7.303389374532056e-07
286,63,600,7.069821630298784e-07
286,64,600,6.743623301692998e-07
286,65,600,6.564069092531242e-07
286,66,600,6.571181071840807e-07
286,67,600,6.347920188282411e-07
286,68,600,6.046973908269138e-07
286,69,600,5.801188677878599e-07
286,70,600,5.636948253296444e-07
286,71,600,5.496864739478424e-07
286,72,600,5.269729170645644e-07
286,73,600,5.131733938188327e-07
286,74,600,5.049168790767573e-07
286,75,600,5.092779327984125e-07
286,76,600,5.014210773280961e-07
286,77,600,4.652541331564096e-07
286,78,600,4.5509707538377895e-07
286,79,600,4.52069372457979e-07
286,80,600,4.307234223089931e-07
286,81,600,4.2402917989947075e-07
286,82,600,4.218359183177629e-07
286,83,600,4.187387892335735e-07
286,84,600,3.9790056667087765e-07
286,85,600,3.787615140918445e-07
286,86,600,3.933744537969113e-07
286,87,600,3.71348425394564e-07
286,88,600,3.740488581702026e-07
286,89,600,3.5350278392941523e-07
286,90,600,3.4938162708673e-07
286,91,600,3.501383022957701e-07
286,92,600,3.324673391609011e-07
286,93,600,3.282022519394894e-07
286,94,600,3.206318135533749e-07
286,95,600,3.194910439973635e-07
286,96,600,3.381238687588369e-07
286,97,600,2.9764578522118474e-07
286,98,600,2.867636520196165e-07
286,99,600,2.885243918776245e-07
286,100,600,2.9017615908718363e-07
286,101,600,2.6469649351443685e-07
286,102,600,2.704737150787351e-07
286,103,600,2.6058543557825795e-07
286,104,600,2.747707435147325e-07
286,105,600,2.6511736525423514e-07
286,106,600,2.4774773035424485e-07
286,107,600,2.4063990472792565e-07
286,108,600,2.5186768922187755e-07
286,109,600,2.5436696704984665e-07
286,110,600,2.4323763849870855e-07
286,111,600,2.5044728422591636e-07
286,112,600,2.440689690119095e-07
286,113,600,2.1889337773473016e-07
286,114,600,2.1817503211782188e-07
286,115,600,2.236158886597351e-07
286,116,600,2.1324582072087365e-07
286,117,600,2.0697084848782317e-07
286,118,600,2.082786641728107e-07
286,119,600,2.0623380998741644e-07
297,0,600,0.019810418304252
297,1,600,0.0016815498151117934
297,2,600,0.0002377651297138073
297,3,600,8.036452445115796e-05
297,4,600,4.2792871710461396e-05
297,5,600,2.9032341473411138e-05
297,6,600,2.2870182482093746e-05
297,7,600,1.8189425205300238e-05
297,8,600,1.464049363149618e-05
297,9,600,1.2227733058305027e-05
297,10,600,1.0565724848052733e-05
297,11,600,9.27064598296343e-06
297,12,600,8.546067956079863e-06
297,13,600,7.4813757476620506e-06
297,14,600,6.705181809401868e-06
297,15,600,6.538412232035434e-06
297,16,600,5.8260718560632085e-06
297,17,600,5.342031016353806e-06
297,18,600,5.005889258762564e-06
297,19,600,4.588921111510564e-06
297,20,600,4.189005020586927e-06
297,21,600,3.973929386503234e-06
297,22,600,3.7328788709457602e-06
297,23,600,3.5749511330083655e-06
297,24,600,3.378402193208642e-06
297,25,600,3.1698495053876137e-06
297,26,600,3.1412190992341496e-06
297,27,600,2.8778335406873104e-06
297,28,600,2.7031154104406598e-06
297,29,600,2.5348244590579847e-06
297,30,600,2.4223837870426664e-06
297,31,600,2.292810708432195e-06
297,32,600,2.1968411601847037e-06
297,33,600,2.0813211072460325e-06
297,34,600,2.0761979810327157e-06
297,35,600,1.9515354360440763e-06
297,36,600,1.8980347135766352e-06
297,37,600,1.8595828889470124e-06
297,38,600,1.71819918693329e-06
297,39,600,1.6473958465356097e-06
297,40,600,1.578661454603111e-06
297,41,600,1.5204841456819082e-06
297,42,600,1.4574392217151686e-06
297,43,600,1.4418462222621248e-06
297,44,600,1.4156128836355878e-06
297,45,600,1.3376217841716044e-06
297,46,600,1.3297333524812867e-06
297,47,600,1.2429533497700168e-06
297,48,600,1.2073849826552569e-06
297,49,600,1.1485936280869764e-06
297,50,600,1.1025865460037735e-06
297,51,600,1.058221798039564e-06
297,52,600,1.0332600604550334e-06
297,53,600,1.002698729435954e-06
297,54,600,9.575208614957151e-07
297,55,600,9.446278219708179e-07
297,56,600,8.867043585556339e-07
297,57,600,8.708213535531908e-07
297,58,600,8.507922206933327e-07
297,59,600,7.908142744159513e-07
297,60,600,7.802334404292005e-07
297,61,600,7.659761922097554e-07
297,62,600,7.401460484408362e-07
297,63,600,7.673522934450566e-07
297,64,600,7.307443032806604e-07
297,65,600,6.696266771206483e-07
297,66,600,6.59356715004833e-07
297,67,600,6.504613464274275e-07
297,68,600,6.479184222778139e-07
297,69,600,6.363878728315716e-07
297,70,600,6.07637418014699e-07
297,71,600,5.976428049710816e-07
297,72,600,5.791270409286209e-07
297,73,600,5.581684697038949e-07
297,74,600,5.149360926057661e-07
297,75,600,5.241670789389805e-07
297,76,600,5.095721923297741e-07
297,77,600,5.018360704860625e-07
297,78,600,4.769206047907765e-07
297,79,600,4.708957467420604e-07
297,80,600,4.5342855050995765e-07
297,81,600,4.6826224200614016e-07
297,82,600,4.4448838213826864e-07
297,83,600,4.268302820707361e-07
297,84,600,3.9699790447325784e-07
297,85,600,3.996457024868505e-07
297,86,600,4.258017217975258e-07
297,87,600,4.19428225110383e-07
297,88,600,3.9109095074476695e-07
297,89,600,4.0341828770650814e-07
297,90,600,3.656222669465741e-07
297,91,600,3.5537679297560414e-07
297,92,600,3.5142949472126357e-07
297,93,600,3.5812074133302405e-07
297,94,600,3.423656996921253e-07
297,95,600,3.502859753648648e-07
297,96,600,3.698949385759414e-07
297,97,600,3.59296595170714e-07
297,98,600,3.5490834441612894e-07
297,99,600,3.217425675404085e-07
297,100,600,3.0837083313061063e-07
297,101,600,3.0836299434835574e-07
297,102,600,3.045043969582126e-07
297,103,600,3.066353722141158e-07
297,104,600,3.117965241316549e-07
297,105,600,3.1867201671861713e-07
297,106,600,2.7008807586226843e-07
297,107,600,2.6636320979521677e-07
297,108,600,2.7419157781220126e-07
297,109,600,2.6262178142575837e-07
297,110,600,2.5930244685480975e-07
297,111,600,2.428823805937435e-07
297,112,600,2.610694401620381e-07
297,113,600,2.628029473851855e-07
297,114,600,2.594690603006568e-07
297,115,600,2.529434073189326e-07
297,116,600,2.813859100719559e-07
297,117,600,2.727671334929781e-07
297,118,600,2.455065891868607e-07
297,119,600,2.6709603892826587e-07
308,0,600,0.01744207843010755
308,1,600,0.0015262501585407574
308,2,600,0.0002769656714869933
308,3,600,7.660187762475719e-05
308,4,600,4.0441547609684914e-05
308,5,600,2.8584829899620287e-05
308,6,600,2.223714830171574e-05
308,7,600,1.7999335489692286e-05
308,8,600,1.47938735560609e-05
308,9,600,1.2305252944076386e-05
308,10,600,1.035742044271166e-05
308,11,600,9.032286252955886e-06
308,12,600,7.894830780155884e-06
308,13,600,6.913227978082815e-06
308,14,600,6.223204627531232e-06
308,15,600,5.731779751122782e-06
308,16,600,5.2824279033589655e-06
308,17,600,4.839129588904861e-06
308,18,600,4.4529935094990486e-06
308,19,600,4.0759724948944295e-06
308,20,600,3.923303493617202e-06
308,21,600,3.808261707442733e-06
308,22,600,3.526388579637952e-06
308,23,600,3.361091506504683e-06
308,24,600,3.1560603235304467e-06
308,25,600,3.0969914692640918e-06
308,26,600,3.070082417061234e-06
308,27,600,2.8170824335623026e-06
308,28,600,2.6708127135957748e-06
308,29,600,2.593038876559723e-06
308,30,600,2.4844911111262936e-06
308,31,600,2.345483159459897e-06
308,32,600,2.2062284678644286e-06
308,33,600,2.1792094433916836e-06
308,34,600,2.0636217031048878e-06
308,35,600,1.9068199686731338e-06
308,36,600,1.8407941285515433e-06
308,37,600,1.7699107825376962e-06
308,38,600,1.7089588362451697e-06
308,39,600,1.6447006960094625e-06
308,40,600,1.603796287279118e-06
308,41,600,1.4878107052888814e-06
308,42,600,1.4436087194793031e-06
308,43,600,1.4064359932394598e-06
308,44,600,1.3262079786919025e-06
308,45,600,1.2385939492943226e-06
308,46,600,1.1966110575581537e-06
308,47,600,1.1287401745999216e-06
308,48,600,1.074663828148914e-06
308,49,600,1.0205369143908395e-06
308,50,600,1.0250182736184033e-06
308,51,600,9.791314028007037e-07
308,52,600,9.360463590574476e-07
308,53,600,9.104725850911083e-07
308,54,600,8.878888335953218e-07
308,55,600,8.283776376054829e-07
308,56,600,8.093017000694665e-07
308,57,600,7.71585734738485e-07
308,58,600,7.538213382256226e-07
308,59,600,7.954184306862245e-07
308,60,600,7.695791930174031e-07
308,61,600,6.876019719919369e-07
308,62,600,6.532202259055146e-07
308,63,600,6.54998615645079e-07
308,64,600,6.468908844382033e-07
308,65,600,6.174126664710025e-07
308,66,600,5.594081709671771e-07
308,67,600,5.449653348190815e-07
308,68,600,5.385165944983926e-07
308,69,600,5.37105789907113e-07
308,70,600,5.287165506436059e-07
308,71,600,5.105926114286998e-07
308,72,600,4.932493790252729e-07
308,73,600,4.797726558679546e-07
308,74,600,4.749188642443571e-07
308,75,600,4.5393149419899256e-07
308,76,600,4.384658693293444e-07
308,77,600,4.20755897697458e-07
308,78,600,4.266270801616357e-07
308,79,600,4.5437369007423074e-07
308,80,600,4.0372968837082706e-07
308,81,600,3.914408160043374e-07
308,82,600,3.9677061247283224e-07
308,83,600,3.817509451664591e-07
308,84,600,3.796663569825174e-07
308,85,600,3.994046676923877e-07
308,86,600,3.8552803088901114e-07
308,87,600,3.6740971408658207e-07
308,88,600,3.5085670198872033e-07
308,89,600,3.3695492393953347e-07
308,90,600,3.046689951552732e-07
308,91,600,3.1410540014133543e-07
308,92,600,3.1931749288703846e-07
308,93,600,3.072986934763608e-07
308,94,600,3.0307918480407116e-07
308,95,600,3.250847236969142e-07
308,96,600,3.086964350012223e-07
308,97,600,2.986500242896957e-07
308,98,600,2.9550153343686695e-07
308,99,600,2.9145076400470167e-07
308,100,600,2.9828529507444486e-07
308,101,600,2.8372538975561746e-07
308,102,600,2.6667569811347914e-07
308,103,600,2.499873719772806e-07
308,104,600,2.450340804366054e-07
308,105,600,2.468437769134892e-07
308,106,600,2.7561420934992047e-07
308,107,600,2.655005023131564e-07
308,108,600,2.5053918380392227e-07
308,109,600,2.45885472039438e-07
308,110,600,2.4875302312023596e-07
308,111,600,2.385353778920848e-07
308,112,600,2.2706374148870772e-07
308,113,600,2.3141436676161517e-07
308,114,600,2.337865050836435e-07
308,115,600,2.309203787532217e-07
308,116,600,2.1806558542517736e-07
308,117,600,2.3102765380288382e-07
308,118,600,2.445758279410065e-07
308,119,600,2.4823621367587335e-07
319,0,600,0.020519131147547776
319,1,600,0.001467241204840033
319,2,600,0.0002895804645576342
319,3,600,7.638738069018521e-05
319,4,600,3.877069144724182e-05
319,5,600,2.7112099240567702e-05
319,6,600,2.0852221371713217e-05
319,7,600,1.6825990736067884e-05
319,8,600,1.4173905698331316e-05
319,9,600,1.193680425211297e-05
319,10,600,1.0118125546317683e-05
319,11,600,9.152006463122426e-06
319,12,600,8.094926924011241e-06
319,13,600,7.1301772837422954e-06
319,14,600,6.355243756747529e-06
319,15,600,5.8214322866421605e-06
319,16,600,5.359784357719227e-06
319,17,600,5.01504336362383e-06
319,18,600,4.631451941493556e-06
319,19,600,4.292928260359699e-06
319,20,600,4.010779086552487e-06
319,21,600,3.679731375278176e-06
319,22,600,3.3748623141754683e-06
319,23,600,3.1962943048232486e-06
319,24,600,3.0632009671343873e-06
319,25,600,2.8143840495431507e-06
319,26,600,2.6496422462610337e-06
319,27,600,2.633341299123889e-06
319,28,600,2.4838521743444476e-06
319,29,600,2.26496523988604e-06
319,30,600,2.2017765224135422e-06
319,31,600,2.1495036471127317e-06
319,32,600,1.990389196300001e-06
319,33,600,1.8493484090916024e-06
319,34,600,1.8233622917681425e-06
319,35,600,1.7330394562601498e-06
319,36,600,1.6488532429847463e-06
319,37,600,1.5478381903066245e-06
319,38,600,1.4651507058260905e-06
319,39,600,1.5007408293106555e-06
319,40,600,1.4013223185908206e-06
319,41,600,1.3236867504785644e-06
319,42,600,1.2715291539303793e-06
319,43,600,1.2087282569657541e-06
319,44,600,1.1562054614961725e-06
319,45,600,1.1742833087761316e-06
319,46,600,1.0949875101423936e-06
319,47,600,1.0929737389855482e-06
319,48,600,1.0561096895631444e-06
319,49,600,9.83107083572433e-07
319,50,600,9.405627164788282e-07
319,51,600,8.954733704956053e-07
319,52,600,8.817043408271274e-07
319,53,600,8.518192257006854e-07
319,54,600,8.540882680862476e-07
319,55,600,8.280574464056133e-07
319,56,600,8.139377350265644e-07
319,57,600,7.848505022497864e-07
319,58,600,7.436070949265023e-07
319,59,600,7.081069312382744e-07
319,60,600,7.016095117095527e-07
319,61,600,6.661576773431557e-07
319,62,600,6.817181749259985e-07
319,63,600,6.456452398963033e-07
319,64,600,6.262293470028549e-07
319,65,600,5.994668649571778e-07
319,66,600,6.162390999825698e-07
319,67,600,5.910045684375196e-07
319,68,600,5.385729098718097e-07
319,69,600,5.389541555407624e-07
319,70,600,5.32396283335258e-07
319,71,600,5.056970376484203e-07
319,72,600,4.903251303738599e-07
319,73,600,4.731224159489725e-07
319,74,600,4.873899441511304e-07
319,75,600,4.882776862227969e-07
319,76,600,4.376435996571098e-07
319,77,600,4.39421707273811e-07
319,78,600,4.367020484084462e-07
319,79,600,3.9857197996776736e-07
319,80,600,4.089866190557395e-07
319,81,600,4.275552130725133e-07
319,82,600,3.9422259231071765e-07
319,83,600,3.624093155071693e-07
319,84,600,3.692849258198438e-07
319,85,600,3.6722357642223584e-07
319,86,600,3.47991975427488e-07
319,87,600,3.449998038269386e-07
319,88,600,3.3149090370443443e-07
319,89,600,3.291506148995818e-07
319,90,600,3.2290631163565e-07
319,91,600,2.985315944670219e-07
319,92,600,2.8679769434646866e-07
319,93,600,2.994486955661782e-07
319,94,600,2.886700543351588e-07
319,95,600,2.8560673781073906e-07
319,96,600,2.9047547140013e-07
319,97,600,3.043167235492356e-07
319,98,600,2.8057404985080023e-07
319,99,600,2.799733858176679e-07
319,100,600,2.876580930134017e-07
319,101,600,2.6747652038980767e-07
319,102,600,2.46893666512374e-07
319,103,600,2.4821473905496154e-07
319,104,600,2.5579370365472934e-07
319,105,600,2.3226880629360829e-07
319,106,600,2.2467464228719493e-07
319,107,600,2.3855422941359826e-07
319,108,600,2.2501571529095312e-07
319,109,600,2.227967734980714e-07
319,110,600,2.21358414508263e-07
319,111,600,2.2909346410558916e-07
319,112,600,2.3882012213430484e-07
319,113,600,2.030113477465085e-07
319,114,600,2.080300799739713e-07
319,115,600,1.9457766029518097e-07
319,116,600,1.8568615153550416e-07
319,117,600,2.020577842867361e-07
319,118,600,2.0866228858925467e-07
319,119,600,1.9319678398831358e-07
330,0,600,0.01703565821517259
330,1,600,0.0012993715118347227
330,2,600,0.00026192660803453207
330,3,600,7.84911393183345e-05
330,4,600,3.869214279371877e-05
330,5,600,2.720386017149155e-05
330,6,600,2.0818806019394145e-05
330,7,600,1.6940145446584976e-05
330,8,600,1.4364260072110674e-05
330,9,600,1.2564337746306065e-05
330,10,600,1.0989056021284534e-05
330,11,600,9.835251593789222e-06
330,12,600,8.773204583696113e-06
330,13,600,7.968837137109644e-06
330,14,600,7.317774598528847e-06
330,15,600,6.553887585955397e-06
330,16,600,6.1233396440672406e-06
330,17,600,5.4641347584325365e-06
330,18,600,5.204309713678269e-06
330,19,600,4.66605991660847e-06
330,20,600,4.4945819462028395e-06
330,21,600,4.043991311606843e-06
330,22,600,3.6508826568885857e-06
330,23,600,3.4266126105744905e-06
330,24,600,3.183688587389617e-06
330,25,600,2.9162345963653167e-06
330,26,600,2.7299953235103058e-06
330,27,600,2.5178939537047548e-06
330,28,600,2.3315432025284324e-06
330,29,600,2.2585019923769187e-06
330,30,600,2.114024643536763e-06
330,31,600,1.9017465164276804e-06
330,32,600,1.8286013145322953e-06
330,33,600,1.7500900612862768e-06
330,34,600,1.6341286963875301e-06
330,35,600,1.6774161269351776e-06
330,36,600,1.5150089271437057e-06
330,37,600,1.4116590642444e-06
330,38,600,1.3130301603699705e-06
330,39,600,1.2978050889207798e-06
330,40,600,1.201688083160422e-06
330,41,600,1.1749757621409547e-06
330,42,600,1.11608590869812e-06
330,43,600,1.0206441689469533e-06
330,44,600,9.562829440686696e-07
330,45,600,9.29431503269179e-07
330,46,600,9.105938300093074e-07
330,47,600,9.457396207548491e-07
330,48,600,8.921139480758268e-07
330,49,600,8.175287547373956e-07
330,50,600,7.917756038834436e-07
330,51,600,7.18202292061601e-07
330,52,600,6.92106535750195e-07
330,53,600,6.723698739482356e-07
330,54,600,6.485379600462694e-07
330,55,600,6.49583736994349e-07
330,56,600,6.241937053406027e-07
330,57,600,6.050618841419763e-07
330,58,600,5.846833720337791e-07
330,59,600,5.875300298672109e-07
330,60,600,5.704317692633545e-07
330,61,600,5.471749815162758e-07
330,62,600,5.35801738004394e-07
330,63,600,5.028720815851939e-07
330,64,600,5.041504740694635e-07
330,65,600,4.6575095914728355e-07
330,66,600,4.5326992027352585e-07
330,67,600,4.4918598001387227e-07
330,68,600,4.526900945141901e-07
330,69,600,4.288684480295494e-07
330,70,600,4.0023320106061685e-07
330,71,600,4.126855035667033e-07
330,72,600,4.1119929311375214e-07
330,73,600,3.986540327697472e-07
330,74,600,3.805657721494227e-07
330,75,600,3.73176140262905e-07
330,76,600,3.707541316388367e-07
330,77,600,3.638050211401079e-07
330,78,600,3.5824162896041777e-07
330,79,600,3.2808824086989843e-07
330,80,600,3.211853036819584e-07
330,81,600,3.3464013771017085e-07
330,82,600,3.2937898378361894e-07
330,83,600,3.23692039403879e-07
330,84,600,3.1860179924000194e-07
330,85,600,3.0578631837167787e-07
330,86,600,2.9026493773711223e-07
330,87,600,2.8490283558300545e-07
330,88,600,2.953233345543164e-07
330,89,600,2.9512659117950824e-07
330,90,600,2.843902867772685e-07
330,91,600,2.7631452348642647e-07
330,92,600,2.686168642185294e-07
330,93,600,2.589290159592469e-07
330,94,600,2.5454342405557905e-07
330,95,600,2.626052304920354e-07
330,96,600,2.5477816089840804e-07
330,97,600,2.4619480936244623e-07
330,98,600,2.3574050598390865e-07
330,99,600,2.5541743933911813e-07
330,100,600,2.719524729107099e-07
330,101,600,2.5818649521026693e-07
330,102,600,2.469068762497715e-07
330,103,600,2.2905096026186968e-07
330,104,600,2.3032339405996312e-07
330,105,600,2.3008548266177876e-07
330,106,600,2.3634341996931226e-07
330,107,600,2.4969234296553337e-07
330,108,600,2.0954949820263307e-07
330,109,600,2.0884773007130783e-07
330,110,600,2.0965205450058995e-07
330,111,600,2.1597523328116613e-07
330,112,600,2.1874536592373548e-07
330,113,600,2.2078304071053363e-07
330,114,600,2.1219049101187255e-07
330,115,600,2.0261695127780844e-07
330,116,600,1.8013203201330964e-07
330,117,600,1.9446613993965766e-07
330,118,600,2.0244742995451384e-07
330,119,600,2.0394844651000793e-07
