seed,algorithm,noise_level,real_steps,planning_updates,greedy_return,optimal_return,policy_loss
11,Q-learning,0.0,0,0,-2.0000000000000013,6.263607903500317,8.263607903500318
11,Q-learning,0.0,100,0,-1.9941272453715781,6.263607903500317,8.257735148871895
11,Q-learning,0.0,200,0,-1.9467753573327895,6.263607903500317,8.210383260833106
11,Q-learning,0.0,300,0,-1.9714223431186635,6.263607903500317,8.23503024661898
11,Q-learning,0.0,400,0,-1.2972011536086308,6.263607903500317,7.560809057108948
11,Q-learning,0.0,500,0,5.755159476596751,6.263607903500317,0.5084484269035654
11,Q-learning,0.0,600,0,5.885041629968646,6.263607903500317,0.3785662735316704
11,Q-learning,0.0,700,0,5.885041629968646,6.263607903500317,0.3785662735316704
11,Q-learning,0.0,800,0,5.885041629968646,6.263607903500317,0.3785662735316704
11,Q-learning,0.0,900,0,5.885041629968646,6.263607903500317,0.3785662735316704
11,Q-learning,0.0,1000,0,5.885195502892836,6.263607903500317,0.3784124006074805
11,Q-learning,0.0,1100,0,5.885195502892836,6.263607903500317,0.3784124006074805
11,Q-learning,0.0,1200,0,5.885803638907915,6.263607903500317,0.3778042645924016
11,Q-learning,0.0,1300,0,5.885803638907915,6.263607903500317,0.3778042645924016
11,Q-learning,0.0,1400,0,5.885803638907915,6.263607903500317,0.3778042645924016
11,Q-learning,0.0,1500,0,5.885803638907915,6.263607903500317,0.3778042645924016
11,Q-learning,0.0,1600,0,5.885803638907915,6.263607903500317,0.3778042645924016
11,Q-learning,0.0,1700,0,5.885803638907915,6.263607903500317,0.3778042645924016
11,Q-learning,0.0,1800,0,5.885803638907915,6.263607903500317,0.3778042645924016
11,Q-learning,0.0,1900,0,5.885803638907915,6.263607903500317,0.3778042645924016
11,Q-learning,0.0,2000,0,5.885803638907915,6.263607903500317,0.3778042645924016
11,Q-learning,0.0,2100,0,5.885803638907915,6.263607903500317,0.3778042645924016
11,Q-learning,0.0,2200,0,5.885803638907915,6.263607903500317,0.3778042645924016
11,Q-learning,0.0,2300,0,5.885803638907915,6.263607903500317,0.3778042645924016
11,Q-learning,0.0,2400,0,5.885803638907915,6.263607903500317,0.3778042645924016
11,Q-learning,0.0,2500,0,5.885803638907915,6.263607903500317,0.3778042645924016
11,Q-learning,0.0,2600,0,5.885803638907915,6.263607903500317,0.3778042645924016
11,Q-learning,0.0,2700,0,5.885803638907915,6.263607903500317,0.3778042645924016
11,Q-learning,0.0,2800,0,5.885803638907915,6.263607903500317,0.3778042645924016
11,Q-learning,0.0,2900,0,5.885803638907915,6.263607903500317,0.3778042645924016
11,Q-learning,0.0,3000,0,5.885803638907915,6.263607903500317,0.3778042645924016
11,Q-learning,0.0,3100,0,5.885803638907915,6.263607903500317,0.3778042645924016
11,Q-learning,0.0,3200,0,5.885803638907915,6.263607903500317,0.3778042645924016
11,Q-learning,0.0,3300,0,5.885803638907915,6.263607903500317,0.3778042645924016
11,Q-learning,0.0,3400,0,5.885803638907915,6.263607903500317,0.3778042645924016
11,Q-learning,0.0,3500,0,5.885803638907915,6.263607903500317,0.3778042645924016
11,Q-learning,0.0,3600,0,5.885803638907915,6.263607903500317,0.3778042645924016
11,Q-learning,0.0,3700,0,5.885803638907915,6.263607903500317,0.3778042645924016
11,Q-learning,0.0,3800,0,5.885803638907915,6.263607903500317,0.3778042645924016
11,Q-learning,0.0,3900,0,5.885803638907915,6.263607903500317,0.3778042645924016
11,Q-learning,0.0,4000,0,5.885803638907915,6.263607903500317,0.3778042645924016
11,Q-learning,0.0,4100,0,5.885803638907915,6.263607903500317,0.3778042645924016
11,Q-learning,0.0,4200,0,5.885803638907915,6.263607903500317,0.3778042645924016
11,Q-learning,0.0,4300,0,5.885803638907915,6.263607903500317,0.3778042645924016
11,Q-learning,0.0,4400,0,5.885803638907915,6.263607903500317,0.3778042645924016
11,Q-learning,0.0,4500,0,5.885803638907915,6.263607903500317,0.3778042645924016
11,Q-learning,0.0,4600,0,5.885803638907915,6.263607903500317,0.3778042645924016
11,Q-learning,0.0,4700,0,5.885803638907915,6.263607903500317,0.3778042645924016
11,Q-learning,0.0,4800,0,5.885803638907915,6.263607903500317,0.3778042645924016
11,Q-learning,0.0,4900,0,5.885803638907915,6.263607903500317,0.3778042645924016
11,Q-learning,0.0,5000,0,5.885803638907915,6.263607903500317,0.3778042645924016
11,Dyna-Q,0.0,0,0,-2.0000000000000013,6.263607903500317,8.263607903500318
11,Dyna-Q,0.0,100,500,1.081191184025708,6.263607903500317,5.182416719474609
11,Dyna-Q,0.0,200,1000,6.191746974574256,6.263607903500317,0.07186092892606055
11,Dyna-Q,0.0,300,1500,6.205480720164309,6.263607903500317,0.058127183336007526
11,Dyna-Q,0.0,400,2000,6.205480720164309,6.263607903500317,0.058127183336007526
11,Dyna-Q,0.0,500,2500,6.226803270014355,6.263607903500317,0.036804633485961524
11,Dyna-Q,0.0,600,3000,6.243203409411358,6.263607903500317,0.02040449408895828
11,Dyna-Q,0.0,700,3500,6.243203409411358,6.263607903500317,0.02040449408895828
11,Dyna-Q,0.0,800,4000,6.199470857131132,6.263607903500317,0.0641370463691846
11,Dyna-Q,0.0,900,4500,6.199470857131132,6.263607903500317,0.0641370463691846
11,Dyna-Q,0.0,1000,5000,6.199470857131132,6.263607903500317,0.0641370463691846
11,Dyna-Q,0.0,1100,5500,6.199470857131132,6.263607903500317,0.0641370463691846
11,Dyna-Q,0.0,1200,6000,6.199470857131132,6.263607903500317,0.0641370463691846
11,Dyna-Q,0.0,1300,6500,6.199470857131132,6.263607903500317,0.0641370463691846
11,Dyna-Q,0.0,1400,7000,6.17265827569968,6.263607903500317,0.09094962780063653
11,Dyna-Q,0.0,1500,7500,6.173565817418905,6.263607903500317,0.09004208608141173
11,Dyna-Q,0.0,1600,8000,6.173565817418905,6.263607903500317,0.09004208608141173
11,Dyna-Q,0.0,1700,8500,6.17265827569968,6.263607903500317,0.09094962780063653
11,Dyna-Q,0.0,1800,9000,6.070604964360555,6.263607903500317,0.1930029391397614
11,Dyna-Q,0.0,1900,9500,6.068240055444477,6.263607903500317,0.19536784805583984
11,Dyna-Q,0.0,2000,10000,6.075992428311893,6.263607903500317,0.1876154751884238
11,Dyna-Q,0.0,2100,10500,3.0687765371302778,6.263607903500317,3.194831366370039
11,Dyna-Q,0.0,2200,11000,6.078381337793653,6.263607903500317,0.18522656570666385
11,Dyna-Q,0.0,2300,11500,6.078381337793653,6.263607903500317,0.18522656570666385
11,Dyna-Q,0.0,2400,12000,6.182149142751865,6.263607903500317,0.08145876074845138
11,Dyna-Q,0.0,2500,12500,5.497073185493435,6.263607903500317,0.7665347180068816
11,Dyna-Q,0.0,2600,13000,6.197856483546392,6.263607903500317,0.06575141995392464
11,Dyna-Q,0.0,2700,13500,5.823133467632519,6.263607903500317,0.4404744358677979
11,Dyna-Q,0.0,2800,14000,5.88865414364399,6.263607903500317,0.37495375985632684
11,Dyna-Q,0.0,2900,14500,6.182864985050987,6.263607903500317,0.08074291844932979
11,Dyna-Q,0.0,3000,15000,5.567352901722612,6.263607903500317,0.6962550017777049
11,Dyna-Q,0.0,3100,15500,6.174720150794886,6.263607903500317,0.08888775270543103
11,Dyna-Q,0.0,3200,16000,6.174720150794886,6.263607903500317,0.08888775270543103
11,Dyna-Q,0.0,3300,16500,6.171720867287329,6.263607903500317,0.091887036212988
11,Dyna-Q,0.0,3400,17000,6.187568736619672,6.263607903500317,0.07603916688064505
11,Dyna-Q,0.0,3500,17500,6.187568736619672,6.263607903500317,0.07603916688064505
11,Dyna-Q,0.0,3600,18000,6.187568736619672,6.263607903500317,0.07603916688064505
11,Dyna-Q,0.0,3700,18500,6.197856483546392,6.263607903500317,0.06575141995392464
11,Dyna-Q,0.0,3800,19000,6.197856483546392,6.263607903500317,0.06575141995392464
11,Dyna-Q,0.0,3900,19500,6.197856483546392,6.263607903500317,0.06575141995392464
11,Dyna-Q,0.0,4000,20000,6.197856483546392,6.263607903500317,0.06575141995392464
11,Dyna-Q,0.0,4100,20500,6.197856483546392,6.263607903500317,0.06575141995392464
11,Dyna-Q,0.0,4200,21000,6.197856483546392,6.263607903500317,0.06575141995392464
11,Dyna-Q,0.0,4300,21500,6.197856483546392,6.263607903500317,0.06575141995392464
11,Dyna-Q,0.0,4400,22000,6.197856483546392,6.263607903500317,0.06575141995392464
11,Dyna-Q,0.0,4500,22500,6.197856483546392,6.263607903500317,0.06575141995392464
11,Dyna-Q,0.0,4600,23000,6.197856483546392,6.263607903500317,0.06575141995392464
11,Dyna-Q,0.0,4700,23500,6.182149142751865,6.263607903500317,0.08145876074845138
11,Dyna-Q,0.0,4800,24000,6.103476481273137,6.263607903500317,0.16013142222718013
11,Dyna-Q,0.0,4900,24500,6.211806779627448,6.263607903500317,0.051801123872868615
11,Dyna-Q,0.0,5000,25000,6.211806779627448,6.263607903500317,0.051801123872868615
11,Dyna-Q,0.15,0,0,-2.0000000000000013,6.263607903500317,8.263607903500318
11,Dyna-Q,0.15,100,500,-1.9417181691183498,6.263607903500317,8.205326072618666
11,Dyna-Q,0.15,200,1000,0.0920592475605789,6.263607903500317,6.171548655939738
11,Dyna-Q,0.15,300,1500,-1.2748211608113114,6.263607903500317,7.538429064311628
11,Dyna-Q,0.15,400,2000,2.6070056994052173,6.263607903500317,3.6566022040950994
11,Dyna-Q,0.15,500,2500,1.2911073930196952,6.263607903500317,4.9725005104806215
11,Dyna-Q,0.15,600,3000,-1.958701159625138,6.263607903500317,8.222309063125454
11,Dyna-Q,0.15,700,3500,0.8849111883642351,6.263607903500317,5.378696715136082
11,Dyna-Q,0.15,800,4000,3.1510745979158292,6.263607903500317,3.1125333055844875
11,Dyna-Q,0.15,900,4500,5.659337818117677,6.263607903500317,0.6042700853826393
11,Dyna-Q,0.15,1000,5000,3.1510745979158292,6.263607903500317,3.1125333055844875
11,Dyna-Q,0.15,1100,5500,3.1593868144608206,6.263607903500317,3.104221089039496
11,Dyna-Q,0.15,1200,6000,5.782904970348728,6.263607903500317,0.48070293315158885
11,Dyna-Q,0.15,1300,6500,0.21744422553254122,6.263607903500317,6.046163677967775
11,Dyna-Q,0.15,1400,7000,0.5962652518165148,6.263607903500317,5.667342651683802
11,Dyna-Q,0.15,1500,7500,6.185321520045308,6.263607903500317,0.07828638345500849
11,Dyna-Q,0.15,1600,8000,6.007959688210846,6.263607903500317,0.25564821528947057
11,Dyna-Q,0.15,1700,8500,6.133362223755686,6.263607903500317,0.13024567974463075
11,Dyna-Q,0.15,1800,9000,5.9512928614580884,6.263607903500317,0.31231504204222826
11,Dyna-Q,0.15,1900,9500,5.689693266087706,6.263607903500317,0.573914637412611
11,Dyna-Q,0.15,2000,10000,2.713312397589397,6.263607903500317,3.5502955059109196
11,Dyna-Q,0.15,2100,10500,6.109166337497453,6.263607903500317,0.15444156600286352
11,Dyna-Q,0.15,2200,11000,6.109166337497453,6.263607903500317,0.15444156600286352
11,Dyna-Q,0.15,2300,11500,6.01519846379977,6.263607903500317,0.24840943970054674
11,Dyna-Q,0.15,2400,12000,5.658030046965146,6.263607903500317,0.605577856535171
11,Dyna-Q,0.15,2500,12500,6.085157988279311,6.263607903500317,0.17844991522100528
11,Dyna-Q,0.15,2600,13000,5.969059892261768,6.263607903500317,0.29454801123854857
11,Dyna-Q,0.15,2700,13500,3.3432240011086454,6.263607903500317,2.9203839023916713
11,Dyna-Q,0.15,2800,14000,5.422774207093148,6.263607903500317,0.8408336964071683
11,Dyna-Q,0.15,2900,14500,6.256162817535298,6.263607903500317,0.007445085965018805
11,Dyna-Q,0.15,3000,15000,3.2828962725549387,6.263607903500317,2.980711630945378
11,Dyna-Q,0.15,3100,15500,1.016552229835378,6.263607903500317,5.2470556736649385
11,Dyna-Q,0.15,3200,16000,5.8758114013271365,6.263607903500317,0.3877965021731802
11,Dyna-Q,0.15,3300,16500,5.998271598209182,6.263607903500317,0.26533630529113506
11,Dyna-Q,0.15,3400,17000,6.233980616524453,6.263607903500317,0.02962728697586403
11,Dyna-Q,0.15,3500,17500,3.120923398850895,6.263607903500317,3.142684504649422
11,Dyna-Q,0.15,3600,18000,3.0372922341765873,6.263607903500317,3.2263156693237294
11,Dyna-Q,0.15,3700,18500,3.0411939657349905,6.263607903500317,3.2224139377653263
11,Dyna-Q,0.15,3800,19000,4.728755136692455,6.263607903500317,1.5348527668078615
11,Dyna-Q,0.15,3900,19500,2.597972573511332,6.263607903500317,3.6656353299889846
11,Dyna-Q,0.15,4000,20000,5.962070596919114,6.263607903500317,0.3015373065812028
11,Dyna-Q,0.15,4100,20500,3.049667735242042,6.263607903500317,3.213940168258275
11,Dyna-Q,0.15,4200,21000,3.289753277241662,6.263607903500317,2.9738546262586545
11,Dyna-Q,0.15,4300,21500,6.2254116253703256,6.263607903500317,0.03819627812999116
11,Dyna-Q,0.15,4400,22000,6.1831086627684435,6.263607903500317,0.0804992407318732
11,Dyna-Q,0.15,4500,22500,6.211806779627448,6.263607903500317,0.051801123872868615
11,Dyna-Q,0.15,4600,23000,2.481666925399549,6.263607903500317,3.7819409781007676
11,Dyna-Q,0.15,4700,23500,2.6175882052597657,6.263607903500317,3.646019698240551
11,Dyna-Q,0.15,4800,24000,-1.9543800286456463,6.263607903500317,8.217987932145963
11,Dyna-Q,0.15,4900,24500,0.6856381300761438,6.263607903500317,5.577969773424173
11,Dyna-Q,0.15,5000,25000,5.877371945129074,6.263607903500317,0.3862359583712429
11,Dyna-Q,0.35,0,0,-2.0000000000000013,6.263607903500317,8.263607903500318
11,Dyna-Q,0.35,100,500,2.3670986402049503,6.263607903500317,3.8965092632953664
11,Dyna-Q,0.35,200,1000,-1.8392478497290348,6.263607903500317,8.10285575322935
11,Dyna-Q,0.35,300,1500,2.6653783034884615,6.263607903500317,3.598229600011855
11,Dyna-Q,0.35,400,2000,2.7999050000259964,6.263607903500317,3.4637029034743203
11,Dyna-Q,0.35,500,2500,5.971480829523902,6.263607903500317,0.292127073976415
11,Dyna-Q,0.35,600,3000,5.928235904823649,6.263607903500317,0.3353719986766679
11,Dyna-Q,0.35,700,3500,2.4434016976253687,6.263607903500317,3.820206205874948
11,Dyna-Q,0.35,800,4000,6.221523382931744,6.263607903500317,0.04208452056857315
11,Dyna-Q,0.35,900,4500,5.871671305596088,6.263607903500317,0.39193659790422863
11,Dyna-Q,0.35,1000,5000,-0.6605611119699517,6.263607903500317,6.924169015470269
11,Dyna-Q,0.35,1100,5500,5.7723102039894085,6.263607903500317,0.4912976995109082
11,Dyna-Q,0.35,1200,6000,6.252698803146877,6.263607903500317,0.01090910035344006
11,Dyna-Q,0.35,1300,6500,3.137617186164074,6.263607903500317,3.1259907173362427
11,Dyna-Q,0.35,1400,7000,6.073234981515036,6.263607903500317,0.190372921985281
11,Dyna-Q,0.35,1500,7500,5.59446109479278,6.263607903500317,0.669146808707537
11,Dyna-Q,0.35,1600,8000,1.5070247258785947,6.263607903500317,4.756583177621722
11,Dyna-Q,0.35,1700,8500,-1.2502581897155016,6.263607903500317,7.513866093215818
11,Dyna-Q,0.35,1800,9000,5.567857200290066,6.263607903500317,0.6957507032102503
11,Dyna-Q,0.35,1900,9500,2.642616061471695,6.263607903500317,3.6209918420286216
11,Dyna-Q,0.35,2000,10000,0.9798480687462775,6.263607903500317,5.283759834754039
11,Dyna-Q,0.35,2100,10500,0.8823562569044401,6.263607903500317,5.381251646595876
11,Dyna-Q,0.35,2200,11000,1.01615376525741,6.263607903500317,5.247454138242906
11,Dyna-Q,0.35,2300,11500,-0.3043339527201892,6.263607903500317,6.567941856220506
11,Dyna-Q,0.35,2400,12000,6.211806779627448,6.263607903500317,0.051801123872868615
11,Dyna-Q,0.35,2500,12500,2.806283797256111,6.263607903500317,3.4573241062442057
11,Dyna-Q,0.35,2600,13000,5.849092118126111,6.263607903500317,0.4145157853742054
11,Dyna-Q,0.35,2700,13500,2.659723521793418,6.263607903500317,3.603884381706899
11,Dyna-Q,0.35,2800,14000,3.158025857635295,6.263607903500317,3.1055820458650216
11,Dyna-Q,0.35,2900,14500,-1.3068672065774611,6.263607903500317,7.570475110077778
11,Dyna-Q,0.35,3000,15000,5.383004609261168,6.263607903500317,0.8806032942391484
11,Dyna-Q,0.35,3100,15500,2.4516496530814504,6.263607903500317,3.8119582504188663
11,Dyna-Q,0.35,3200,16000,6.003878015889222,6.263607903500317,0.25972988761109495
11,Dyna-Q,0.35,3300,16500,2.9374978091009307,6.263607903500317,3.326110094399386
11,Dyna-Q,0.35,3400,17000,4.701961615038735,6.263607903500317,1.5616462884615814
11,Dyna-Q,0.35,3500,17500,5.5067883263567,6.263607903500317,0.7568195771436166
11,Dyna-Q,0.35,3600,18000,1.214243916090713,6.263607903500317,5.0493639874096035
11,Dyna-Q,0.35,3700,18500,2.9646629781587053,6.263607903500317,3.2989449253416114
11,Dyna-Q,0.35,3800,19000,5.864349352577823,6.263607903500317,0.39925855092249396
11,Dyna-Q,0.35,3900,19500,6.22272458098214,6.263607903500317,0.04088332251817661
11,Dyna-Q,0.35,4000,20000,0.2804853099009684,6.263607903500317,5.983122593599348
11,Dyna-Q,0.35,4100,20500,5.284830554077577,6.263607903500317,0.9787773494227396
11,Dyna-Q,0.35,4200,21000,2.822121525165779,6.263607903500317,3.4414863783345377
11,Dyna-Q,0.35,4300,21500,3.1595641501918377,6.263607903500317,3.104043753308479
11,Dyna-Q,0.35,4400,22000,5.4604930547785955,6.263607903500317,0.8031148487217212
11,Dyna-Q,0.35,4500,22500,2.3706985586485265,6.263607903500317,3.89290934485179
11,Dyna-Q,0.35,4600,23000,2.50614577855584,6.263607903500317,3.757462124944477
11,Dyna-Q,0.35,4700,23500,6.211806779627448,6.263607903500317,0.051801123872868615
11,Dyna-Q,0.35,4800,24000,2.667707643737435,6.263607903500317,3.5959002597628817
11,Dyna-Q,0.35,4900,24500,2.9187845178347893,6.263607903500317,3.3448233856655274
11,Dyna-Q,0.35,5000,25000,6.211806779627448,6.263607903500317,0.051801123872868615
22,Q-learning,0.0,0,0,-2.0000000000000013,6.263607903500317,8.263607903500318
22,Q-learning,0.0,100,0,-1.743790815320694,6.263607903500317,8.00739871882101
22,Q-learning,0.0,200,0,-1.9775383441346839,6.263607903500317,8.241146247635001
22,Q-learning,0.0,300,0,-0.48972344455428196,6.263607903500317,6.753331348054599
22,Q-learning,0.0,400,0,5.368130155653949,6.263607903500317,0.8954777478463676
22,Q-learning,0.0,500,0,5.966433040388289,6.263607903500317,0.2971748631120281
22,Q-learning,0.0,600,0,5.97873827709419,6.263607903500317,0.28486962640612656
22,Q-learning,0.0,700,0,5.97873827709419,6.263607903500317,0.28486962640612656
22,Q-learning,0.0,800,0,6.182263863024617,6.263607903500317,0.08134404047569976
22,Q-learning,0.0,900,0,6.182263863024617,6.263607903500317,0.08134404047569976
22,Q-learning,0.0,1000,0,6.182263863024617,6.263607903500317,0.08134404047569976
22,Q-learning,0.0,1100,0,6.182263863024617,6.263607903500317,0.08134404047569976
22,Q-learning,0.0,1200,0,6.182263863024617,6.263607903500317,0.08134404047569976
22,Q-learning,0.0,1300,0,6.182263863024617,6.263607903500317,0.08134404047569976
22,Q-learning,0.0,1400,0,6.182263863024617,6.263607903500317,0.08134404047569976
22,Q-learning,0.0,1500,0,6.182263863024617,6.263607903500317,0.08134404047569976
22,Q-learning,0.0,1600,0,6.182263863024617,6.263607903500317,0.08134404047569976
22,Q-learning,0.0,1700,0,6.182263863024617,6.263607903500317,0.08134404047569976
22,Q-learning,0.0,1800,0,6.182263863024617,6.263607903500317,0.08134404047569976
22,Q-learning,0.0,1900,0,6.182263863024617,6.263607903500317,0.08134404047569976
22,Q-learning,0.0,2000,0,6.182545699866968,6.263607903500317,0.0810622036333486
22,Q-learning,0.0,2100,0,6.182545699866968,6.263607903500317,0.0810622036333486
22,Q-learning,0.0,2200,0,6.182545699866968,6.263607903500317,0.0810622036333486
22,Q-learning,0.0,2300,0,6.182545699866968,6.263607903500317,0.0810622036333486
22,Q-learning,0.0,2400,0,6.182545699866968,6.263607903500317,0.0810622036333486
22,Q-learning,0.0,2500,0,6.182545699866968,6.263607903500317,0.0810622036333486
22,Q-learning,0.0,2600,0,6.182545699866968,6.263607903500317,0.0810622036333486
22,Q-learning,0.0,2700,0,6.182545699866968,6.263607903500317,0.0810622036333486
22,Q-learning,0.0,2800,0,6.182545699866968,6.263607903500317,0.0810622036333486
22,Q-learning,0.0,2900,0,6.182545699866968,6.263607903500317,0.0810622036333486
22,Q-learning,0.0,3000,0,6.182545699866968,6.263607903500317,0.0810622036333486
22,Q-learning,0.0,3100,0,6.182545699866968,6.263607903500317,0.0810622036333486
22,Q-learning,0.0,3200,0,6.182545699866968,6.263607903500317,0.0810622036333486
22,Q-learning,0.0,3300,0,6.182545699866968,6.263607903500317,0.0810622036333486
22,Q-learning,0.0,3400,0,3.165305096263334,6.263607903500317,3.098302807236983
22,Q-learning,0.0,3500,0,6.182545699866968,6.263607903500317,0.0810622036333486
22,Q-learning,0.0,3600,0,6.182545699866968,6.263607903500317,0.0810622036333486
22,Q-learning,0.0,3700,0,6.182545699866968,6.263607903500317,0.0810622036333486
22,Q-learning,0.0,3800,0,6.182545699866968,6.263607903500317,0.0810622036333486
22,Q-learning,0.0,3900,0,6.182545699866968,6.263607903500317,0.0810622036333486
22,Q-learning,0.0,4000,0,6.182545699866968,6.263607903500317,0.0810622036333486
22,Q-learning,0.0,4100,0,6.182545699866968,6.263607903500317,0.0810622036333486
22,Q-learning,0.0,4200,0,6.182545699866968,6.263607903500317,0.0810622036333486
22,Q-learning,0.0,4300,0,6.182545699866968,6.263607903500317,0.0810622036333486
22,Q-learning,0.0,4400,0,6.182545699866968,6.263607903500317,0.0810622036333486
22,Q-learning,0.0,4500,0,6.182545699866968,6.263607903500317,0.0810622036333486
22,Q-learning,0.0,4600,0,6.182545699866968,6.263607903500317,0.0810622036333486
22,Q-learning,0.0,4700,0,6.182545699866968,6.263607903500317,0.0810622036333486
22,Q-learning,0.0,4800,0,6.182545699866968,6.263607903500317,0.0810622036333486
22,Q-learning,0.0,4900,0,6.182545699866968,6.263607903500317,0.0810622036333486
22,Q-learning,0.0,5000,0,6.182545699866968,6.263607903500317,0.0810622036333486
22,Dyna-Q,0.0,0,0,-2.0000000000000013,6.263607903500317,8.263607903500318
22,Dyna-Q,0.0,100,500,1.5948111087246937,6.263607903500317,4.6687967947756235
22,Dyna-Q,0.0,200,1000,5.175107014712153,6.263607903500317,1.0885008887881638
22,Dyna-Q,0.0,300,1500,5.341050931251803,6.263607903500317,0.9225569722485139
22,Dyna-Q,0.0,400,2000,5.401740673592777,6.263607903500317,0.8618672299075394
22,Dyna-Q,0.0,500,2500,5.413083949448811,6.263607903500317,0.8505239540515053
22,Dyna-Q,0.0,600,3000,5.401802646912272,6.263607903500317,0.8618052565880445
22,Dyna-Q,0.0,700,3500,5.401802646912272,6.263607903500317,0.8618052565880445
22,Dyna-Q,0.0,800,4000,5.4120792356970835,6.263607903500317,0.8515286678032332
22,Dyna-Q,0.0,900,4500,5.401802646912272,6.263607903500317,0.8618052565880445
22,Dyna-Q,0.0,1000,5000,5.4120792356970835,6.263607903500317,0.8515286678032332
22,Dyna-Q,0.0,1100,5500,-1.4028999770106039,6.263607903500317,7.66650788051092
22,Dyna-Q,0.0,1200,6000,5.256472812856053,6.263607903500317,1.0071350906442635
22,Dyna-Q,0.0,1300,6500,5.413483971938511,6.263607903500317,0.8501239315618054
22,Dyna-Q,0.0,1400,7000,5.413483971938511,6.263607903500317,0.8501239315618054
22,Dyna-Q,0.0,1500,7500,5.40631182939846,6.263607903500317,0.8572960741018569
22,Dyna-Q,0.0,1600,8000,-1.7216654663781945,6.263607903500317,7.985273369878511
22,Dyna-Q,0.0,1700,8500,5.40631182939846,6.263607903500317,0.8572960741018569
22,Dyna-Q,0.0,1800,9000,2.4150601783628014,6.263607903500317,3.8485477251375153
22,Dyna-Q,0.0,1900,9500,5.4048746484391526,6.263607903500317,0.8587332550611642
22,Dyna-Q,0.0,2000,10000,5.4022467361446465,6.263607903500317,0.8613611673556703
22,Dyna-Q,0.0,2100,10500,2.5124449415023453,6.263607903500317,3.7511629619979714
22,Dyna-Q,0.0,2200,11000,5.0057828204206904,6.263607903500317,1.2578250830796263
22,Dyna-Q,0.0,2300,11500,5.007714274374417,6.263607903500317,1.2558936291258993
22,Dyna-Q,0.0,2400,12000,5.0077597630379165,6.263607903500317,1.2558481404624002
22,Dyna-Q,0.0,2500,12500,5.007714274374417,6.263607903500317,1.2558936291258993
22,Dyna-Q,0.0,2600,13000,2.0949400550746136,6.263607903500317,4.168667848425703
22,Dyna-Q,0.0,2700,13500,2.1529216883264497,6.263607903500317,4.1106862151738675
22,Dyna-Q,0.0,2800,14000,5.121206598245788,6.263607903500317,1.1424013052545288
22,Dyna-Q,0.0,2900,14500,5.12190141086523,6.263607903500317,1.1417064926350866
22,Dyna-Q,0.0,3000,15000,5.0057828204206904,6.263607903500317,1.2578250830796263
22,Dyna-Q,0.0,3100,15500,5.016228895790545,6.263607903500317,1.247379007709772
22,Dyna-Q,0.0,3200,16000,5.016228895790545,6.263607903500317,1.247379007709772
22,Dyna-Q,0.0,3300,16500,5.042607630911852,6.263607903500317,1.2210002725884648
22,Dyna-Q,0.0,3400,17000,-2.4418261950862554,6.263607903500317,8.705434098586572
22,Dyna-Q,0.0,3500,17500,5.059877367459527,6.263607903500317,1.2037305360407897
22,Dyna-Q,0.0,3600,18000,5.24536008788203,6.263607903500317,1.0182478156182864
22,Dyna-Q,0.0,3700,18500,5.152770308204276,6.263607903500317,1.110837595296041
22,Dyna-Q,0.0,3800,19000,5.607622944330945,6.263607903500317,0.6559849591693716
22,Dyna-Q,0.0,3900,19500,5.189585798215933,6.263607903500317,1.0740221052843841
22,Dyna-Q,0.0,4000,20000,3.4488707079754732,6.263607903500317,2.8147371955248435
22,Dyna-Q,0.0,4100,20500,3.245017292860767,6.263607903500317,3.0185906106395497
22,Dyna-Q,0.0,4200,21000,6.263607903500317,6.263607903500317,0.0
22,Dyna-Q,0.0,4300,21500,6.233980616524453,6.263607903500317,0.02962728697586403
22,Dyna-Q,0.0,4400,22000,6.22272458098214,6.263607903500317,0.04088332251817661
22,Dyna-Q,0.0,4500,22500,3.1534169303257595,6.263607903500317,3.110190973174557
22,Dyna-Q,0.0,4600,23000,5.943084001889441,6.263607903500317,0.3205239016108754
22,Dyna-Q,0.0,4700,23500,6.22272458098214,6.263607903500317,0.04088332251817661
22,Dyna-Q,0.0,4800,24000,6.22272458098214,6.263607903500317,0.04088332251817661
22,Dyna-Q,0.0,4900,24500,5.502331285814421,6.263607903500317,0.7612766176858958
22,Dyna-Q,0.0,5000,25000,5.502331285814421,6.263607903500317,0.7612766176858958
22,Dyna-Q,0.15,0,0,-2.0000000000000013,6.263607903500317,8.263607903500318
22,Dyna-Q,0.15,100,500,1.6947950065434099,6.263607903500317,4.568812896956906
22,Dyna-Q,0.15,200,1000,3.5664450656811892,6.263607903500317,2.6971628378191275
22,Dyna-Q,0.15,300,1500,4.110373383324538,6.263607903500317,2.1532345201757783
22,Dyna-Q,0.15,400,2000,4.836145389874367,6.263607903500317,1.42746251362595
22,Dyna-Q,0.15,500,2500,5.045261709102376,6.263607903500317,1.2183461943979408
22,Dyna-Q,0.15,600,3000,-0.18542646283051634,6.263607903500317,6.449034366330833
22,Dyna-Q,0.15,700,3500,5.461062846551741,6.263607903500317,0.8025450569485759
22,Dyna-Q,0.15,800,4000,5.669626084332223,6.263607903500317,0.5939818191680937
22,Dyna-Q,0.15,900,4500,5.597370583952381,6.263607903500317,0.6662373195479354
22,Dyna-Q,0.15,1000,5000,5.669626084332223,6.263607903500317,0.5939818191680937
22,Dyna-Q,0.15,1100,5500,0.16902525374057092,6.263607903500317,6.0945826497597455
22,Dyna-Q,0.15,1200,6000,5.991756988479598,6.263607903500317,0.27185091502071845
22,Dyna-Q,0.15,1300,6500,5.996850634456687,6.263607903500317,0.2667572690436293
22,Dyna-Q,0.15,1400,7000,2.0927143557483747,6.263607903500317,4.170893547751942
22,Dyna-Q,0.15,1500,7500,4.280377229652072,6.263607903500317,1.9832306738482446
22,Dyna-Q,0.15,1600,8000,3.20014510652242,6.263607903500317,3.063462796977897
22,Dyna-Q,0.15,1700,8500,6.2086452259056495,6.263607903500317,0.05496267759466722
22,Dyna-Q,0.15,1800,9000,4.723269480342762,6.263607903500317,1.5403384231575545
22,Dyna-Q,0.15,1900,9500,0.08601337291607383,6.263607903500317,6.177594530584243
22,Dyna-Q,0.15,2000,10000,2.9646629781587053,6.263607903500317,3.2989449253416114
22,Dyna-Q,0.15,2100,10500,6.110899083735137,6.263607903500317,0.1527088197651798
22,Dyna-Q,0.15,2200,11000,6.211806779627448,6.263607903500317,0.051801123872868615
22,Dyna-Q,0.15,2300,11500,6.211806779627448,6.263607903500317,0.051801123872868615
22,Dyna-Q,0.15,2400,12000,2.996417349120539,6.263607903500317,3.267190554379778
22,Dyna-Q,0.15,2500,12500,6.219989986773034,6.263607903500317,0.04361791672728277
22,Dyna-Q,0.15,2600,13000,6.236248081251397,6.263607903500317,0.027359822248919308
22,Dyna-Q,0.15,2700,13500,6.211806779627448,6.263607903500317,0.051801123872868615
22,Dyna-Q,0.15,2800,14000,-1.238094142290947,6.263607903500317,7.501702045791264
22,Dyna-Q,0.15,2900,14500,-1.280016605332348,6.263607903500317,7.543624508832664
22,Dyna-Q,0.15,3000,15000,6.256124060693601,6.263607903500317,0.007483842806715657
22,Dyna-Q,0.15,3100,15500,6.200877408616011,6.263607903500317,0.06273049488430527
22,Dyna-Q,0.15,3200,16000,3.000806074456061,6.263607903500317,3.2628018290442555
22,Dyna-Q,0.15,3300,16500,6.21367143208265,6.263607903500317,0.04993647141766644
22,Dyna-Q,0.15,3400,17000,6.011191132014194,6.263607903500317,0.2524167714861223
22,Dyna-Q,0.15,3500,17500,6.237175951074367,6.263607903500317,0.026431952425949312
22,Dyna-Q,0.15,3600,18000,2.7404364289137386,6.263607903500317,3.523171474586578
22,Dyna-Q,0.15,3700,18500,3.2473428808672575,6.263607903500317,3.016265022633059
22,Dyna-Q,0.15,3800,19000,2.588610468745293,6.263607903500317,3.674997434755024
22,Dyna-Q,0.15,3900,19500,5.634582357399691,6.263607903500317,0.6290255461006256
22,Dyna-Q,0.15,4000,20000,0.9981640877377002,6.263607903500317,5.265443815762617
22,Dyna-Q,0.15,4100,20500,5.319894489469079,6.263607903500317,0.9437134140312375
22,Dyna-Q,0.15,4200,21000,5.643089361261416,6.263607903500317,0.6205185422389006
22,Dyna-Q,0.15,4300,21500,6.206546556333086,6.263607903500317,0.05706134716723099
22,Dyna-Q,0.15,4400,22000,3.143448356220765,6.263607903500317,3.1201595472795516
22,Dyna-Q,0.15,4500,22500,1.125428284227968,6.263607903500317,5.138179619272349
22,Dyna-Q,0.15,4600,23000,6.193846386018808,6.263607903500317,0.06976151748150894
22,Dyna-Q,0.15,4700,23500,3.1717123489270618,6.263607903500317,3.091895554573255
22,Dyna-Q,0.15,4800,24000,6.21367143208265,6.263607903500317,0.04993647141766644
22,Dyna-Q,0.15,4900,24500,-0.3889969255467369,6.263607903500317,6.652604829047053
22,Dyna-Q,0.15,5000,25000,6.07430355861306,6.263607903500317,0.18930434488725645
22,Dyna-Q,0.35,0,0,-2.0000000000000013,6.263607903500317,8.263607903500318
22,Dyna-Q,0.35,100,500,-2.198760209090074,6.263607903500317,8.46236811259039
22,Dyna-Q,0.35,200,1000,-1.1864185322066527,6.263607903500317,7.450026435706969
22,Dyna-Q,0.35,300,1500,4.707025916505224,6.263607903500317,1.5565819869950923
22,Dyna-Q,0.35,400,2000,-1.4037217911124251,6.263607903500317,7.667329694612742
22,Dyna-Q,0.35,500,2500,4.583218022750815,6.263607903500317,1.6803898807495017
22,Dyna-Q,0.35,600,3000,5.2120230465132185,6.263607903500317,1.0515848569870982
22,Dyna-Q,0.35,700,3500,2.3626015698051526,6.263607903500317,3.901006333695164
22,Dyna-Q,0.35,800,4000,4.806140297327171,6.263607903500317,1.4574676061731457
22,Dyna-Q,0.35,900,4500,4.2911100493067424,6.263607903500317,1.9724978541935743
22,Dyna-Q,0.35,1000,5000,5.103039044370192,6.263607903500317,1.1605688591301249
22,Dyna-Q,0.35,1100,5500,-1.1917932874069777,6.263607903500317,7.455401190907295
22,Dyna-Q,0.35,1200,6000,5.205132784751702,6.263607903500317,1.058475118748615
22,Dyna-Q,0.35,1300,6500,2.089360910065835,6.263607903500317,4.1742469934344815
22,Dyna-Q,0.35,1400,7000,-1.3839652643221565,6.263607903500317,7.647573167822474
22,Dyna-Q,0.35,1500,7500,-1.6569616730944556,6.263607903500317,7.920569576594772
22,Dyna-Q,0.35,1600,8000,-1.9916905741059125,6.263607903500317,8.25529847760623
22,Dyna-Q,0.35,1700,8500,-1.631962529189038,6.263607903500317,7.895570432689355
22,Dyna-Q,0.35,1800,9000,0.8990274522139613,6.263607903500317,5.364580451286355
22,Dyna-Q,0.35,1900,9500,1.6934338487659184,6.263607903500317,4.570174054734398
22,Dyna-Q,0.35,2000,10000,-0.15395843525919647,6.263607903500317,6.417566338759513
22,Dyna-Q,0.35,2100,10500,2.547037154903961,6.263607903500317,3.7165707485963555
22,Dyna-Q,0.35,2200,11000,4.879729419511624,6.263607903500317,1.3838784839886928
22,Dyna-Q,0.35,2300,11500,-0.6931276965187587,6.263607903500317,6.956735600019075
22,Dyna-Q,0.35,2400,12000,0.9012493663495771,6.263607903500317,5.362358537150739
22,Dyna-Q,0.35,2500,12500,2.371467798155595,6.263607903500317,3.8921401053447218
22,Dyna-Q,0.35,2600,13000,1.46191782430115,6.263607903500317,4.801690079199167
22,Dyna-Q,0.35,2700,13500,2.637932455285205,6.263607903500317,3.625675448215112
22,Dyna-Q,0.35,2800,14000,2.6953784717585125,6.263607903500317,3.568229431741804
22,Dyna-Q,0.35,2900,14500,5.870207569331803,6.263607903500317,0.39340033416851394
22,Dyna-Q,0.35,3000,15000,2.873892881839347,6.263607903500317,3.3897150216609697
22,Dyna-Q,0.35,3100,15500,-0.44604743614527087,6.263607903500317,6.709655339645588
22,Dyna-Q,0.35,3200,16000,-0.12594557848734528,6.263607903500317,6.389553481987662
22,Dyna-Q,0.35,3300,16500,3.189767165377854,6.263607903500317,3.073840738122463
22,Dyna-Q,0.35,3400,17000,5.594297403670897,6.263607903500317,0.6693104998294199
22,Dyna-Q,0.35,3500,17500,5.697414519685433,6.263607903500317,0.566193383814884
22,Dyna-Q,0.35,3600,18000,3.036175218535426,6.263607903500317,3.227432684964891
22,Dyna-Q,0.35,3700,18500,5.743996973263125,6.263607903500317,0.5196109302371914
22,Dyna-Q,0.35,3800,19000,-0.3939244226650677,6.263607903500317,6.657532326165384
22,Dyna-Q,0.35,3900,19500,-0.17848210406019893,6.263607903500317,6.442090007560516
22,Dyna-Q,0.35,4000,20000,0.9590437462729404,6.263607903500317,5.304564157227376
22,Dyna-Q,0.35,4100,20500,2.5128235404699057,6.263607903500317,3.750784363030411
22,Dyna-Q,0.35,4200,21000,2.960351024352978,6.263607903500317,3.3032568791473387
22,Dyna-Q,0.35,4300,21500,2.3695689013777,6.263607903500317,3.8940390021226166
22,Dyna-Q,0.35,4400,22000,-1.8592676651601439,6.263607903500317,8.122875568660461
22,Dyna-Q,0.35,4500,22500,-1.5518650662742421,6.263607903500317,7.815472969774559
22,Dyna-Q,0.35,4600,23000,2.8830563790991244,6.263607903500317,3.3805515244011923
22,Dyna-Q,0.35,4700,23500,-1.864739040974495,6.263607903500317,8.128346944474812
22,Dyna-Q,0.35,4800,24000,0.9686146193893641,6.263607903500317,5.294993284110952
22,Dyna-Q,0.35,4900,24500,4.858815968422497,6.263607903500317,1.40479193507782
22,Dyna-Q,0.35,5000,25000,2.5687883204623447,6.263607903500317,3.694819583037972
33,Q-learning,0.0,0,0,-2.0000000000000013,6.263607903500317,8.263607903500318
33,Q-learning,0.0,100,0,-2.2754104800722215,6.263607903500317,8.539018383572538
33,Q-learning,0.0,200,0,-1.9984369099540007,6.263607903500317,8.262044813454317
33,Q-learning,0.0,300,0,-1.9881254866734,6.263607903500317,8.251733390173717
33,Q-learning,0.0,400,0,-0.4523389327104989,6.263607903500317,6.715946836210816
33,Q-learning,0.0,500,0,-1.294669316897669,6.263607903500317,7.5582772203979856
33,Q-learning,0.0,600,0,5.818587032804317,6.263607903500317,0.44502087069599927
33,Q-learning,0.0,700,0,6.103476481273137,6.263607903500317,0.16013142222718013
33,Q-learning,0.0,800,0,6.06766214721153,6.263607903500317,0.1959457562887863
33,Q-learning,0.0,900,0,6.06766214721153,6.263607903500317,0.1959457562887863
33,Q-learning,0.0,1000,0,6.06766214721153,6.263607903500317,0.1959457562887863
33,Q-learning,0.0,1100,0,6.06766214721153,6.263607903500317,0.1959457562887863
33,Q-learning,0.0,1200,0,6.087239696824565,6.263607903500317,0.17636820667575215
33,Q-learning,0.0,1300,0,6.087239696824565,6.263607903500317,0.17636820667575215
33,Q-learning,0.0,1400,0,6.087239696824565,6.263607903500317,0.17636820667575215
33,Q-learning,0.0,1500,0,6.087239696824565,6.263607903500317,0.17636820667575215
33,Q-learning,0.0,1600,0,6.087239696824565,6.263607903500317,0.17636820667575215
33,Q-learning,0.0,1700,0,6.087239696824565,6.263607903500317,0.17636820667575215
33,Q-learning,0.0,1800,0,6.087239696824565,6.263607903500317,0.17636820667575215
33,Q-learning,0.0,1900,0,6.087239696824565,6.263607903500317,0.17636820667575215
33,Q-learning,0.0,2000,0,6.087239696824565,6.263607903500317,0.17636820667575215
33,Q-learning,0.0,2100,0,6.087239696824565,6.263607903500317,0.17636820667575215
33,Q-learning,0.0,2200,0,6.087239696824565,6.263607903500317,0.17636820667575215
33,Q-learning,0.0,2300,0,6.087239696824565,6.263607903500317,0.17636820667575215
33,Q-learning,0.0,2400,0,6.087239696824565,6.263607903500317,0.17636820667575215
33,Q-learning,0.0,2500,0,6.087239696824565,6.263607903500317,0.17636820667575215
33,Q-learning,0.0,2600,0,6.087239696824565,6.263607903500317,0.17636820667575215
33,Q-learning,0.0,2700,0,6.087239696824565,6.263607903500317,0.17636820667575215
33,Q-learning,0.0,2800,0,6.087239696824565,6.263607903500317,0.17636820667575215
33,Q-learning,0.0,2900,0,6.087239696824565,6.263607903500317,0.17636820667575215
33,Q-learning,0.0,3000,0,6.087239696824565,6.263607903500317,0.17636820667575215
33,Q-learning,0.0,3100,0,6.087239696824565,6.263607903500317,0.17636820667575215
33,Q-learning,0.0,3200,0,6.087239696824565,6.263607903500317,0.17636820667575215
33,Q-learning,0.0,3300,0,6.087239696824565,6.263607903500317,0.17636820667575215
33,Q-learning,0.0,3400,0,6.087239696824565,6.263607903500317,0.17636820667575215
33,Q-learning,0.0,3500,0,6.087239696824565,6.263607903500317,0.17636820667575215
33,Q-learning,0.0,3600,0,6.087239696824565,6.263607903500317,0.17636820667575215
33,Q-learning,0.0,3700,0,6.087239696824565,6.263607903500317,0.17636820667575215
33,Q-learning,0.0,3800,0,6.087239696824565,6.263607903500317,0.17636820667575215
33,Q-learning,0.0,3900,0,6.087239696824565,6.263607903500317,0.17636820667575215
33,Q-learning,0.0,4000,0,-1.8097489640783488,6.263607903500317,8.073356867578665
33,Q-learning,0.0,4100,0,6.087239696824565,6.263607903500317,0.17636820667575215
33,Q-learning,0.0,4200,0,2.6561373756178464,6.263607903500317,3.6074705278824704
33,Q-learning,0.0,4300,0,6.086430549006373,6.263607903500317,0.1771773544939439
33,Q-learning,0.0,4400,0,6.086430549006373,6.263607903500317,0.1771773544939439
33,Q-learning,0.0,4500,0,6.086430549006373,6.263607903500317,0.1771773544939439
33,Q-learning,0.0,4600,0,6.086430549006373,6.263607903500317,0.1771773544939439
33,Q-learning,0.0,4700,0,6.086430549006373,6.263607903500317,0.1771773544939439
33,Q-learning,0.0,4800,0,6.086430549006373,6.263607903500317,0.1771773544939439
33,Q-learning,0.0,4900,0,6.086430549006373,6.263607903500317,0.1771773544939439
33,Q-learning,0.0,5000,0,6.086430549006373,6.263607903500317,0.1771773544939439
33,Dyna-Q,0.0,0,0,-2.0000000000000013,6.263607903500317,8.263607903500318
33,Dyna-Q,0.0,100,500,6.07279312866324,6.263607903500317,0.19081477483707676
33,Dyna-Q,0.0,200,1000,5.691808285343068,6.263607903500317,0.5717996181572484
33,Dyna-Q,0.0,300,1500,5.691808285343068,6.263607903500317,0.5717996181572484
33,Dyna-Q,0.0,400,2000,5.544195767033155,6.263607903500317,0.7194121364671613
33,Dyna-Q,0.0,500,2500,5.691808285343068,6.263607903500317,0.5717996181572484
33,Dyna-Q,0.0,600,3000,6.256162817535298,6.263607903500317,0.007445085965018805
33,Dyna-Q,0.0,700,3500,5.970945966434337,6.263607903500317,0.2926619370659793
33,Dyna-Q,0.0,800,4000,6.263607903500317,6.263607903500317,0.0
33,Dyna-Q,0.0,900,4500,6.263607903500317,6.263607903500317,0.0
33,Dyna-Q,0.0,1000,5000,6.22272458098214,6.263607903500317,0.04088332251817661
33,Dyna-Q,0.0,1100,5500,6.233980616524453,6.263607903500317,0.02962728697586403
33,Dyna-Q,0.0,1200,6000,6.2254116253703256,6.263607903500317,0.03819627812999116
33,Dyna-Q,0.0,1300,6500,5.972609108237301,6.263607903500317,0.29099879526301553
33,Dyna-Q,0.0,1400,7000,6.2254116253703256,6.263607903500317,0.03819627812999116
33,Dyna-Q,0.0,1500,7500,6.193846386018808,6.263607903500317,0.06976151748150894
33,Dyna-Q,0.0,1600,8000,6.22272458098214,6.263607903500317,0.04088332251817661
33,Dyna-Q,0.0,1700,8500,6.22272458098214,6.263607903500317,0.04088332251817661
33,Dyna-Q,0.0,1800,9000,6.22272458098214,6.263607903500317,0.04088332251817661
33,Dyna-Q,0.0,1900,9500,6.22272458098214,6.263607903500317,0.04088332251817661
33,Dyna-Q,0.0,2000,10000,3.1534169303257595,6.263607903500317,3.110190973174557
33,Dyna-Q,0.0,2100,10500,6.193846386018808,6.263607903500317,0.06976151748150894
33,Dyna-Q,0.0,2200,11000,6.22272458098214,6.263607903500317,0.04088332251817661
33,Dyna-Q,0.0,2300,11500,6.233980616524453,6.263607903500317,0.02962728697586403
33,Dyna-Q,0.0,2400,12000,5.640659236361686,6.263607903500317,0.6229486671386306
33,Dyna-Q,0.0,2500,12500,5.4321846515884085,6.263607903500317,0.8314232519119082
33,Dyna-Q,0.0,2600,13000,-1.9707458655086554,6.263607903500317,8.234353769008973
33,Dyna-Q,0.0,2700,13500,5.705591093394787,6.263607903500317,0.5580168101055296
33,Dyna-Q,0.0,2800,14000,3.1836075574196583,6.263607903500317,3.0800003460806584
33,Dyna-Q,0.0,2900,14500,6.2254116253703256,6.263607903500317,0.03819627812999116
33,Dyna-Q,0.0,3000,15000,5.661057093178095,6.263607903500317,0.6025508103222217
33,Dyna-Q,0.0,3100,15500,5.697414519685433,6.263607903500317,0.566193383814884
33,Dyna-Q,0.0,3200,16000,3.132490449088158,6.263607903500317,3.1311174544121587
33,Dyna-Q,0.0,3300,16500,6.205013768553916,6.263607903500317,0.05859413494640098
33,Dyna-Q,0.0,3400,17000,3.401619189755449,6.263607903500317,2.861988713744868
33,Dyna-Q,0.0,3500,17500,6.205013768553916,6.263607903500317,0.05859413494640098
33,Dyna-Q,0.0,3600,18000,6.205013768553916,6.263607903500317,0.05859413494640098
33,Dyna-Q,0.0,3700,18500,6.193846386018808,6.263607903500317,0.06976151748150894
33,Dyna-Q,0.0,3800,19000,5.89784854626164,6.263607903500317,0.3657593572386766
33,Dyna-Q,0.0,3900,19500,5.429202082605928,6.263607903500317,0.8344058208943883
33,Dyna-Q,0.0,4000,20000,6.22272458098214,6.263607903500317,0.04088332251817661
33,Dyna-Q,0.0,4100,20500,6.263607903500317,6.263607903500317,0.0
33,Dyna-Q,0.0,4200,21000,6.233980616524453,6.263607903500317,0.02962728697586403
33,Dyna-Q,0.0,4300,21500,5.971825070698282,6.263607903500317,0.2917828328020349
33,Dyna-Q,0.0,4400,22000,6.211806779627448,6.263607903500317,0.051801123872868615
33,Dyna-Q,0.0,4500,22500,6.206546556333086,6.263607903500317,0.05706134716723099
33,Dyna-Q,0.0,4600,23000,6.206546556333086,6.263607903500317,0.05706134716723099
33,Dyna-Q,0.0,4700,23500,5.916662124943662,6.263607903500317,0.34694577855665454
33,Dyna-Q,0.0,4800,24000,6.206546556333086,6.263607903500317,0.05706134716723099
33,Dyna-Q,0.0,4900,24500,6.231539167543261,6.263607903500317,0.03206873595705595
33,Dyna-Q,0.0,5000,25000,6.231539167543261,6.263607903500317,0.03206873595705595
33,Dyna-Q,0.15,0,0,-2.0000000000000013,6.263607903500317,8.263607903500318
33,Dyna-Q,0.15,100,500,-1.2804837740999675,6.263607903500317,7.544091677600284
33,Dyna-Q,0.15,200,1000,5.71489373188441,6.263607903500317,0.5487141716159067
33,Dyna-Q,0.15,300,1500,2.9388860807266672,6.263607903500317,3.3247218227736495
33,Dyna-Q,0.15,400,2000,6.166974472771412,6.263607903500317,0.09663343072890473
33,Dyna-Q,0.15,500,2500,6.168952457670685,6.263607903500317,0.09465544582963137
33,Dyna-Q,0.15,600,3000,5.863019416079062,6.263607903500317,0.4005884874212544
33,Dyna-Q,0.15,700,3500,6.179908386840861,6.263607903500317,0.08369951665945585
33,Dyna-Q,0.15,800,4000,6.028945209759688,6.263607903500317,0.23466269374062865
33,Dyna-Q,0.15,900,4500,4.975874753352423,6.263607903500317,1.2877331501478935
33,Dyna-Q,0.15,1000,5000,4.713330361171616,6.263607903500317,1.5502775423287005
33,Dyna-Q,0.15,1100,5500,5.990469140366132,6.263607903500317,0.2731387631341846
33,Dyna-Q,0.15,1200,6000,2.1451204737134955,6.263607903500317,4.118487429786821
33,Dyna-Q,0.15,1300,6500,2.4530433473604605,6.263607903500317,3.8105645561398562
33,Dyna-Q,0.15,1400,7000,2.3401572919605624,6.263607903500317,3.9234506115397543
33,Dyna-Q,0.15,1500,7500,5.844413397660955,6.263607903500317,0.4191945058393616
33,Dyna-Q,0.15,1600,8000,2.7987733694367285,6.263607903500317,3.464834534063588
33,Dyna-Q,0.15,1700,8500,6.1573465614232115,6.263607903500317,0.10626134207710525
33,Dyna-Q,0.15,1800,9000,6.171950361320891,6.263607903500317,0.09165754217942546
33,Dyna-Q,0.15,1900,9500,3.0740520861301133,6.263607903500317,3.1895558173702034
33,Dyna-Q,0.15,2000,10000,6.210539532939168,6.263607903500317,0.05306837056114855
33,Dyna-Q,0.15,2100,10500,6.168304305013897,6.263607903500317,0.0953035984864199
33,Dyna-Q,0.15,2200,11000,6.142359353758161,6.263607903500317,0.12124854974215538
33,Dyna-Q,0.15,2300,11500,6.171950361320891,6.263607903500317,0.09165754217942546
33,Dyna-Q,0.15,2400,12000,2.953682161651318,6.263607903500317,3.309925741848999
33,Dyna-Q,0.15,2500,12500,3.2579666621901193,6.263607903500317,3.0056412413101974
33,Dyna-Q,0.15,2600,13000,3.107530578139344,6.263607903500317,3.1560773253609726
33,Dyna-Q,0.15,2700,13500,2.70500077349366,6.263607903500317,3.558607130006657
33,Dyna-Q,0.15,2800,14000,6.199908112481054,6.263607903500317,0.06369979101926315
33,Dyna-Q,0.15,2900,14500,6.162451373390537,6.263607903500317,0.10115653010977965
33,Dyna-Q,0.15,3000,15000,6.172682145930901,6.263607903500317,0.09092575756941557
33,Dyna-Q,0.15,3100,15500,6.158238532683531,6.263607903500317,0.10536937081678577
33,Dyna-Q,0.15,3200,16000,6.065222527729797,6.263607903500317,0.19838537577051962
33,Dyna-Q,0.15,3300,16500,5.7911563409459355,6.263607903500317,0.47245156255438125
33,Dyna-Q,0.15,3400,17000,5.277429144132618,6.263607903500317,0.9861787593676983
33,Dyna-Q,0.15,3500,17500,4.718908708729578,6.263607903500317,1.5446991947707387
33,Dyna-Q,0.15,3600,18000,5.619472574182064,6.263607903500317,0.644135329318253
33,Dyna-Q,0.15,3700,18500,5.112335673539153,6.263607903500317,1.1512722299611635
33,Dyna-Q,0.15,3800,19000,5.660805289230168,6.263607903500317,0.602802614270149
33,Dyna-Q,0.15,3900,19500,1.1762674641741615,6.263607903500317,5.087340439326155
33,Dyna-Q,0.15,4000,20000,5.927775136188657,6.263607903500317,0.33583276731165945
33,Dyna-Q,0.15,4100,20500,5.937195358985254,6.263607903500317,0.32641254451506274
33,Dyna-Q,0.15,4200,21000,0.2908104441630777,6.263607903500317,5.972797459337239
33,Dyna-Q,0.15,4300,21500,3.0687765371302778,6.263607903500317,3.194831366370039
33,Dyna-Q,0.15,4400,22000,5.9493913933562395,6.263607903500317,0.31421651014407725
33,Dyna-Q,0.15,4500,22500,5.9564506139482045,6.263607903500317,0.3071572895521122
33,Dyna-Q,0.15,4600,23000,6.068345902374071,6.263607903500317,0.19526200112624537
33,Dyna-Q,0.15,4700,23500,5.820260257835424,6.263607903500317,0.4433476456648924
33,Dyna-Q,0.15,4800,24000,5.597010591143102,6.263607903500317,0.6665973123572151
33,Dyna-Q,0.15,4900,24500,5.63530166792072,6.263607903500317,0.628306235579597
33,Dyna-Q,0.15,5000,25000,5.852445674530787,6.263607903500317,0.4111622289695296
33,Dyna-Q,0.35,0,0,-2.0000000000000013,6.263607903500317,8.263607903500318
33,Dyna-Q,0.35,100,500,-0.32994988855576424,6.263607903500317,6.593557792056081
33,Dyna-Q,0.35,200,1000,-2.1305526140981232,6.263607903500317,8.39416051759844
33,Dyna-Q,0.35,300,1500,0.8789443158094618,6.263607903500317,5.384663587690855
33,Dyna-Q,0.35,400,2000,-1.9938238017259244,6.263607903500317,8.25743170522624
33,Dyna-Q,0.35,500,2500,-2.3839168515407296,6.263607903500317,8.647524755041047
33,Dyna-Q,0.35,600,3000,2.9385887339085124,6.263607903500317,3.3250191695918043
33,Dyna-Q,0.35,700,3500,6.035299946418913,6.263607903500317,0.2283079570814035
33,Dyna-Q,0.35,800,4000,6.1550126578660285,6.263607903500317,0.10859524563428824
33,Dyna-Q,0.35,900,4500,6.157939103185776,6.263607903500317,0.10566880031454051
33,Dyna-Q,0.35,1000,5000,-1.9927396169103793,6.263607903500317,8.256347520410696
33,Dyna-Q,0.35,1100,5500,1.4518433960006643,6.263607903500317,4.811764507499652
33,Dyna-Q,0.35,1200,6000,3.099906455628236,6.263607903500317,3.163701447872081
33,Dyna-Q,0.35,1300,6500,5.823838648415795,6.263607903500317,0.4397692550845216
33,Dyna-Q,0.35,1400,7000,-1.5565513846880048,6.263607903500317,7.8201592881883215
33,Dyna-Q,0.35,1500,7500,-2.0021235221834845,6.263607903500317,8.265731425683802
33,Dyna-Q,0.35,1600,8000,-1.114413109185472,6.263607903500317,7.378021012685789
33,Dyna-Q,0.35,1700,8500,6.058489482591838,6.263607903500317,0.20511842090847843
33,Dyna-Q,0.35,1800,9000,6.133210132288181,6.263607903500317,0.13039777121213536
33,Dyna-Q,0.35,1900,9500,5.489663272866854,6.263607903500317,0.773944630633463
33,Dyna-Q,0.35,2000,10000,5.703565063660563,6.263607903500317,0.5600428398397534
33,Dyna-Q,0.35,2100,10500,-1.572848454637722,6.263607903500317,7.836456358138038
33,Dyna-Q,0.35,2200,11000,-1.9492461842675557,6.263607903500317,8.212854087767873
33,Dyna-Q,0.35,2300,11500,0.8358722122308243,6.263607903500317,5.4277356912694925
33,Dyna-Q,0.35,2400,12000,5.617688247524622,6.263607903500317,0.6459196559756943
33,Dyna-Q,0.35,2500,12500,-2.064223230398498,6.263607903500317,8.327831133898815
33,Dyna-Q,0.35,2600,13000,4.43070071094897,6.263607903500317,1.832907192551347
33,Dyna-Q,0.35,2700,13500,2.4993608214490672,6.263607903500317,3.7642470820512495
33,Dyna-Q,0.35,2800,14000,-0.10303740271327988,6.263607903500317,6.366645306213597
33,Dyna-Q,0.35,2900,14500,6.119179093899269,6.263607903500317,0.14442880960104798
33,Dyna-Q,0.35,3000,15000,5.369249398712537,6.263607903500317,0.89435850478778
33,Dyna-Q,0.35,3100,15500,2.586990370152021,6.263607903500317,3.6766175333482956
33,Dyna-Q,0.35,3200,16000,5.813069630920343,6.263607903500317,0.4505382725799736
33,Dyna-Q,0.35,3300,16500,0.5324335562937501,6.263607903500317,5.731174347206567
33,Dyna-Q,0.35,3400,17000,6.20177079250027,6.263607903500317,0.061837111000047074
33,Dyna-Q,0.35,3500,17500,5.936529627177653,6.263607903500317,0.3270782763226636
33,Dyna-Q,0.35,3600,18000,3.0592648467490484,6.263607903500317,3.2043430567512683
33,Dyna-Q,0.35,3700,18500,6.2253460094130855,6.263607903500317,0.03826189408723124
33,Dyna-Q,0.35,3800,19000,0.4767086874514191,6.263607903500317,5.786899216048898
33,Dyna-Q,0.35,3900,19500,6.231134176262761,6.263607903500317,0.03247372723755593
33,Dyna-Q,0.35,4000,20000,3.0202774402664065,6.263607903500317,3.24333046323391
33,Dyna-Q,0.35,4100,20500,6.163214705494912,6.263607903500317,0.10039319800540447
33,Dyna-Q,0.35,4200,21000,5.6223017550769265,6.263607903500317,0.6413061484233902
33,Dyna-Q,0.35,4300,21500,5.451729507289463,6.263607903500317,0.8118783962108536
33,Dyna-Q,0.35,4400,22000,-0.30433395272018937,6.263607903500317,6.567941856220506
33,Dyna-Q,0.35,4500,22500,2.16602099287256,6.263607903500317,4.097586910627757
33,Dyna-Q,0.35,4600,23000,-1.5827483385770007,6.263607903500317,7.846356242077317
33,Dyna-Q,0.35,4700,23500,5.473145425511696,6.263607903500317,0.7904624779886209
33,Dyna-Q,0.35,4800,24000,1.739663493334621,6.263607903500317,4.523944410165695
33,Dyna-Q,0.35,4900,24500,2.258019453131078,6.263607903500317,4.005588450369238
33,Dyna-Q,0.35,5000,25000,3.1672526657945914,6.263607903500317,3.0963552377057253
44,Q-learning,0.0,0,0,-2.0000000000000013,6.263607903500317,8.263607903500318
44,Q-learning,0.0,100,0,-3.8990797697402506,6.263607903500317,10.162687673240567
44,Q-learning,0.0,200,0,2.3536647880109793,6.263607903500317,3.9099431154893374
44,Q-learning,0.0,300,0,0.2277068736741293,6.263607903500317,6.035901029826188
44,Q-learning,0.0,400,0,5.890899695402277,6.263607903500317,0.3727082080980395
44,Q-learning,0.0,500,0,6.16543286385135,6.263607903500317,0.09817503964896712
44,Q-learning,0.0,600,0,6.203701092647077,6.263607903500317,0.059906810853239456
44,Q-learning,0.0,700,0,6.203701092647077,6.263607903500317,0.059906810853239456
44,Q-learning,0.0,800,0,6.203701092647077,6.263607903500317,0.059906810853239456
44,Q-learning,0.0,900,0,6.203701092647077,6.263607903500317,0.059906810853239456
44,Q-learning,0.0,1000,0,6.203701092647077,6.263607903500317,0.059906810853239456
44,Q-learning,0.0,1100,0,6.2047276848915915,6.263607903500317,0.058880218608725166
44,Q-learning,0.0,1200,0,6.2047276848915915,6.263607903500317,0.058880218608725166
44,Q-learning,0.0,1300,0,6.2047276848915915,6.263607903500317,0.058880218608725166
44,Q-learning,0.0,1400,0,6.2047276848915915,6.263607903500317,0.058880218608725166
44,Q-learning,0.0,1500,0,6.2047276848915915,6.263607903500317,0.058880218608725166
44,Q-learning,0.0,1600,0,6.2047276848915915,6.263607903500317,0.058880218608725166
44,Q-learning,0.0,1700,0,6.2047276848915915,6.263607903500317,0.058880218608725166
44,Q-learning,0.0,1800,0,6.2047276848915915,6.263607903500317,0.058880218608725166
44,Q-learning,0.0,1900,0,6.2047276848915915,6.263607903500317,0.058880218608725166
44,Q-learning,0.0,2000,0,6.2047276848915915,6.263607903500317,0.058880218608725166
44,Q-learning,0.0,2100,0,6.2047276848915915,6.263607903500317,0.058880218608725166
44,Q-learning,0.0,2200,0,6.2047276848915915,6.263607903500317,0.058880218608725166
44,Q-learning,0.0,2300,0,6.2047276848915915,6.263607903500317,0.058880218608725166
44,Q-learning,0.0,2400,0,6.2047276848915915,6.263607903500317,0.058880218608725166
44,Q-learning,0.0,2500,0,6.2047276848915915,6.263607903500317,0.058880218608725166
44,Q-learning,0.0,2600,0,6.2047276848915915,6.263607903500317,0.058880218608725166
44,Q-learning,0.0,2700,0,6.2047276848915915,6.263607903500317,0.058880218608725166
44,Q-learning,0.0,2800,0,6.2047276848915915,6.263607903500317,0.058880218608725166
44,Q-learning,0.0,2900,0,6.2047276848915915,6.263607903500317,0.058880218608725166
44,Q-learning,0.0,3000,0,6.2047276848915915,6.263607903500317,0.058880218608725166
44,Q-learning,0.0,3100,0,6.2047276848915915,6.263607903500317,0.058880218608725166
44,Q-learning,0.0,3200,0,6.2047276848915915,6.263607903500317,0.058880218608725166
44,Q-learning,0.0,3300,0,6.2047276848915915,6.263607903500317,0.058880218608725166
44,Q-learning,0.0,3400,0,6.2047276848915915,6.263607903500317,0.058880218608725166
44,Q-learning,0.0,3500,0,6.2047276848915915,6.263607903500317,0.058880218608725166
44,Q-learning,0.0,3600,0,6.2047276848915915,6.263607903500317,0.058880218608725166
44,Q-learning,0.0,3700,0,6.2047276848915915,6.263607903500317,0.058880218608725166
44,Q-learning,0.0,3800,0,6.2047276848915915,6.263607903500317,0.058880218608725166
44,Q-learning,0.0,3900,0,6.2047276848915915,6.263607903500317,0.058880218608725166
44,Q-learning,0.0,4000,0,6.2047276848915915,6.263607903500317,0.058880218608725166
44,Q-learning,0.0,4100,0,6.2047276848915915,6.263607903500317,0.058880218608725166
44,Q-learning,0.0,4200,0,3.1919441917079383,6.263607903500317,3.0716637117923784
44,Q-learning,0.0,4300,0,3.5581664379720555,6.263607903500317,2.7054414655282613
44,Q-learning,0.0,4400,0,6.2047276848915915,6.263607903500317,0.058880218608725166
44,Q-learning,0.0,4500,0,6.2047276848915915,6.263607903500317,0.058880218608725166
44,Q-learning,0.0,4600,0,6.2047276848915915,6.263607903500317,0.058880218608725166
44,Q-learning,0.0,4700,0,6.2047276848915915,6.263607903500317,0.058880218608725166
44,Q-learning,0.0,4800,0,6.2047276848915915,6.263607903500317,0.058880218608725166
44,Q-learning,0.0,4900,0,6.2047276848915915,6.263607903500317,0.058880218608725166
44,Q-learning,0.0,5000,0,6.2047276848915915,6.263607903500317,0.058880218608725166
44,Dyna-Q,0.0,0,0,-2.0000000000000013,6.263607903500317,8.263607903500318
44,Dyna-Q,0.0,100,500,2.7453828190177108,6.263607903500317,3.518225084482606
44,Dyna-Q,0.0,200,1000,4.692954561592152,6.263607903500317,1.570653341908165
44,Dyna-Q,0.0,300,1500,5.4258738067854,6.263607903500317,0.8377340967149163
44,Dyna-Q,0.0,400,2000,5.4258738067854,6.263607903500317,0.8377340967149163
44,Dyna-Q,0.0,500,2500,5.4258738067854,6.263607903500317,0.8377340967149163
44,Dyna-Q,0.0,600,3000,5.3514249119685,6.263607903500317,0.9121829915318171
44,Dyna-Q,0.0,700,3500,5.3514249119685,6.263607903500317,0.9121829915318171
44,Dyna-Q,0.0,800,4000,6.183127104702058,6.263607903500317,0.08048079879825831
44,Dyna-Q,0.0,900,4500,6.182149142751865,6.263607903500317,0.08145876074845138
44,Dyna-Q,0.0,1000,5000,3.118470617524222,6.263607903500317,3.145137285976095
44,Dyna-Q,0.0,1100,5500,6.1590431598173305,6.263607903500317,0.10456474368298618
44,Dyna-Q,0.0,1200,6000,2.948291659838945,6.263607903500317,3.3153162436613717
44,Dyna-Q,0.0,1300,6500,6.16896302930501,6.263607903500317,0.09464487419530698
44,Dyna-Q,0.0,1400,7000,6.1590431598173305,6.263607903500317,0.10456474368298618
44,Dyna-Q,0.0,1500,7500,6.183127104702058,6.263607903500317,0.08048079879825831
44,Dyna-Q,0.0,1600,8000,6.183127104702058,6.263607903500317,0.08048079879825831
44,Dyna-Q,0.0,1700,8500,6.183127104702058,6.263607903500317,0.08048079879825831
44,Dyna-Q,0.0,1800,9000,6.183127104702058,6.263607903500317,0.08048079879825831
44,Dyna-Q,0.0,1900,9500,6.183127104702058,6.263607903500317,0.08048079879825831
44,Dyna-Q,0.0,2000,10000,6.210539532939168,6.263607903500317,0.05306837056114855
44,Dyna-Q,0.0,2100,10500,6.210539532939168,6.263607903500317,0.05306837056114855
44,Dyna-Q,0.0,2200,11000,6.210539532939168,6.263607903500317,0.05306837056114855
44,Dyna-Q,0.0,2300,11500,6.210539532939168,6.263607903500317,0.05306837056114855
44,Dyna-Q,0.0,2400,12000,6.075992428311893,6.263607903500317,0.1876154751884238
44,Dyna-Q,0.0,2500,12500,6.075992428311893,6.263607903500317,0.1876154751884238
44,Dyna-Q,0.0,2600,13000,6.075992428311893,6.263607903500317,0.1876154751884238
44,Dyna-Q,0.0,2700,13500,6.210539532939168,6.263607903500317,0.05306837056114855
44,Dyna-Q,0.0,2800,14000,5.954027071986765,6.263607903500317,0.30958083151355176
44,Dyna-Q,0.0,2900,14500,5.954027071986765,6.263607903500317,0.30958083151355176
44,Dyna-Q,0.0,3000,15000,5.954027071986765,6.263607903500317,0.30958083151355176
44,Dyna-Q,0.0,3100,15500,5.954027071986765,6.263607903500317,0.30958083151355176
44,Dyna-Q,0.0,3200,16000,5.954027071986765,6.263607903500317,0.30958083151355176
44,Dyna-Q,0.0,3300,16500,5.954027071986765,6.263607903500317,0.30958083151355176
44,Dyna-Q,0.0,3400,17000,5.954027071986765,6.263607903500317,0.30958083151355176
44,Dyna-Q,0.0,3500,17500,5.954027071986765,6.263607903500317,0.30958083151355176
44,Dyna-Q,0.0,3600,18000,5.954027071986765,6.263607903500317,0.30958083151355176
44,Dyna-Q,0.0,3700,18500,3.0661681651469976,6.263607903500317,3.197439738353319
44,Dyna-Q,0.0,3800,19000,5.954027071986765,6.263607903500317,0.30958083151355176
44,Dyna-Q,0.0,3900,19500,5.954027071986765,6.263607903500317,0.30958083151355176
44,Dyna-Q,0.0,4000,20000,5.954027071986765,6.263607903500317,0.30958083151355176
44,Dyna-Q,0.0,4100,20500,6.078381337793653,6.263607903500317,0.18522656570666385
44,Dyna-Q,0.0,4200,21000,6.04824146881685,6.263607903500317,0.2153664346834665
44,Dyna-Q,0.0,4300,21500,6.04824146881685,6.263607903500317,0.2153664346834665
44,Dyna-Q,0.0,4400,22000,2.9017297556712864,6.263607903500317,3.3618781478290303
44,Dyna-Q,0.0,4500,22500,2.8817387358422666,6.263607903500317,3.38186916765805
44,Dyna-Q,0.0,4600,23000,2.9017297556712864,6.263607903500317,3.3618781478290303
44,Dyna-Q,0.0,4700,23500,6.076221085159149,6.263607903500317,0.18738681834116733
44,Dyna-Q,0.0,4800,24000,6.076221085159149,6.263607903500317,0.18738681834116733
44,Dyna-Q,0.0,4900,24500,6.076221085159149,6.263607903500317,0.18738681834116733
44,Dyna-Q,0.0,5000,25000,6.076221085159149,6.263607903500317,0.18738681834116733
44,Dyna-Q,0.15,0,0,-2.0000000000000013,6.263607903500317,8.263607903500318
44,Dyna-Q,0.15,100,500,6.060578737598056,6.263607903500317,0.20302916590226072
44,Dyna-Q,0.15,200,1000,6.039901940429457,6.263607903500317,0.22370596307085933
44,Dyna-Q,0.15,300,1500,6.010687036140328,6.263607903500317,0.25292086735998875
44,Dyna-Q,0.15,400,2000,6.140647659042978,6.263607903500317,0.12296024445733877
44,Dyna-Q,0.15,500,2500,6.157158701906324,6.263607903500317,0.10644920159399263
44,Dyna-Q,0.15,600,3000,2.9315254089964298,6.263607903500317,3.332082494503887
44,Dyna-Q,0.15,700,3500,3.1205345639970608,6.263607903500317,3.143073339503256
44,Dyna-Q,0.15,800,4000,2.7479755863551834,6.263607903500317,3.5156323171451334
44,Dyna-Q,0.15,900,4500,3.3554208756081816,6.263607903500317,2.908187027892135
44,Dyna-Q,0.15,1000,5000,6.173061391445033,6.263607903500317,0.0905465120552833
44,Dyna-Q,0.15,1100,5500,6.182748449881113,6.263607903500317,0.08085945361920377
44,Dyna-Q,0.15,1200,6000,6.157070927211404,6.263607903500317,0.10653697628891301
44,Dyna-Q,0.15,1300,6500,6.1869579272964925,6.263607903500317,0.07664997620382419
44,Dyna-Q,0.15,1400,7000,6.108586830684414,6.263607903500317,0.15502107281590227
44,Dyna-Q,0.15,1500,7500,6.143935123889165,6.263607903500317,0.11967277961115208
44,Dyna-Q,0.15,1600,8000,6.143935123889165,6.263607903500317,0.11967277961115208
44,Dyna-Q,0.15,1700,8500,6.1550126578660285,6.263607903500317,0.10859524563428824
44,Dyna-Q,0.15,1800,9000,6.171950361320891,6.263607903500317,0.09165754217942546
44,Dyna-Q,0.15,1900,9500,6.171950361320891,6.263607903500317,0.09165754217942546
44,Dyna-Q,0.15,2000,10000,6.171950361320891,6.263607903500317,0.09165754217942546
44,Dyna-Q,0.15,2100,10500,2.3726745084719014,6.263607903500317,3.8909333950284153
44,Dyna-Q,0.15,2200,11000,6.181938104239764,6.263607903500317,0.08166979926055262
44,Dyna-Q,0.15,2300,11500,3.1157719837317646,6.263607903500317,3.147835919768552
44,Dyna-Q,0.15,2400,12000,6.2088345499831465,6.263607903500317,0.054773353517170165
44,Dyna-Q,0.15,2500,12500,6.2088345499831465,6.263607903500317,0.054773353517170165
44,Dyna-Q,0.15,2600,13000,2.3525395639840254,6.263607903500317,3.9110683395162913
44,Dyna-Q,0.15,2700,13500,6.205013768553916,6.263607903500317,0.05859413494640098
44,Dyna-Q,0.15,2800,14000,6.11194300924973,6.263607903500317,0.1516648942505867
44,Dyna-Q,0.15,2900,14500,2.9817053551305963,6.263607903500317,3.2819025483697204
44,Dyna-Q,0.15,3000,15000,6.211806779627448,6.263607903500317,0.051801123872868615
44,Dyna-Q,0.15,3100,15500,3.6061195852354198,6.263607903500317,2.657488318264897
44,Dyna-Q,0.15,3200,16000,5.808721126870478,6.263607903500317,0.4548867766298388
44,Dyna-Q,0.15,3300,16500,6.250452087681184,6.263607903500317,0.0131558158191325
44,Dyna-Q,0.15,3400,17000,6.256162817535298,6.263607903500317,0.007445085965018805
44,Dyna-Q,0.15,3500,17500,6.213361043858704,6.263607903500317,0.05024685964161257
44,Dyna-Q,0.15,3600,18000,5.773483255141204,6.263607903500317,0.49012464835911285
44,Dyna-Q,0.15,3700,18500,6.11592004185325,6.263607903500317,0.14768786164706693
44,Dyna-Q,0.15,3800,19000,3.4021566268004646,6.263607903500317,2.861451276699852
44,Dyna-Q,0.15,3900,19500,2.6198078772588738,6.263607903500317,3.643800026241443
44,Dyna-Q,0.15,4000,20000,6.256162817535298,6.263607903500317,0.007445085965018805
44,Dyna-Q,0.15,4100,20500,3.1591921658571307,6.263607903500317,3.104415737643186
44,Dyna-Q,0.15,4200,21000,3.0529852784880616,6.263607903500317,3.210622625012255
44,Dyna-Q,0.15,4300,21500,2.9817053551305963,6.263607903500317,3.2819025483697204
44,Dyna-Q,0.15,4400,22000,2.6245409367414774,6.263607903500317,3.6390669667588393
44,Dyna-Q,0.15,4500,22500,3.1284967809465707,6.263607903500317,3.135111122553746
44,Dyna-Q,0.15,4600,23000,6.231539167543261,6.263607903500317,0.03206873595705595
44,Dyna-Q,0.15,4700,23500,6.231539167543261,6.263607903500317,0.03206873595705595
44,Dyna-Q,0.15,4800,24000,-0.9431935001816397,6.263607903500317,7.206801403681957
44,Dyna-Q,0.15,4900,24500,5.640727892775369,6.263607903500317,0.6228800107249475
44,Dyna-Q,0.15,5000,25000,5.602140694194836,6.263607903500317,0.6614672093054805
44,Dyna-Q,0.35,0,0,-2.0000000000000013,6.263607903500317,8.263607903500318
44,Dyna-Q,0.35,100,500,2.4384500743136215,6.263607903500317,3.8251578291866952
44,Dyna-Q,0.35,200,1000,-1.9030308575682215,6.263607903500317,8.166638761068539
44,Dyna-Q,0.35,300,1500,-2.3793480675520406,6.263607903500317,8.642955971052357
44,Dyna-Q,0.35,400,2000,3.136251502772883,6.263607903500317,3.1273564007274337
44,Dyna-Q,0.35,500,2500,1.01615376525741,6.263607903500317,5.247454138242906
44,Dyna-Q,0.35,600,3000,5.62188146081507,6.263607903500317,0.6417264426852469
44,Dyna-Q,0.35,700,3500,5.548433927621844,6.263607903500317,0.7151739758784723
44,Dyna-Q,0.35,800,4000,6.240084712123412,6.263607903500317,0.023523191376904506
44,Dyna-Q,0.35,900,4500,2.4457113179438372,6.263607903500317,3.8178965855564795
44,Dyna-Q,0.35,1000,5000,-1.2946693168976866,6.263607903500317,7.558277220398003
44,Dyna-Q,0.35,1100,5500,5.708746113190457,6.263607903500317,0.55486179030986
44,Dyna-Q,0.35,1200,6000,5.9547679646115945,6.263607903500317,0.3088399388887222
44,Dyna-Q,0.35,1300,6500,2.6846857171357468,6.263607903500317,3.57892218636457
44,Dyna-Q,0.35,1400,7000,6.1340144286468945,6.263607903500317,0.1295934748534222
44,Dyna-Q,0.35,1500,7500,3.132581963451952,6.263607903500317,3.1310259400483647
44,Dyna-Q,0.35,1600,8000,5.720660758251442,6.263607903500317,0.542947145248875
44,Dyna-Q,0.35,1700,8500,5.500166213660801,6.263607903500317,0.7634416898395155
44,Dyna-Q,0.35,1800,9000,3.427749869705324,6.263607903500317,2.8358580337949926
44,Dyna-Q,0.35,1900,9500,-1.449127871549539,6.263607903500317,7.712735775049856
44,Dyna-Q,0.35,2000,10000,0.4301425656028885,6.263607903500317,5.833465337897429
44,Dyna-Q,0.35,2100,10500,-1.2929510988025894,6.263607903500317,7.556559002302906
44,Dyna-Q,0.35,2200,11000,0.8595356783497304,6.263607903500317,5.404072225150586
44,Dyna-Q,0.35,2300,11500,6.07219218413244,6.263607903500317,0.1914157193678765
44,Dyna-Q,0.35,2400,12000,3.136251502772883,6.263607903500317,3.1273564007274337
44,Dyna-Q,0.35,2500,12500,6.211806779627448,6.263607903500317,0.051801123872868615
44,Dyna-Q,0.35,2600,13000,6.097134460900369,6.263607903500317,0.16647344259994767
44,Dyna-Q,0.35,2700,13500,2.959661242286023,6.263607903500317,3.303946661214294
44,Dyna-Q,0.35,2800,14000,1.8157864002336628,6.263607903500317,4.447821503266654
44,Dyna-Q,0.35,2900,14500,-1.245719822896269,6.263607903500317,7.509327726396585
44,Dyna-Q,0.35,3000,15000,2.9557343809933965,6.263607903500317,3.3078735225069202
44,Dyna-Q,0.35,3100,15500,2.9557343809933965,6.263607903500317,3.3078735225069202
44,Dyna-Q,0.35,3200,16000,0.08601337291607383,6.263607903500317,6.177594530584243
44,Dyna-Q,0.35,3300,16500,5.59446109479278,6.263607903500317,0.669146808707537
44,Dyna-Q,0.35,3400,17000,-1.9217079293682708,6.263607903500317,8.185315832868588
44,Dyna-Q,0.35,3500,17500,1.301150829949759,6.263607903500317,4.962457073550558
44,Dyna-Q,0.35,3600,18000,5.941554295531783,6.263607903500317,0.32205360796853366
44,Dyna-Q,0.35,3700,18500,4.578740191564054,6.263607903500317,1.6848677119362625
44,Dyna-Q,0.35,3800,19000,6.1109300810667975,6.263607903500317,0.15267782243351924
44,Dyna-Q,0.35,3900,19500,2.625112974692888,6.263607903500317,3.638494928807429
44,Dyna-Q,0.35,4000,20000,6.097320664682389,6.263607903500317,0.16628723881792773
44,Dyna-Q,0.35,4100,20500,4.806729804129483,6.263607903500317,1.456878099370834
44,Dyna-Q,0.35,4200,21000,2.9590007831661653,6.263607903500317,3.3046071203341514
44,Dyna-Q,0.35,4300,21500,3.039767427416484,6.263607903500317,3.223840476083833
44,Dyna-Q,0.35,4400,22000,6.103476481273137,6.263607903500317,0.16013142222718013
44,Dyna-Q,0.35,4500,22500,-0.10382699289773042,6.263607903500317,6.367434896398047
44,Dyna-Q,0.35,4600,23000,-1.6171382955518134,6.263607903500317,7.88074619905213
44,Dyna-Q,0.35,4700,23500,0.5499084940329089,6.263607903500317,5.713699409467408
44,Dyna-Q,0.35,4800,24000,2.9648269737670354,6.263607903500317,3.2987809297332813
44,Dyna-Q,0.35,4900,24500,6.04305815624328,6.263607903500317,0.2205497472570368
44,Dyna-Q,0.35,5000,25000,6.082894904996203,6.263607903500317,0.18071299850411382
55,Q-learning,0.0,0,0,-2.0000000000000013,6.263607903500317,8.263607903500318
55,Q-learning,0.0,100,0,-2.334973882966116,6.263607903500317,8.598581786466433
55,Q-learning,0.0,200,0,-1.173747791723094,6.263607903500317,7.437355695223411
55,Q-learning,0.0,300,0,-1.982530326584109,6.263607903500317,8.246138230084426
55,Q-learning,0.0,400,0,-1.997279945660687,6.263607903500317,8.260887849161003
55,Q-learning,0.0,500,0,3.058827080568915,6.263607903500317,3.2047808229314017
55,Q-learning,0.0,600,0,5.757505088599442,6.263607903500317,0.506102814900875
55,Q-learning,0.0,700,0,5.824947882950505,6.263607903500317,0.4386600205498121
55,Q-learning,0.0,800,0,6.089570963073909,6.263607903500317,0.17403694042640794
55,Q-learning,0.0,900,0,6.089570963073909,6.263607903500317,0.17403694042640794
55,Q-learning,0.0,1000,0,6.089570963073909,6.263607903500317,0.17403694042640794
55,Q-learning,0.0,1100,0,6.089570963073909,6.263607903500317,0.17403694042640794
55,Q-learning,0.0,1200,0,6.089570963073909,6.263607903500317,0.17403694042640794
55,Q-learning,0.0,1300,0,6.089570963073909,6.263607903500317,0.17403694042640794
55,Q-learning,0.0,1400,0,6.089570963073909,6.263607903500317,0.17403694042640794
55,Q-learning,0.0,1500,0,6.089570963073909,6.263607903500317,0.17403694042640794
55,Q-learning,0.0,1600,0,6.089570963073909,6.263607903500317,0.17403694042640794
55,Q-learning,0.0,1700,0,6.089570963073909,6.263607903500317,0.17403694042640794
55,Q-learning,0.0,1800,0,6.089570963073909,6.263607903500317,0.17403694042640794
55,Q-learning,0.0,1900,0,6.089570963073909,6.263607903500317,0.17403694042640794
55,Q-learning,0.0,2000,0,6.089570963073909,6.263607903500317,0.17403694042640794
55,Q-learning,0.0,2100,0,6.089570963073909,6.263607903500317,0.17403694042640794
55,Q-learning,0.0,2200,0,6.089570963073909,6.263607903500317,0.17403694042640794
55,Q-learning,0.0,2300,0,6.089570963073909,6.263607903500317,0.17403694042640794
55,Q-learning,0.0,2400,0,6.089570963073909,6.263607903500317,0.17403694042640794
55,Q-learning,0.0,2500,0,6.089570963073909,6.263607903500317,0.17403694042640794
55,Q-learning,0.0,2600,0,6.089570963073909,6.263607903500317,0.17403694042640794
55,Q-learning,0.0,2700,0,6.089570963073909,6.263607903500317,0.17403694042640794
55,Q-learning,0.0,2800,0,6.089570963073909,6.263607903500317,0.17403694042640794
55,Q-learning,0.0,2900,0,6.089570963073909,6.263607903500317,0.17403694042640794
55,Q-learning,0.0,3000,0,6.089570963073909,6.263607903500317,0.17403694042640794
55,Q-learning,0.0,3100,0,6.089570963073909,6.263607903500317,0.17403694042640794
55,Q-learning,0.0,3200,0,6.097582888838274,6.263607903500317,0.16602501466204256
55,Q-learning,0.0,3300,0,6.097582888838274,6.263607903500317,0.16602501466204256
55,Q-learning,0.0,3400,0,6.097582888838274,6.263607903500317,0.16602501466204256
55,Q-learning,0.0,3500,0,3.0726275303796955,6.263607903500317,3.190980373120621
55,Q-learning,0.0,3600,0,6.097582888838274,6.263607903500317,0.16602501466204256
55,Q-learning,0.0,3700,0,6.097582888838274,6.263607903500317,0.16602501466204256
55,Q-learning,0.0,3800,0,6.102006878472126,6.263607903500317,0.1616010250281903
55,Q-learning,0.0,3900,0,6.102006878472126,6.263607903500317,0.1616010250281903
55,Q-learning,0.0,4000,0,6.102006878472126,6.263607903500317,0.1616010250281903
55,Q-learning,0.0,4100,0,6.102006878472126,6.263607903500317,0.1616010250281903
55,Q-learning,0.0,4200,0,6.102006878472126,6.263607903500317,0.1616010250281903
55,Q-learning,0.0,4300,0,6.102006878472126,6.263607903500317,0.1616010250281903
55,Q-learning,0.0,4400,0,6.102006878472126,6.263607903500317,0.1616010250281903
55,Q-learning,0.0,4500,0,6.102006878472126,6.263607903500317,0.1616010250281903
55,Q-learning,0.0,4600,0,6.102006878472126,6.263607903500317,0.1616010250281903
55,Q-learning,0.0,4700,0,6.102006878472126,6.263607903500317,0.1616010250281903
55,Q-learning,0.0,4800,0,6.102006878472126,6.263607903500317,0.1616010250281903
55,Q-learning,0.0,4900,0,6.102006878472126,6.263607903500317,0.1616010250281903
55,Q-learning,0.0,5000,0,6.102006878472126,6.263607903500317,0.1616010250281903
55,Dyna-Q,0.0,0,0,-2.0000000000000013,6.263607903500317,8.263607903500318
55,Dyna-Q,0.0,100,500,-1.8115940368129049,6.263607903500317,8.075201940313221
55,Dyna-Q,0.0,200,1000,5.971480829523902,6.263607903500317,0.292127073976415
55,Dyna-Q,0.0,300,1500,6.218180155424216,6.263607903500317,0.04542774807610073
55,Dyna-Q,0.0,400,2000,2.762684004870223,6.263607903500317,3.5009238986300937
55,Dyna-Q,0.0,500,2500,2.075888463490873,6.263607903500317,4.1877194400094435
55,Dyna-Q,0.0,600,3000,-9.201249322137965,6.263607903500317,15.464857225638282
55,Dyna-Q,0.0,700,3500,-2.055175081204076,6.263607903500317,8.318782984704393
55,Dyna-Q,0.0,800,4000,-2.0466820708767695,6.263607903500317,8.310289974377087
55,Dyna-Q,0.0,900,4500,-5.048720413338781,6.263607903500317,11.312328316839098
55,Dyna-Q,0.0,1000,5000,-2.214997275175615,6.263607903500317,8.47860517867593
55,Dyna-Q,0.0,1100,5500,-2.215931903059885,6.263607903500317,8.4795398065602
55,Dyna-Q,0.0,1200,6000,-2.713021658425946,6.263607903500317,8.976629561926263
55,Dyna-Q,0.0,1300,6500,-2.023691610001506,6.263607903500317,8.287299513501823
55,Dyna-Q,0.0,1400,7000,-2.2455915437429117,6.263607903500317,8.509199447243228
55,Dyna-Q,0.0,1500,7500,-2.0693027189772866,6.263607903500317,8.332910622477604
55,Dyna-Q,0.0,1600,8000,-2.030384882949762,6.263607903500317,8.29399278645008
55,Dyna-Q,0.0,1700,8500,-0.4856886472827007,6.263607903500317,6.749296550783018
55,Dyna-Q,0.0,1800,9000,-1.8819550095195372,6.263607903500317,8.145562913019853
55,Dyna-Q,0.0,1900,9500,-1.2673413603802455,6.263607903500317,7.530949263880562
55,Dyna-Q,0.0,2000,10000,2.3217872964467188,6.263607903500317,3.941820607053598
55,Dyna-Q,0.0,2100,10500,2.4774724689145877,6.263607903500317,3.786135434585729
55,Dyna-Q,0.0,2200,11000,3.0686215362853075,6.263607903500317,3.194986367215009
55,Dyna-Q,0.0,2300,11500,5.525428125196769,6.263607903500317,0.7381797783035475
55,Dyna-Q,0.0,2400,12000,5.525428125196769,6.263607903500317,0.7381797783035475
55,Dyna-Q,0.0,2500,12500,5.437181605038461,6.263607903500317,0.8264262984618558
55,Dyna-Q,0.0,2600,13000,5.525428125196769,6.263607903500317,0.7381797783035475
55,Dyna-Q,0.0,2700,13500,6.18861173741721,6.263607903500317,0.07499616608310689
55,Dyna-Q,0.0,2800,14000,6.18861173741721,6.263607903500317,0.07499616608310689
55,Dyna-Q,0.0,2900,14500,-1.445072719416976,6.263607903500317,7.708680622917292
55,Dyna-Q,0.0,3000,15000,5.155367129123759,6.263607903500317,1.1082407743765579
55,Dyna-Q,0.0,3100,15500,2.9475753778465714,6.263607903500317,3.3160325256537453
55,Dyna-Q,0.0,3200,16000,4.861315059604701,6.263607903500317,1.4022928438956157
55,Dyna-Q,0.0,3300,16500,5.518503928132571,6.263607903500317,0.745103975367746
55,Dyna-Q,0.0,3400,17000,5.535824264681222,6.263607903500317,0.727783638819095
55,Dyna-Q,0.0,3500,17500,6.222586863809811,6.263607903500317,0.041021039690505745
55,Dyna-Q,0.0,3600,18000,5.942355220941671,6.263607903500317,0.3212526825586455
55,Dyna-Q,0.0,3700,18500,5.942355220941671,6.263607903500317,0.3212526825586455
55,Dyna-Q,0.0,3800,19000,6.222586863809811,6.263607903500317,0.041021039690505745
55,Dyna-Q,0.0,3900,19500,6.222586863809811,6.263607903500317,0.041021039690505745
55,Dyna-Q,0.0,4000,20000,6.211806779627448,6.263607903500317,0.051801123872868615
55,Dyna-Q,0.0,4100,20500,6.222586863809811,6.263607903500317,0.041021039690505745
55,Dyna-Q,0.0,4200,21000,6.222586863809811,6.263607903500317,0.041021039690505745
55,Dyna-Q,0.0,4300,21500,6.222586863809811,6.263607903500317,0.041021039690505745
55,Dyna-Q,0.0,4400,22000,6.222586863809811,6.263607903500317,0.041021039690505745
55,Dyna-Q,0.0,4500,22500,3.152473117516046,6.263607903500317,3.111134785984271
55,Dyna-Q,0.0,4600,23000,6.252698803146877,6.263607903500317,0.01090910035344006
55,Dyna-Q,0.0,4700,23500,6.250616328840213,6.263607903500317,0.012991574660103922
55,Dyna-Q,0.0,4800,24000,6.250616328840213,6.263607903500317,0.012991574660103922
55,Dyna-Q,0.0,4900,24500,6.206763235107506,6.263607903500317,0.05684466839281033
55,Dyna-Q,0.0,5000,25000,6.178124101932286,6.263607903500317,0.08548380156803059
55,Dyna-Q,0.15,0,0,-2.0000000000000013,6.263607903500317,8.263607903500318
55,Dyna-Q,0.15,100,500,-1.9611696731272503,6.263607903500317,8.224777576627567
55,Dyna-Q,0.15,200,1000,0.6392577062085647,6.263607903500317,5.6243501972917525
55,Dyna-Q,0.15,300,1500,6.155855989285575,6.263607903500317,0.10775191421474162
55,Dyna-Q,0.15,400,2000,5.716136303433021,6.263607903500317,0.5474716000672961
55,Dyna-Q,0.15,500,2500,6.0708389740363655,6.263607903500317,0.1927689294639512
55,Dyna-Q,0.15,600,3000,6.081176043502936,6.263607903500317,0.1824318599973811
55,Dyna-Q,0.15,700,3500,5.954027071986765,6.263607903500317,0.30958083151355176
55,Dyna-Q,0.15,800,4000,5.954027071986765,6.263607903500317,0.30958083151355176
55,Dyna-Q,0.15,900,4500,2.725249204590785,6.263607903500317,3.5383586989095317
55,Dyna-Q,0.15,1000,5000,5.820260257835424,6.263607903500317,0.4433476456648924
55,Dyna-Q,0.15,1100,5500,2.3122339553030935,6.263607903500317,3.951373948197223
55,Dyna-Q,0.15,1200,6000,6.059669303493107,6.263607903500317,0.2039386000072101
55,Dyna-Q,0.15,1300,6500,6.0819317914283335,6.263607903500317,0.1816761120719832
55,Dyna-Q,0.15,1400,7000,1.1029945150804428,6.263607903500317,5.160613388419874
55,Dyna-Q,0.15,1500,7500,4.737431370968804,6.263607903500317,1.5261765325315126
55,Dyna-Q,0.15,1600,8000,0.31521630437870773,6.263607903500317,5.948391599121609
55,Dyna-Q,0.15,1700,8500,6.068635994570415,6.263607903500317,0.1949719089299018
55,Dyna-Q,0.15,1800,9000,6.059669303493107,6.263607903500317,0.2039386000072101
55,Dyna-Q,0.15,1900,9500,6.0819317914283335,6.263607903500317,0.1816761120719832
55,Dyna-Q,0.15,2000,10000,6.068635994570415,6.263607903500317,0.1949719089299018
55,Dyna-Q,0.15,2100,10500,5.954027071986765,6.263607903500317,0.30958083151355176
55,Dyna-Q,0.15,2200,11000,6.0819317914283335,6.263607903500317,0.1816761120719832
55,Dyna-Q,0.15,2300,11500,6.068345902374071,6.263607903500317,0.19526200112624537
55,Dyna-Q,0.15,2400,12000,0.586599585110619,6.263607903500317,5.6770083183896975
55,Dyna-Q,0.15,2500,12500,6.213404632494742,6.263607903500317,0.05020327100557509
55,Dyna-Q,0.15,2600,13000,6.054902135015454,6.263607903500317,0.20870576848486255
55,Dyna-Q,0.15,2700,13500,3.12920801715453,6.263607903500317,3.1343998863457867
55,Dyna-Q,0.15,2800,14000,6.185187117137386,6.263607903500317,0.0784207863629307
55,Dyna-Q,0.15,2900,14500,6.068635994570415,6.263607903500317,0.1949719089299018
55,Dyna-Q,0.15,3000,15000,5.248233573927235,6.263607903500317,1.0153743295730813
55,Dyna-Q,0.15,3100,15500,6.051410752647238,6.263607903500317,0.2121971508530791
55,Dyna-Q,0.15,3200,16000,6.051410752647238,6.263607903500317,0.2121971508530791
55,Dyna-Q,0.15,3300,16500,6.051410752647238,6.263607903500317,0.2121971508530791
55,Dyna-Q,0.15,3400,17000,6.16182722998332,6.263607903500317,0.1017806735169966
55,Dyna-Q,0.15,3500,17500,6.161298092880666,6.263607903500317,0.1023098106196505
55,Dyna-Q,0.15,3600,18000,6.080823927727676,6.263607903500317,0.18278397577264105
55,Dyna-Q,0.15,3700,18500,-0.8738103137555451,6.263607903500317,7.137418217255862
55,Dyna-Q,0.15,3800,19000,2.9415735482319567,6.263607903500317,3.32203435526836
55,Dyna-Q,0.15,3900,19500,6.16182722998332,6.263607903500317,0.1017806735169966
55,Dyna-Q,0.15,4000,20000,6.186155672192373,6.263607903500317,0.07745223130794354
55,Dyna-Q,0.15,4100,20500,6.169491354423063,6.263607903500317,0.09411654907725353
55,Dyna-Q,0.15,4200,21000,5.868636833308067,6.263607903500317,0.3949710701922493
55,Dyna-Q,0.15,4300,21500,2.861429383444166,6.263607903500317,3.4021785200561507
55,Dyna-Q,0.15,4400,22000,2.9165182633418425,6.263607903500317,3.347089640158474
55,Dyna-Q,0.15,4500,22500,0.7333414433270986,6.263607903500317,5.530266460173218
55,Dyna-Q,0.15,4600,23000,6.190323492921156,6.263607903500317,0.07328441057916102
55,Dyna-Q,0.15,4700,23500,6.087070005459647,6.263607903500317,0.17653789804067
55,Dyna-Q,0.15,4800,24000,5.358560053506956,6.263607903500317,0.9050478499933607
55,Dyna-Q,0.15,4900,24500,5.868636833308067,6.263607903500317,0.3949710701922493
55,Dyna-Q,0.15,5000,25000,-1.0660403568980088,6.263607903500317,7.329648260398326
55,Dyna-Q,0.35,0,0,-2.0000000000000013,6.263607903500317,8.263607903500318
55,Dyna-Q,0.35,100,500,-1.1100469453951924,6.263607903500317,7.373654848895509
55,Dyna-Q,0.35,200,1000,-1.9612552781669133,6.263607903500317,8.22486318166723
55,Dyna-Q,0.35,300,1500,-1.3382152377375989,6.263607903500317,7.601823141237915
55,Dyna-Q,0.35,400,2000,5.565370109682483,6.263607903500317,0.6982377938178335
55,Dyna-Q,0.35,500,2500,5.561733283735452,6.263607903500317,0.7018746197648644
55,Dyna-Q,0.35,600,3000,2.5429949717249922,6.263607903500317,3.7206129317753245
55,Dyna-Q,0.35,700,3500,2.7065277368381913,6.263607903500317,3.5570801666621255
55,Dyna-Q,0.35,800,4000,3.1378932276730342,6.263607903500317,3.1257146758272825
55,Dyna-Q,0.35,900,4500,2.9819691940708806,6.263607903500317,3.281638709429436
55,Dyna-Q,0.35,1000,5000,0.6556354446937925,6.263607903500317,5.6079724588065245
55,Dyna-Q,0.35,1100,5500,0.1709761963417,6.263607903500317,6.092631707158617
55,Dyna-Q,0.35,1200,6000,0.13957329515569109,6.263607903500317,6.124034608344625
55,Dyna-Q,0.35,1300,6500,1.2106485339879591,6.263607903500317,5.052959369512358
55,Dyna-Q,0.35,1400,7000,5.470115244869981,6.263607903500317,0.7934926586303357
55,Dyna-Q,0.35,1500,7500,0.41395447277715375,6.263607903500317,5.849653430723163
55,Dyna-Q,0.35,1600,8000,3.0884362406668706,6.263607903500317,3.175171662833446
55,Dyna-Q,0.35,1700,8500,6.06091633795305,6.263607903500317,0.20269156554726653
55,Dyna-Q,0.35,1800,9000,5.84711431814872,6.263607903500317,0.41649358535159653
55,Dyna-Q,0.35,1900,9500,2.978570360654374,6.263607903500317,3.285037542845943
55,Dyna-Q,0.35,2000,10000,6.191746974574256,6.263607903500317,0.07186092892606055
55,Dyna-Q,0.35,2100,10500,6.2088345499831465,6.263607903500317,0.054773353517170165
55,Dyna-Q,0.35,2200,11000,5.929250817986956,6.263607903500317,0.33435708551336063
55,Dyna-Q,0.35,2300,11500,5.8290170989493015,6.263607903500317,0.4345908045510152
55,Dyna-Q,0.35,2400,12000,3.2319606832001417,6.263607903500317,3.031647220300175
55,Dyna-Q,0.35,2500,12500,2.7888154031367294,6.263607903500317,3.4747925003635873
55,Dyna-Q,0.35,2600,13000,6.196890062607006,6.263607903500317,0.06671784089331112
55,Dyna-Q,0.35,2700,13500,-1.563256419642081,6.263607903500317,7.826864323142398
55,Dyna-Q,0.35,2800,14000,5.971480829523902,6.263607903500317,0.292127073976415
55,Dyna-Q,0.35,2900,14500,2.9868483199151528,6.263607903500317,3.276759583585164
55,Dyna-Q,0.35,3000,15000,6.103476481273137,6.263607903500317,0.16013142222718013
55,Dyna-Q,0.35,3100,15500,6.007414375640853,6.263607903500317,0.25619352785946337
55,Dyna-Q,0.35,3200,16000,5.982487885658712,6.263607903500317,0.2811200178416051
55,Dyna-Q,0.35,3300,16500,1.1171832434991193,6.263607903500317,5.146424660001197
55,Dyna-Q,0.35,3400,17000,-1.9716074871733924,6.263607903500317,8.235215390673709
55,Dyna-Q,0.35,3500,17500,2.3632928017577837,6.263607903500317,3.900315101742533
55,Dyna-Q,0.35,3600,18000,-1.9627480372749162,6.263607903500317,8.226355940775234
55,Dyna-Q,0.35,3700,18500,5.4343853541932985,6.263607903500317,0.8292225493070182
55,Dyna-Q,0.35,3800,19000,2.6386756625932946,6.263607903500317,3.624932240907022
55,Dyna-Q,0.35,3900,19500,-1.9168815201313678,6.263607903500317,8.180489423631684
55,Dyna-Q,0.35,4000,20000,4.9167815154381,6.263607903500317,1.346826388062217
55,Dyna-Q,0.35,4100,20500,2.8314181874089086,6.263607903500317,3.432189716091408
55,Dyna-Q,0.35,4200,21000,6.211806779627448,6.263607903500317,0.051801123872868615
55,Dyna-Q,0.35,4300,21500,6.236571160055866,6.263607903500317,0.027036743444450728
55,Dyna-Q,0.35,4400,22000,6.22272458098214,6.263607903500317,0.04088332251817661
55,Dyna-Q,0.35,4500,22500,2.9597821249648355,6.263607903500317,3.303825778535481
55,Dyna-Q,0.35,4600,23000,6.231539167543261,6.263607903500317,0.03206873595705595
55,Dyna-Q,0.35,4700,23500,-1.374624219765907,6.263607903500317,7.638232123266224
55,Dyna-Q,0.35,4800,24000,-1.331618573571432,6.263607903500317,7.595226477071749
55,Dyna-Q,0.35,4900,24500,3.1477513313798684,6.263607903500317,3.1158565721204483
55,Dyna-Q,0.35,5000,25000,1.2946916499570207,6.263607903500317,4.968916253543296
66,Q-learning,0.0,0,0,-2.0000000000000013,6.263607903500317,8.263607903500318
66,Q-learning,0.0,100,0,-2.164535522422539,6.263607903500317,8.428143425922855
66,Q-learning,0.0,200,0,-1.383701156884029,6.263607903500317,7.647309060384345
66,Q-learning,0.0,300,0,-1.9745795294256885,6.263607903500317,8.238187432926004
66,Q-learning,0.0,400,0,0.5534477215774788,6.263607903500317,5.710160181922838
66,Q-learning,0.0,500,0,3.118896403594366,6.263607903500317,3.144711499905951
66,Q-learning,0.0,600,0,5.945675688721506,6.263607903500317,0.3179322147788106
66,Q-learning,0.0,700,0,6.179166923399576,6.263607903500317,0.08444098010074086
66,Q-learning,0.0,800,0,6.179166923399576,6.263607903500317,0.08444098010074086
66,Q-learning,0.0,900,0,6.179166923399576,6.263607903500317,0.08444098010074086
66,Q-learning,0.0,1000,0,6.179166923399576,6.263607903500317,0.08444098010074086
66,Q-learning,0.0,1100,0,6.179166923399576,6.263607903500317,0.08444098010074086
66,Q-learning,0.0,1200,0,6.193846386018808,6.263607903500317,0.06976151748150894
66,Q-learning,0.0,1300,0,6.193846386018808,6.263607903500317,0.06976151748150894
66,Q-learning,0.0,1400,0,6.193846386018808,6.263607903500317,0.06976151748150894
66,Q-learning,0.0,1500,0,6.193846386018808,6.263607903500317,0.06976151748150894
66,Q-learning,0.0,1600,0,6.193846386018808,6.263607903500317,0.06976151748150894
66,Q-learning,0.0,1700,0,6.193846386018808,6.263607903500317,0.06976151748150894
66,Q-learning,0.0,1800,0,6.193846386018808,6.263607903500317,0.06976151748150894
66,Q-learning,0.0,1900,0,6.193846386018808,6.263607903500317,0.06976151748150894
66,Q-learning,0.0,2000,0,6.193846386018808,6.263607903500317,0.06976151748150894
66,Q-learning,0.0,2100,0,6.193846386018808,6.263607903500317,0.06976151748150894
66,Q-learning,0.0,2200,0,6.193846386018808,6.263607903500317,0.06976151748150894
66,Q-learning,0.0,2300,0,6.193846386018808,6.263607903500317,0.06976151748150894
66,Q-learning,0.0,2400,0,6.193846386018808,6.263607903500317,0.06976151748150894
66,Q-learning,0.0,2500,0,6.193846386018808,6.263607903500317,0.06976151748150894
66,Q-learning,0.0,2600,0,6.193846386018808,6.263607903500317,0.06976151748150894
66,Q-learning,0.0,2700,0,6.193846386018808,6.263607903500317,0.06976151748150894
66,Q-learning,0.0,2800,0,6.193846386018808,6.263607903500317,0.06976151748150894
66,Q-learning,0.0,2900,0,6.193846386018808,6.263607903500317,0.06976151748150894
66,Q-learning,0.0,3000,0,6.193846386018808,6.263607903500317,0.06976151748150894
66,Q-learning,0.0,3100,0,6.193846386018808,6.263607903500317,0.06976151748150894
66,Q-learning,0.0,3200,0,6.193846386018808,6.263607903500317,0.06976151748150894
66,Q-learning,0.0,3300,0,6.193846386018808,6.263607903500317,0.06976151748150894
66,Q-learning,0.0,3400,0,6.193846386018808,6.263607903500317,0.06976151748150894
66,Q-learning,0.0,3500,0,6.193846386018808,6.263607903500317,0.06976151748150894
66,Q-learning,0.0,3600,0,6.193846386018808,6.263607903500317,0.06976151748150894
66,Q-learning,0.0,3700,0,6.193846386018808,6.263607903500317,0.06976151748150894
66,Q-learning,0.0,3800,0,6.193846386018808,6.263607903500317,0.06976151748150894
66,Q-learning,0.0,3900,0,6.193846386018808,6.263607903500317,0.06976151748150894
66,Q-learning,0.0,4000,0,6.193846386018808,6.263607903500317,0.06976151748150894
66,Q-learning,0.0,4100,0,6.193846386018808,6.263607903500317,0.06976151748150894
66,Q-learning,0.0,4200,0,6.193846386018808,6.263607903500317,0.06976151748150894
66,Q-learning,0.0,4300,0,6.193846386018808,6.263607903500317,0.06976151748150894
66,Q-learning,0.0,4400,0,6.193846386018808,6.263607903500317,0.06976151748150894
66,Q-learning,0.0,4500,0,6.193846386018808,6.263607903500317,0.06976151748150894
66,Q-learning,0.0,4600,0,6.193846386018808,6.263607903500317,0.06976151748150894
66,Q-learning,0.0,4700,0,6.193846386018808,6.263607903500317,0.06976151748150894
66,Q-learning,0.0,4800,0,6.193846386018808,6.263607903500317,0.06976151748150894
66,Q-learning,0.0,4900,0,6.193846386018808,6.263607903500317,0.06976151748150894
66,Q-learning,0.0,5000,0,3.1922227487925734,6.263607903500317,3.0713851547077433
66,Dyna-Q,0.0,0,0,-2.0000000000000013,6.263607903500317,8.263607903500318
66,Dyna-Q,0.0,100,500,-1.9508187137065112,6.263607903500317,8.214426617206827
66,Dyna-Q,0.0,200,1000,2.898526341763958,6.263607903500317,3.3650815617363588
66,Dyna-Q,0.0,300,1500,5.429320455890159,6.263607903500317,0.8342874476101576
66,Dyna-Q,0.0,400,2000,5.543216823080018,6.263607903500317,0.7203910804202991
66,Dyna-Q,0.0,500,2500,5.187796079174704,6.263607903500317,1.075811824325613
66,Dyna-Q,0.0,600,3000,1.016688881487937,6.263607903500317,5.24691902201238
66,Dyna-Q,0.0,700,3500,5.661057093178095,6.263607903500317,0.6025508103222217
66,Dyna-Q,0.0,800,4000,6.256162817535298,6.263607903500317,0.007445085965018805
66,Dyna-Q,0.0,900,4500,6.256162817535298,6.263607903500317,0.007445085965018805
66,Dyna-Q,0.0,1000,5000,3.241098295054298,6.263607903500317,3.022509608446019
66,Dyna-Q,0.0,1100,5500,6.185321520045308,6.263607903500317,0.07828638345500849
66,Dyna-Q,0.0,1200,6000,3.175095824454827,6.263607903500317,3.08851207904549
66,Dyna-Q,0.0,1300,6500,1.195379360556786,6.263607903500317,5.0682285429435305
66,Dyna-Q,0.0,1400,7000,6.263607903500317,6.263607903500317,0.0
66,Dyna-Q,0.0,1500,7500,6.22272458098214,6.263607903500317,0.04088332251817661
66,Dyna-Q,0.0,1600,8000,6.22272458098214,6.263607903500317,0.04088332251817661
66,Dyna-Q,0.0,1700,8500,6.22272458098214,6.263607903500317,0.04088332251817661
66,Dyna-Q,0.0,1800,9000,6.211806779627448,6.263607903500317,0.051801123872868615
66,Dyna-Q,0.0,1900,9500,6.22272458098214,6.263607903500317,0.04088332251817661
66,Dyna-Q,0.0,2000,10000,2.9399194342724875,6.263607903500317,3.3236884692278292
66,Dyna-Q,0.0,2100,10500,6.01519846379977,6.263607903500317,0.24840943970054674
66,Dyna-Q,0.0,2200,11000,3.175095824454827,6.263607903500317,3.08851207904549
66,Dyna-Q,0.0,2300,11500,6.263607903500317,6.263607903500317,0.0
66,Dyna-Q,0.0,2400,12000,6.22272458098214,6.263607903500317,0.04088332251817661
66,Dyna-Q,0.0,2500,12500,6.205013768553916,6.263607903500317,0.05859413494640098
66,Dyna-Q,0.0,2600,13000,3.401619189755449,6.263607903500317,2.861988713744868
66,Dyna-Q,0.0,2700,13500,6.206546556333086,6.263607903500317,0.05706134716723099
66,Dyna-Q,0.0,2800,14000,6.231539167543261,6.263607903500317,0.03206873595705595
66,Dyna-Q,0.0,2900,14500,-1.9031003779523818,6.263607903500317,8.1667082814527
66,Dyna-Q,0.0,3000,15000,3.0372922341765873,6.263607903500317,3.2263156693237294
66,Dyna-Q,0.0,3100,15500,2.6488726907325457,6.263607903500317,3.614735212767771
66,Dyna-Q,0.0,3200,16000,6.263607903500317,6.263607903500317,0.0
66,Dyna-Q,0.0,3300,16500,6.252698803146877,6.263607903500317,0.01090910035344006
66,Dyna-Q,0.0,3400,17000,6.250616328840213,6.263607903500317,0.012991574660103922
66,Dyna-Q,0.0,3500,17500,3.016583660015622,6.263607903500317,3.2470242434846948
66,Dyna-Q,0.0,3600,18000,5.938088722292119,6.263607903500317,0.32551918120819767
66,Dyna-Q,0.0,3700,18500,6.215103524416071,6.263607903500317,0.048504379084246096
66,Dyna-Q,0.0,3800,19000,6.215103524416071,6.263607903500317,0.048504379084246096
66,Dyna-Q,0.0,3900,19500,6.21087985078607,6.263607903500317,0.05272805271424641
66,Dyna-Q,0.0,4000,20000,3.049667735242042,6.263607903500317,3.213940168258275
66,Dyna-Q,0.0,4100,20500,5.942112675789892,6.263607903500317,0.3214952277104244
66,Dyna-Q,0.0,4200,21000,3.0699362800739887,6.263607903500317,3.193671623426328
66,Dyna-Q,0.0,4300,21500,6.130887703003961,6.263607903500317,0.13272020049635547
66,Dyna-Q,0.0,4400,22000,6.263607903500317,6.263607903500317,0.0
66,Dyna-Q,0.0,4500,22500,3.5186243234161205,6.263607903500317,2.744983580084196
66,Dyna-Q,0.0,4600,23000,6.244533912994323,6.263607903500317,0.019073990505993343
66,Dyna-Q,0.0,4700,23500,6.244533912994323,6.263607903500317,0.019073990505993343
66,Dyna-Q,0.0,4800,24000,3.1565736067582724,6.263607903500317,3.1070342967420443
66,Dyna-Q,0.0,4900,24500,6.244533912994323,6.263607903500317,0.019073990505993343
66,Dyna-Q,0.0,5000,25000,6.244533912994323,6.263607903500317,0.019073990505993343
66,Dyna-Q,0.15,0,0,-2.0000000000000013,6.263607903500317,8.263607903500318
66,Dyna-Q,0.15,100,500,-0.6434146366776606,6.263607903500317,6.9070225401779775
66,Dyna-Q,0.15,200,1000,-1.2800166053323485,6.263607903500317,7.543624508832665
66,Dyna-Q,0.15,300,1500,1.4394642984897383,6.263607903500317,4.824143605010578
66,Dyna-Q,0.15,400,2000,5.962070596919114,6.263607903500317,0.3015373065812028
66,Dyna-Q,0.15,500,2500,6.263607903500317,6.263607903500317,0.0
66,Dyna-Q,0.15,600,3000,2.952211037971062,6.263607903500317,3.3113968655292547
66,Dyna-Q,0.15,700,3500,6.064037717336485,6.263607903500317,0.1995701861638315
66,Dyna-Q,0.15,800,4000,1.0218876526932428,6.263607903500317,5.241720250807074
66,Dyna-Q,0.15,900,4500,6.256162817535298,6.263607903500317,0.007445085965018805
66,Dyna-Q,0.15,1000,5000,5.342087139904664,6.263607903500317,0.9215207635956526
66,Dyna-Q,0.15,1100,5500,5.943084001889441,6.263607903500317,0.3205239016108754
66,Dyna-Q,0.15,1200,6000,5.6911252174221465,6.263607903500317,0.5724826860781702
66,Dyna-Q,0.15,1300,6500,2.8022244652665242,6.263607903500317,3.4613834382337925
66,Dyna-Q,0.15,1400,7000,6.263607903500317,6.263607903500317,0.0
66,Dyna-Q,0.15,1500,7500,6.211806779627448,6.263607903500317,0.051801123872868615
66,Dyna-Q,0.15,1600,8000,3.350721382418583,6.263607903500317,2.9128865210817336
66,Dyna-Q,0.15,1700,8500,6.019423886843977,6.263607903500317,0.24418401665634004
66,Dyna-Q,0.15,1800,9000,6.263607903500317,6.263607903500317,0.0
66,Dyna-Q,0.15,1900,9500,6.01519846379977,6.263607903500317,0.24840943970054674
66,Dyna-Q,0.15,2000,10000,5.623633258877734,6.263607903500317,0.6399746446225825
66,Dyna-Q,0.15,2100,10500,5.705827951133689,6.263607903500317,0.5577799523666274
66,Dyna-Q,0.15,2200,11000,6.22272458098214,6.263607903500317,0.04088332251817661
66,Dyna-Q,0.15,2300,11500,3.146480514599619,6.263607903500317,3.117127388900698
66,Dyna-Q,0.15,2400,12000,6.109166337497453,6.263607903500317,0.15444156600286352
66,Dyna-Q,0.15,2500,12500,3.137299018668007,6.263607903500317,3.1263088848323095
66,Dyna-Q,0.15,2600,13000,6.250616328840213,6.263607903500317,0.012991574660103922
66,Dyna-Q,0.15,2700,13500,6.218961709303765,6.263607903500317,0.04464619419655147
66,Dyna-Q,0.15,2800,14000,6.219989986773034,6.263607903500317,0.04361791672728277
66,Dyna-Q,0.15,2900,14500,3.1560789218975867,6.263607903500317,3.10752898160273
66,Dyna-Q,0.15,3000,15000,6.211806779627448,6.263607903500317,0.051801123872868615
66,Dyna-Q,0.15,3100,15500,-1.2800166053323485,6.263607903500317,7.543624508832665
66,Dyna-Q,0.15,3200,16000,6.211806779627448,6.263607903500317,0.051801123872868615
66,Dyna-Q,0.15,3300,16500,6.250452087681184,6.263607903500317,0.0131558158191325
66,Dyna-Q,0.15,3400,17000,6.213975699195224,6.263607903500317,0.04963220430509274
66,Dyna-Q,0.15,3500,17500,6.233650847568697,6.263607903500317,0.02995705593161979
66,Dyna-Q,0.15,3600,18000,6.179166923399576,6.263607903500317,0.08444098010074086
66,Dyna-Q,0.15,3700,18500,3.128823764640267,6.263607903500317,3.13478413886005
66,Dyna-Q,0.15,3800,19000,3.748567050197792,6.263607903500317,2.5150408533025246
66,Dyna-Q,0.15,3900,19500,3.1487611344079416,6.263607903500317,3.114846769092375
66,Dyna-Q,0.15,4000,20000,0.13674545956078704,6.263607903500317,6.12686244393953
66,Dyna-Q,0.15,4100,20500,5.178496562292766,6.263607903500317,1.0851113412075506
66,Dyna-Q,0.15,4200,21000,5.98222644335106,6.263607903500317,0.281381460149257
66,Dyna-Q,0.15,4300,21500,5.33071241356323,6.263607903500317,0.9328954899370867
66,Dyna-Q,0.15,4400,22000,3.105388226327058,6.263607903500317,3.1582196771732587
66,Dyna-Q,0.15,4500,22500,3.1802057660523757,6.263607903500317,3.083402137447941
66,Dyna-Q,0.15,4600,23000,6.019423886843977,6.263607903500317,0.24418401665634004
66,Dyna-Q,0.15,4700,23500,6.215341748699417,6.263607903500317,0.04826615480090002
66,Dyna-Q,0.15,4800,24000,5.998271598209182,6.263607903500317,0.26533630529113506
66,Dyna-Q,0.15,4900,24500,5.873092942081729,6.263607903500317,0.3905149614185879
66,Dyna-Q,0.15,5000,25000,0.606811984900078,6.263607903500317,5.656795918600238
66,Dyna-Q,0.35,0,0,-2.0000000000000013,6.263607903500317,8.263607903500318
66,Dyna-Q,0.35,100,500,-1.9876716199095275,6.263607903500317,8.251279523409844
66,Dyna-Q,0.35,200,1000,-1.9802528953032204,6.263607903500317,8.243860798803537
66,Dyna-Q,0.35,300,1500,-1.9189735695137267,6.263607903500317,8.182581473014043
66,Dyna-Q,0.35,400,2000,-1.9832736170818892,6.263607903500317,8.246881520582207
66,Dyna-Q,0.35,500,2500,-0.6164396448296348,6.263607903500317,6.8800475483299515
66,Dyna-Q,0.35,600,3000,-0.6054625156474128,6.263607903500317,6.86907041914773
66,Dyna-Q,0.35,700,3500,2.755616131782361,6.263607903500317,3.507991771717956
66,Dyna-Q,0.35,800,4000,3.6876930603237845,6.263607903500317,2.575914843176532
66,Dyna-Q,0.35,900,4500,2.729412038976649,6.263607903500317,3.5341958645236677
66,Dyna-Q,0.35,1000,5000,5.234166306649111,6.263607903500317,1.029441596851206
66,Dyna-Q,0.35,1100,5500,6.205013768553916,6.263607903500317,0.05859413494640098
66,Dyna-Q,0.35,1200,6000,5.7723102039894085,6.263607903500317,0.4912976995109082
66,Dyna-Q,0.35,1300,6500,5.974744577436525,6.263607903500317,0.28886332606379206
66,Dyna-Q,0.35,1400,7000,2.806283797256111,6.263607903500317,3.4573241062442057
66,Dyna-Q,0.35,1500,7500,5.998526985360925,6.263607903500317,0.2650809181393914
66,Dyna-Q,0.35,1600,8000,6.208398301384701,6.263607903500317,0.05520960211561565
66,Dyna-Q,0.35,1700,8500,6.208398301384701,6.263607903500317,0.05520960211561565
66,Dyna-Q,0.35,1800,9000,-2.0000000000000013,6.263607903500317,8.263607903500318
66,Dyna-Q,0.35,1900,9500,5.945139515481161,6.263607903500317,0.31846838801915567
66,Dyna-Q,0.35,2000,10000,3.152269812283627,6.263607903500317,3.1113380912166897
66,Dyna-Q,0.35,2100,10500,5.129550251878334,6.263607903500317,1.1340576516219825
66,Dyna-Q,0.35,2200,11000,5.668188377360912,6.263607903500317,0.5954195261394046
66,Dyna-Q,0.35,2300,11500,6.084734845329072,6.263607903500317,0.178873058171245
66,Dyna-Q,0.35,2400,12000,0.8972407474273556,6.263607903500317,5.366367156072961
66,Dyna-Q,0.35,2500,12500,3.013786236214722,6.263607903500317,3.2498216672855946
66,Dyna-Q,0.35,2600,13000,0.9998176596056113,6.263607903500317,5.2637902438947055
66,Dyna-Q,0.35,2700,13500,2.81130002313834,6.263607903500317,3.452307880361977
66,Dyna-Q,0.35,2800,14000,5.502331285814421,6.263607903500317,0.7612766176858958
66,Dyna-Q,0.35,2900,14500,0.951286333537288,6.263607903500317,5.312321569963029
66,Dyna-Q,0.35,3000,15000,5.601272995081421,6.263607903500317,0.6623349084188961
66,Dyna-Q,0.35,3100,15500,5.230086312208576,6.263607903500317,1.0335215912917404
66,Dyna-Q,0.35,3200,16000,6.171273537656731,6.263607903500317,0.09233436584358579
66,Dyna-Q,0.35,3300,16500,6.21367143208265,6.263607903500317,0.04993647141766644
66,Dyna-Q,0.35,3400,17000,-0.7449006544322015,6.263607903500317,7.008508557932518
66,Dyna-Q,0.35,3500,17500,0.6742016963250353,6.263607903500317,5.589406207175282
66,Dyna-Q,0.35,3600,18000,6.2088345499831465,6.263607903500317,0.054773353517170165
66,Dyna-Q,0.35,3700,18500,5.743996973263125,6.263607903500317,0.5196109302371914
66,Dyna-Q,0.35,3800,19000,6.238232670796226,6.263607903500317,0.025375232704091033
66,Dyna-Q,0.35,3900,19500,6.222586863809811,6.263607903500317,0.041021039690505745
66,Dyna-Q,0.35,4000,20000,5.649711141632105,6.263607903500317,0.6138967618682116
66,Dyna-Q,0.35,4100,20500,0.27687436779328123,6.263607903500317,5.986733535707035
66,Dyna-Q,0.35,4200,21000,1.322443835560166,6.263607903500317,4.941164067940151
66,Dyna-Q,0.35,4300,21500,-0.7901480709064552,6.263607903500317,7.053755974406772
66,Dyna-Q,0.35,4400,22000,0.35965361949824204,6.263607903500317,5.903954284002075
66,Dyna-Q,0.35,4500,22500,3.068468083482285,6.263607903500317,3.195139820018032
66,Dyna-Q,0.35,4600,23000,5.219978972096552,6.263607903500317,1.0436289314037648
66,Dyna-Q,0.35,4700,23500,0.43505703381725347,6.263607903500317,5.828550869683063
66,Dyna-Q,0.35,4800,24000,2.986239852388432,6.263607903500317,3.2773680511118846
66,Dyna-Q,0.35,4900,24500,5.593862860601303,6.263607903500317,0.6697450428990139
66,Dyna-Q,0.35,5000,25000,5.9738361246591145,6.263607903500317,0.2897717788412022
77,Q-learning,0.0,0,0,-2.0000000000000013,6.263607903500317,8.263607903500318
77,Q-learning,0.0,100,0,0.6739122657434936,6.263607903500317,5.589695637756823
77,Q-learning,0.0,200,0,1.4646419518783087,6.263607903500317,4.798965951622008
77,Q-learning,0.0,300,0,2.8792290192211527,6.263607903500317,3.384378884279164
77,Q-learning,0.0,400,0,6.103476481273137,6.263607903500317,0.16013142222718013
77,Q-learning,0.0,500,0,6.08023790002849,6.263607903500317,0.18337000347182641
77,Q-learning,0.0,600,0,6.08023790002849,6.263607903500317,0.18337000347182641
77,Q-learning,0.0,700,0,6.08023790002849,6.263607903500317,0.18337000347182641
77,Q-learning,0.0,800,0,6.08023790002849,6.263607903500317,0.18337000347182641
77,Q-learning,0.0,900,0,6.08023790002849,6.263607903500317,0.18337000347182641
77,Q-learning,0.0,1000,0,6.08023790002849,6.263607903500317,0.18337000347182641
77,Q-learning,0.0,1100,0,6.08023790002849,6.263607903500317,0.18337000347182641
77,Q-learning,0.0,1200,0,6.08023790002849,6.263607903500317,0.18337000347182641
77,Q-learning,0.0,1300,0,6.08023790002849,6.263607903500317,0.18337000347182641
77,Q-learning,0.0,1400,0,6.100678929554774,6.263607903500317,0.16292897394554284
77,Q-learning,0.0,1500,0,6.101179986705829,6.263607903500317,0.16242791679448754
77,Q-learning,0.0,1600,0,6.101179986705829,6.263607903500317,0.16242791679448754
77,Q-learning,0.0,1700,0,6.101179986705829,6.263607903500317,0.16242791679448754
77,Q-learning,0.0,1800,0,6.101179986705829,6.263607903500317,0.16242791679448754
77,Q-learning,0.0,1900,0,6.101179986705829,6.263607903500317,0.16242791679448754
77,Q-learning,0.0,2000,0,6.101179986705829,6.263607903500317,0.16242791679448754
77,Q-learning,0.0,2100,0,6.101179986705829,6.263607903500317,0.16242791679448754
77,Q-learning,0.0,2200,0,6.101179986705829,6.263607903500317,0.16242791679448754
77,Q-learning,0.0,2300,0,6.101179986705829,6.263607903500317,0.16242791679448754
77,Q-learning,0.0,2400,0,6.101179986705829,6.263607903500317,0.16242791679448754
77,Q-learning,0.0,2500,0,6.101179986705829,6.263607903500317,0.16242791679448754
77,Q-learning,0.0,2600,0,6.101179986705829,6.263607903500317,0.16242791679448754
77,Q-learning,0.0,2700,0,6.101179986705829,6.263607903500317,0.16242791679448754
77,Q-learning,0.0,2800,0,6.101179986705829,6.263607903500317,0.16242791679448754
77,Q-learning,0.0,2900,0,6.101179986705829,6.263607903500317,0.16242791679448754
77,Q-learning,0.0,3000,0,6.101179986705829,6.263607903500317,0.16242791679448754
77,Q-learning,0.0,3100,0,6.101179986705829,6.263607903500317,0.16242791679448754
77,Q-learning,0.0,3200,0,6.101179986705829,6.263607903500317,0.16242791679448754
77,Q-learning,0.0,3300,0,6.101179986705829,6.263607903500317,0.16242791679448754
77,Q-learning,0.0,3400,0,6.101179986705829,6.263607903500317,0.16242791679448754
77,Q-learning,0.0,3500,0,6.101179986705829,6.263607903500317,0.16242791679448754
77,Q-learning,0.0,3600,0,6.101179986705829,6.263607903500317,0.16242791679448754
77,Q-learning,0.0,3700,0,6.101179986705829,6.263607903500317,0.16242791679448754
77,Q-learning,0.0,3800,0,6.101179986705829,6.263607903500317,0.16242791679448754
77,Q-learning,0.0,3900,0,6.101179986705829,6.263607903500317,0.16242791679448754
77,Q-learning,0.0,4000,0,6.101179986705829,6.263607903500317,0.16242791679448754
77,Q-learning,0.0,4100,0,6.101179986705829,6.263607903500317,0.16242791679448754
77,Q-learning,0.0,4200,0,6.101179986705829,6.263607903500317,0.16242791679448754
77,Q-learning,0.0,4300,0,6.101179986705829,6.263607903500317,0.16242791679448754
77,Q-learning,0.0,4400,0,6.101179986705829,6.263607903500317,0.16242791679448754
77,Q-learning,0.0,4500,0,6.101179986705829,6.263607903500317,0.16242791679448754
77,Q-learning,0.0,4600,0,6.101179986705829,6.263607903500317,0.16242791679448754
77,Q-learning,0.0,4700,0,6.101179986705829,6.263607903500317,0.16242791679448754
77,Q-learning,0.0,4800,0,6.101179986705829,6.263607903500317,0.16242791679448754
77,Q-learning,0.0,4900,0,6.101179986705829,6.263607903500317,0.16242791679448754
77,Q-learning,0.0,5000,0,6.101179986705829,6.263607903500317,0.16242791679448754
77,Dyna-Q,0.0,0,0,-2.0000000000000013,6.263607903500317,8.263607903500318
77,Dyna-Q,0.0,100,500,1.0805879704381425,6.263607903500317,5.183019933062174
77,Dyna-Q,0.0,200,1000,5.4321846515884085,6.263607903500317,0.8314232519119082
77,Dyna-Q,0.0,300,1500,5.4321846515884085,6.263607903500317,0.8314232519119082
77,Dyna-Q,0.0,400,2000,5.429320455890159,6.263607903500317,0.8342874476101576
77,Dyna-Q,0.0,500,2500,5.429320455890159,6.263607903500317,0.8342874476101576
77,Dyna-Q,0.0,600,3000,5.4321846515884085,6.263607903500317,0.8314232519119082
77,Dyna-Q,0.0,700,3500,3.1508476753622685,6.263607903500317,3.112760228138048
77,Dyna-Q,0.0,800,4000,3.1836075574196583,6.263607903500317,3.0800003460806584
77,Dyna-Q,0.0,900,4500,5.925825250434539,6.263607903500317,0.33778265306577815
77,Dyna-Q,0.0,1000,5000,6.185321520045308,6.263607903500317,0.07828638345500849
77,Dyna-Q,0.0,1100,5500,6.185321520045308,6.263607903500317,0.07828638345500849
77,Dyna-Q,0.0,1200,6000,6.185321520045308,6.263607903500317,0.07828638345500849
77,Dyna-Q,0.0,1300,6500,3.118852099303543,6.263607903500317,3.1447558041967736
77,Dyna-Q,0.0,1400,7000,6.193846386018808,6.263607903500317,0.06976151748150894
77,Dyna-Q,0.0,1500,7500,6.193846386018808,6.263607903500317,0.06976151748150894
77,Dyna-Q,0.0,1600,8000,6.202138551730675,6.263607903500317,0.061469351769641634
77,Dyna-Q,0.0,1700,8500,6.22272458098214,6.263607903500317,0.04088332251817661
77,Dyna-Q,0.0,1800,9000,6.146914298356513,6.263607903500317,0.11669360514380411
77,Dyna-Q,0.0,1900,9500,6.2088345499831465,6.263607903500317,0.054773353517170165
77,Dyna-Q,0.0,2000,10000,6.202138551730675,6.263607903500317,0.061469351769641634
77,Dyna-Q,0.0,2100,10500,6.211806779627448,6.263607903500317,0.051801123872868615
77,Dyna-Q,0.0,2200,11000,6.211806779627448,6.263607903500317,0.051801123872868615
77,Dyna-Q,0.0,2300,11500,6.22272458098214,6.263607903500317,0.04088332251817661
77,Dyna-Q,0.0,2400,12000,6.22272458098214,6.263607903500317,0.04088332251817661
77,Dyna-Q,0.0,2500,12500,6.193846386018808,6.263607903500317,0.06976151748150894
77,Dyna-Q,0.0,2600,13000,6.193846386018808,6.263607903500317,0.06976151748150894
77,Dyna-Q,0.0,2700,13500,6.193846386018808,6.263607903500317,0.06976151748150894
77,Dyna-Q,0.0,2800,14000,5.916935256442929,6.263607903500317,0.346672647057388
77,Dyna-Q,0.0,2900,14500,4.021389472227905,6.263607903500317,2.242218431272412
77,Dyna-Q,0.0,3000,15000,5.076931496203079,6.263607903500317,1.186676407297238
77,Dyna-Q,0.0,3100,15500,6.193846386018808,6.263607903500317,0.06976151748150894
77,Dyna-Q,0.0,3200,16000,2.998026543110612,6.263607903500317,3.265581360389705
77,Dyna-Q,0.0,3300,16500,2.9995435249979496,6.263607903500317,3.264064378502367
77,Dyna-Q,0.0,3400,17000,6.136735989942529,6.263607903500317,0.12687191355778804
77,Dyna-Q,0.0,3500,17500,6.04702942157326,6.263607903500317,0.21657848192705664
77,Dyna-Q,0.0,3600,18000,6.1831086627684435,6.263607903500317,0.0804992407318732
77,Dyna-Q,0.0,3700,18500,6.211806779627448,6.263607903500317,0.051801123872868615
77,Dyna-Q,0.0,3800,19000,2.9905082719168354,6.263607903500317,3.2730996315834813
77,Dyna-Q,0.0,3900,19500,1.15210253044495,6.263607903500317,5.111505373055367
77,Dyna-Q,0.0,4000,20000,6.237175951074367,6.263607903500317,0.026431952425949312
77,Dyna-Q,0.0,4100,20500,6.263607903500317,6.263607903500317,0.0
77,Dyna-Q,0.0,4200,21000,3.1534169303257595,6.263607903500317,3.110190973174557
77,Dyna-Q,0.0,4300,21500,6.1109300810667975,6.263607903500317,0.15267782243351924
77,Dyna-Q,0.0,4400,22000,6.1109300810667975,6.263607903500317,0.15267782243351924
77,Dyna-Q,0.0,4500,22500,6.221729430851686,6.263607903500317,0.04187847264863098
77,Dyna-Q,0.0,4600,23000,6.222586863809811,6.263607903500317,0.041021039690505745
77,Dyna-Q,0.0,4700,23500,6.222586863809811,6.263607903500317,0.041021039690505745
77,Dyna-Q,0.0,4800,24000,6.222586863809811,6.263607903500317,0.041021039690505745
77,Dyna-Q,0.0,4900,24500,6.222586863809811,6.263607903500317,0.041021039690505745
77,Dyna-Q,0.0,5000,25000,6.221729430851686,6.263607903500317,0.04187847264863098
77,Dyna-Q,0.15,0,0,-2.0000000000000013,6.263607903500317,8.263607903500318
77,Dyna-Q,0.15,100,500,5.498212792777943,6.263607903500317,0.7653951107223733
77,Dyna-Q,0.15,200,1000,-1.2169214787067084,6.263607903500317,7.480529382207025
77,Dyna-Q,0.15,300,1500,1.9284692777842096,6.263607903500317,4.335138625716107
77,Dyna-Q,0.15,400,2000,5.864852129441907,6.263607903500317,0.3987557740584098
77,Dyna-Q,0.15,500,2500,5.9121134035353915,6.263607903500317,0.3514944999649252
77,Dyna-Q,0.15,600,3000,6.099869012809803,6.263607903500317,0.16373889069051373
77,Dyna-Q,0.15,700,3500,6.177470404374029,6.263607903500317,0.08613749912628776
77,Dyna-Q,0.15,800,4000,0.18624220357542745,6.263607903500317,6.077365699924889
77,Dyna-Q,0.15,900,4500,6.2425527357522235,6.263607903500317,0.02105516774809324
77,Dyna-Q,0.15,1000,5000,2.729412038976649,6.263607903500317,3.5341958645236677
77,Dyna-Q,0.15,1100,5500,6.172719704761762,6.263607903500317,0.09088819873855503
77,Dyna-Q,0.15,1200,6000,3.1534169303257595,6.263607903500317,3.110190973174557
77,Dyna-Q,0.15,1300,6500,5.653472497840908,6.263607903500317,0.6101354056594088
77,Dyna-Q,0.15,1400,7000,6.211806779627448,6.263607903500317,0.051801123872868615
77,Dyna-Q,0.15,1500,7500,6.205013768553916,6.263607903500317,0.05859413494640098
77,Dyna-Q,0.15,1600,8000,1.447736987210383,6.263607903500317,4.815870916289934
77,Dyna-Q,0.15,1700,8500,5.223423455964422,6.263607903500317,1.0401844475358946
77,Dyna-Q,0.15,1800,9000,0.7359599242786855,6.263607903500317,5.527647979221631
77,Dyna-Q,0.15,1900,9500,6.133362223755686,6.263607903500317,0.13024567974463075
77,Dyna-Q,0.15,2000,10000,5.895498216184317,6.263607903500317,0.36810968731600013
77,Dyna-Q,0.15,2100,10500,3.030536094273324,6.263607903500317,3.2330718092269928
77,Dyna-Q,0.15,2200,11000,3.102876015039198,6.263607903500317,3.1607318884611186
77,Dyna-Q,0.15,2300,11500,2.043819057974772,6.263607903500317,4.219788845525544
77,Dyna-Q,0.15,2400,12000,6.078258353273612,6.263607903500317,0.18534955022670463
77,Dyna-Q,0.15,2500,12500,6.01519846379977,6.263607903500317,0.24840943970054674
77,Dyna-Q,0.15,2600,13000,6.011339128750641,6.263607903500317,0.2522687747496759
77,Dyna-Q,0.15,2700,13500,5.6911252174221465,6.263607903500317,0.5724826860781702
77,Dyna-Q,0.15,2800,14000,6.240084712123412,6.263607903500317,0.023523191376904506
77,Dyna-Q,0.15,2900,14500,6.237015509317011,6.263607903500317,0.0265923941833055
77,Dyna-Q,0.15,3000,15000,6.238232670796226,6.263607903500317,0.025375232704091033
77,Dyna-Q,0.15,3100,15500,3.7373424015483256,6.263607903500317,2.526265501951991
77,Dyna-Q,0.15,3200,16000,5.62188146081507,6.263607903500317,0.6417264426852469
77,Dyna-Q,0.15,3300,16500,5.548433927621844,6.263607903500317,0.7151739758784723
77,Dyna-Q,0.15,3400,17000,6.22272458098214,6.263607903500317,0.04088332251817661
77,Dyna-Q,0.15,3500,17500,6.110899083735137,6.263607903500317,0.1527088197651798
77,Dyna-Q,0.15,3600,18000,6.237175951074367,6.263607903500317,0.026431952425949312
77,Dyna-Q,0.15,3700,18500,6.237175951074367,6.263607903500317,0.026431952425949312
77,Dyna-Q,0.15,3800,19000,5.808721126870478,6.263607903500317,0.4548867766298388
77,Dyna-Q,0.15,3900,19500,6.078258353273612,6.263607903500317,0.18534955022670463
77,Dyna-Q,0.15,4000,20000,6.22272458098214,6.263607903500317,0.04088332251817661
77,Dyna-Q,0.15,4100,20500,6.211806779627448,6.263607903500317,0.051801123872868615
77,Dyna-Q,0.15,4200,21000,5.282222166089469,6.263607903500317,0.9813857374108474
77,Dyna-Q,0.15,4300,21500,5.9748652528564765,6.263607903500317,0.2887426506438402
77,Dyna-Q,0.15,4400,22000,2.9600723123850123,6.263607903500317,3.3035355911153044
77,Dyna-Q,0.15,4500,22500,2.6529426104044598,6.263607903500317,3.610665293095857
77,Dyna-Q,0.15,4600,23000,6.175626641488709,6.263607903500317,0.08798126201160805
77,Dyna-Q,0.15,4700,23500,6.205013768553916,6.263607903500317,0.05859413494640098
77,Dyna-Q,0.15,4800,24000,3.152473117516046,6.263607903500317,3.111134785984271
77,Dyna-Q,0.15,4900,24500,2.4742173033137513,6.263607903500317,3.7893906001865654
77,Dyna-Q,0.15,5000,25000,6.221729430851686,6.263607903500317,0.04187847264863098
77,Dyna-Q,0.35,0,0,-2.0000000000000013,6.263607903500317,8.263607903500318
77,Dyna-Q,0.35,100,500,2.9045679998483864,6.263607903500317,3.3590399036519303
77,Dyna-Q,0.35,200,1000,2.6164496605152134,6.263607903500317,3.6471582429851033
77,Dyna-Q,0.35,300,1500,2.93618669072322,6.263607903500317,3.3274212127770966
77,Dyna-Q,0.35,400,2000,0.5378848034726086,6.263607903500317,5.725723100027708
77,Dyna-Q,0.35,500,2500,-1.5331398225824306,6.263607903500317,7.796747726082748
77,Dyna-Q,0.35,600,3000,2.434204439105979,6.263607903500317,3.8294034643943378
77,Dyna-Q,0.35,700,3500,-1.3710373528974593,6.263607903500317,7.634645256397776
77,Dyna-Q,0.35,800,4000,3.0414496947816705,6.263607903500317,3.222158208718646
77,Dyna-Q,0.35,900,4500,6.058489482591838,6.263607903500317,0.20511842090847843
77,Dyna-Q,0.35,1000,5000,2.6452959450831974,6.263607903500317,3.6183119584171193
77,Dyna-Q,0.35,1100,5500,2.16669322736007,6.263607903500317,4.096914676140247
77,Dyna-Q,0.35,1200,6000,5.19931992646538,6.263607903500317,1.0642879770349367
77,Dyna-Q,0.35,1300,6500,-1.0675076004744264,6.263607903500317,7.331115503974743
77,Dyna-Q,0.35,1400,7000,5.575635177340334,6.263607903500317,0.6879727261599831
77,Dyna-Q,0.35,1500,7500,-0.8917506768176695,6.263607903500317,7.155358580317986
77,Dyna-Q,0.35,1600,8000,-1.923720073812249,6.263607903500317,8.187327977312567
77,Dyna-Q,0.35,1700,8500,-1.0675647946319342,6.263607903500317,7.331172698132251
77,Dyna-Q,0.35,1800,9000,6.150799983092067,6.263607903500317,0.11280792040824927
77,Dyna-Q,0.35,1900,9500,6.142359353758161,6.263607903500317,0.12124854974215538
77,Dyna-Q,0.35,2000,10000,5.643539171705311,6.263607903500317,0.6200687317950058
77,Dyna-Q,0.35,2100,10500,5.370095871301596,6.263607903500317,0.8935120321987204
77,Dyna-Q,0.35,2200,11000,3.11055793763894,6.263607903500317,3.153049965861377
77,Dyna-Q,0.35,2300,11500,-0.8286345570112673,6.263607903500317,7.092242460511584
77,Dyna-Q,0.35,2400,12000,6.062525570349197,6.263607903500317,0.20108233315111956
77,Dyna-Q,0.35,2500,12500,5.514206394102504,6.263607903500317,0.7494015093978126
77,Dyna-Q,0.35,2600,13000,5.765189229415199,6.263607903500317,0.49841867408511753
77,Dyna-Q,0.35,2700,13500,-1.9330160092228694,6.263607903500317,8.196623912723187
77,Dyna-Q,0.35,2800,14000,2.780760366228921,6.263607903500317,3.482847537271396
77,Dyna-Q,0.35,2900,14500,5.4987606249827286,6.263607903500317,0.7648472785175882
77,Dyna-Q,0.35,3000,15000,6.067380242929439,6.263607903500317,0.19622766057087748
77,Dyna-Q,0.35,3100,15500,6.066085579910018,6.263607903500317,0.19752232359029875
77,Dyna-Q,0.35,3200,16000,0.8543712134357069,6.263607903500317,5.40923669006461
77,Dyna-Q,0.35,3300,16500,-1.7352083109756111,6.263607903500317,7.998816214475928
77,Dyna-Q,0.35,3400,17000,2.7676797310741312,6.263607903500317,3.4959281724261855
77,Dyna-Q,0.35,3500,17500,2.599402186934506,6.263607903500317,3.6642057165658106
77,Dyna-Q,0.35,3600,18000,6.1724634101491755,6.263607903500317,0.09114449335114116
77,Dyna-Q,0.35,3700,18500,-2.0071828948746546,6.263607903500317,8.270790798374971
77,Dyna-Q,0.35,3800,19000,-1.2851111048234078,6.263607903500317,7.548719008323724
77,Dyna-Q,0.35,3900,19500,6.152970134830615,6.263607903500317,0.11063776866970176
77,Dyna-Q,0.35,4000,20000,6.1544844893646165,6.263607903500317,0.10912341413570026
77,Dyna-Q,0.35,4100,20500,6.174720150794886,6.263607903500317,0.08888775270543103
77,Dyna-Q,0.35,4200,21000,0.5797365018687888,6.263607903500317,5.683871401631528
77,Dyna-Q,0.35,4300,21500,-1.6977336246251071,6.263607903500317,7.961341528125423
77,Dyna-Q,0.35,4400,22000,1.1693282045170756,6.263607903500317,5.094279698983241
77,Dyna-Q,0.35,4500,22500,1.4763751430404357,6.263607903500317,4.787232760459881
77,Dyna-Q,0.35,4600,23000,2.7809155553002025,6.263607903500317,3.482692348200114
77,Dyna-Q,0.35,4700,23500,2.60611687366759,6.263607903500317,3.657491029832727
77,Dyna-Q,0.35,4800,24000,5.426061028765304,6.263607903500317,0.837546874735013
77,Dyna-Q,0.35,4900,24500,2.727584274768844,6.263607903500317,3.536023628731473
77,Dyna-Q,0.35,5000,25000,4.569009097018651,6.263607903500317,1.6945988064816655
88,Q-learning,0.0,0,0,-2.0000000000000013,6.263607903500317,8.263607903500318
88,Q-learning,0.0,100,0,-1.1113963922151286,6.263607903500317,7.375004295715446
88,Q-learning,0.0,200,0,2.0404201154221284,6.263607903500317,4.223187788078189
88,Q-learning,0.0,300,0,-0.14690510376680727,6.263607903500317,6.410513007267124
88,Q-learning,0.0,400,0,0.34942978705172,6.263607903500317,5.914178116448596
88,Q-learning,0.0,500,0,5.864349352577823,6.263607903500317,0.39925855092249396
88,Q-learning,0.0,600,0,5.864349352577823,6.263607903500317,0.39925855092249396
88,Q-learning,0.0,700,0,6.191746974574256,6.263607903500317,0.07186092892606055
88,Q-learning,0.0,800,0,6.191746974574256,6.263607903500317,0.07186092892606055
88,Q-learning,0.0,900,0,6.191746974574256,6.263607903500317,0.07186092892606055
88,Q-learning,0.0,1000,0,6.191746974574256,6.263607903500317,0.07186092892606055
88,Q-learning,0.0,1100,0,6.191746974574256,6.263607903500317,0.07186092892606055
88,Q-learning,0.0,1200,0,6.191746974574256,6.263607903500317,0.07186092892606055
88,Q-learning,0.0,1300,0,6.212548523117145,6.263607903500317,0.05105938038317159
88,Q-learning,0.0,1400,0,6.212548523117145,6.263607903500317,0.05105938038317159
88,Q-learning,0.0,1500,0,6.212548523117145,6.263607903500317,0.05105938038317159
88,Q-learning,0.0,1600,0,6.212548523117145,6.263607903500317,0.05105938038317159
88,Q-learning,0.0,1700,0,6.212548523117145,6.263607903500317,0.05105938038317159
88,Q-learning,0.0,1800,0,6.212548523117145,6.263607903500317,0.05105938038317159
88,Q-learning,0.0,1900,0,6.212548523117145,6.263607903500317,0.05105938038317159
88,Q-learning,0.0,2000,0,6.212548523117145,6.263607903500317,0.05105938038317159
88,Q-learning,0.0,2100,0,6.212548523117145,6.263607903500317,0.05105938038317159
88,Q-learning,0.0,2200,0,6.212548523117145,6.263607903500317,0.05105938038317159
88,Q-learning,0.0,2300,0,6.212548523117145,6.263607903500317,0.05105938038317159
88,Q-learning,0.0,2400,0,6.212548523117145,6.263607903500317,0.05105938038317159
88,Q-learning,0.0,2500,0,6.212548523117145,6.263607903500317,0.05105938038317159
88,Q-learning,0.0,2600,0,6.212548523117145,6.263607903500317,0.05105938038317159
88,Q-learning,0.0,2700,0,6.212548523117145,6.263607903500317,0.05105938038317159
88,Q-learning,0.0,2800,0,6.212548523117145,6.263607903500317,0.05105938038317159
88,Q-learning,0.0,2900,0,6.212548523117145,6.263607903500317,0.05105938038317159
88,Q-learning,0.0,3000,0,6.212548523117145,6.263607903500317,0.05105938038317159
88,Q-learning,0.0,3100,0,6.212548523117145,6.263607903500317,0.05105938038317159
88,Q-learning,0.0,3200,0,6.212548523117145,6.263607903500317,0.05105938038317159
88,Q-learning,0.0,3300,0,6.212548523117145,6.263607903500317,0.05105938038317159
88,Q-learning,0.0,3400,0,6.212548523117145,6.263607903500317,0.05105938038317159
88,Q-learning,0.0,3500,0,3.1277851371125043,6.263607903500317,3.1358227663878124
88,Q-learning,0.0,3600,0,5.670763633773459,6.263607903500317,0.5928442697268581
88,Q-learning,0.0,3700,0,6.212548523117145,6.263607903500317,0.05105938038317159
88,Q-learning,0.0,3800,0,6.212548523117145,6.263607903500317,0.05105938038317159
88,Q-learning,0.0,3900,0,6.212548523117145,6.263607903500317,0.05105938038317159
88,Q-learning,0.0,4000,0,6.212548523117145,6.263607903500317,0.05105938038317159
88,Q-learning,0.0,4100,0,6.212548523117145,6.263607903500317,0.05105938038317159
88,Q-learning,0.0,4200,0,6.212548523117145,6.263607903500317,0.05105938038317159
88,Q-learning,0.0,4300,0,6.212548523117145,6.263607903500317,0.05105938038317159
88,Q-learning,0.0,4400,0,6.212548523117145,6.263607903500317,0.05105938038317159
88,Q-learning,0.0,4500,0,6.212548523117145,6.263607903500317,0.05105938038317159
88,Q-learning,0.0,4600,0,6.212548523117145,6.263607903500317,0.05105938038317159
88,Q-learning,0.0,4700,0,6.212548523117145,6.263607903500317,0.05105938038317159
88,Q-learning,0.0,4800,0,6.212548523117145,6.263607903500317,0.05105938038317159
88,Q-learning,0.0,4900,0,6.212548523117145,6.263607903500317,0.05105938038317159
88,Q-learning,0.0,5000,0,6.212548523117145,6.263607903500317,0.05105938038317159
88,Dyna-Q,0.0,0,0,-2.0000000000000013,6.263607903500317,8.263607903500318
88,Dyna-Q,0.0,100,500,5.623929898365798,6.263607903500317,0.6396780051345186
88,Dyna-Q,0.0,200,1000,6.173061391445033,6.263607903500317,0.0905465120552833
88,Dyna-Q,0.0,300,1500,6.182864985050987,6.263607903500317,0.08074291844932979
88,Dyna-Q,0.0,400,2000,6.194383616197963,6.263607903500317,0.06922428730235364
88,Dyna-Q,0.0,500,2500,6.0819317914283335,6.263607903500317,0.1816761120719832
88,Dyna-Q,0.0,600,3000,6.0819317914283335,6.263607903500317,0.1816761120719832
88,Dyna-Q,0.0,700,3500,6.0819317914283335,6.263607903500317,0.1816761120719832
88,Dyna-Q,0.0,800,4000,6.0819317914283335,6.263607903500317,0.1816761120719832
88,Dyna-Q,0.0,900,4500,6.068635994570415,6.263607903500317,0.1949719089299018
88,Dyna-Q,0.0,1000,5000,6.0819317914283335,6.263607903500317,0.1816761120719832
88,Dyna-Q,0.0,1100,5500,6.0819317914283335,6.263607903500317,0.1816761120719832
88,Dyna-Q,0.0,1200,6000,3.0751949508881324,6.263607903500317,3.1884129526121843
88,Dyna-Q,0.0,1300,6500,6.0819317914283335,6.263607903500317,0.1816761120719832
88,Dyna-Q,0.0,1400,7000,2.541419679812281,6.263607903500317,3.7221882236880357
88,Dyna-Q,0.0,1500,7500,6.0819317914283335,6.263607903500317,0.1816761120719832
88,Dyna-Q,0.0,1600,8000,2.769903275291702,6.263607903500317,3.4937046282086146
88,Dyna-Q,0.0,1700,8500,6.068635994570415,6.263607903500317,0.1949719089299018
88,Dyna-Q,0.0,1800,9000,6.068635994570415,6.263607903500317,0.1949719089299018
88,Dyna-Q,0.0,1900,9500,6.068635994570415,6.263607903500317,0.1949719089299018
88,Dyna-Q,0.0,2000,10000,5.993662631944226,6.263607903500317,0.2699452715560904
88,Dyna-Q,0.0,2100,10500,6.243203409411358,6.263607903500317,0.02040449408895828
88,Dyna-Q,0.0,2200,11000,6.243203409411358,6.263607903500317,0.02040449408895828
88,Dyna-Q,0.0,2300,11500,6.243203409411358,6.263607903500317,0.02040449408895828
88,Dyna-Q,0.0,2400,12000,6.243203409411358,6.263607903500317,0.02040449408895828
88,Dyna-Q,0.0,2500,12500,6.243203409411358,6.263607903500317,0.02040449408895828
88,Dyna-Q,0.0,2600,13000,6.243203409411358,6.263607903500317,0.02040449408895828
88,Dyna-Q,0.0,2700,13500,6.243203409411358,6.263607903500317,0.02040449408895828
88,Dyna-Q,0.0,2800,14000,3.308404952486637,6.263607903500317,2.9552029510136797
88,Dyna-Q,0.0,2900,14500,6.243203409411358,6.263607903500317,0.02040449408895828
88,Dyna-Q,0.0,3000,15000,6.243203409411358,6.263607903500317,0.02040449408895828
88,Dyna-Q,0.0,3100,15500,6.243203409411358,6.263607903500317,0.02040449408895828
88,Dyna-Q,0.0,3200,16000,6.212918072125948,6.263607903500317,0.050689831374368666
88,Dyna-Q,0.0,3300,16500,6.212918072125948,6.263607903500317,0.050689831374368666
88,Dyna-Q,0.0,3400,17000,6.2122445163512765,6.263607903500317,0.05136338714904021
88,Dyna-Q,0.0,3500,17500,6.2122445163512765,6.263607903500317,0.05136338714904021
88,Dyna-Q,0.0,3600,18000,6.2122445163512765,6.263607903500317,0.05136338714904021
88,Dyna-Q,0.0,3700,18500,2.824116684874917,6.263607903500317,3.4394912186254
88,Dyna-Q,0.0,3800,19000,5.931088779789359,6.263607903500317,0.3325191237109575
88,Dyna-Q,0.0,3900,19500,5.931088779789359,6.263607903500317,0.3325191237109575
88,Dyna-Q,0.0,4000,20000,6.2122445163512765,6.263607903500317,0.05136338714904021
88,Dyna-Q,0.0,4100,20500,2.9813939832787133,6.263607903500317,3.2822139202216034
88,Dyna-Q,0.0,4200,21000,6.2122445163512765,6.263607903500317,0.05136338714904021
88,Dyna-Q,0.0,4300,21500,6.2122445163512765,6.263607903500317,0.05136338714904021
88,Dyna-Q,0.0,4400,22000,6.211806779627448,6.263607903500317,0.051801123872868615
88,Dyna-Q,0.0,4500,22500,2.8620513848253304,6.263607903500317,3.4015565186749863
88,Dyna-Q,0.0,4600,23000,6.211806779627448,6.263607903500317,0.051801123872868615
88,Dyna-Q,0.0,4700,23500,6.211806779627448,6.263607903500317,0.051801123872868615
88,Dyna-Q,0.0,4800,24000,6.103476481273137,6.263607903500317,0.16013142222718013
88,Dyna-Q,0.0,4900,24500,6.103476481273137,6.263607903500317,0.16013142222718013
88,Dyna-Q,0.0,5000,25000,6.103476481273137,6.263607903500317,0.16013142222718013
88,Dyna-Q,0.15,0,0,-2.0000000000000013,6.263607903500317,8.263607903500318
88,Dyna-Q,0.15,100,500,1.272539307527284,6.263607903500317,4.991068595973033
88,Dyna-Q,0.15,200,1000,1.105002324196969,6.263607903500317,5.158605579303348
88,Dyna-Q,0.15,300,1500,6.159802792253835,6.263607903500317,0.10380511124648173
88,Dyna-Q,0.15,400,2000,5.921051782536242,6.263607903500317,0.3425561209640744
88,Dyna-Q,0.15,500,2500,6.178633959469218,6.263607903500317,0.08497394403109837
88,Dyna-Q,0.15,600,3000,2.936083837981601,6.263607903500317,3.3275240655187157
88,Dyna-Q,0.15,700,3500,6.166608930164483,6.263607903500317,0.0969989733358334
88,Dyna-Q,0.15,800,4000,-0.30269124617823895,6.263607903500317,6.566299149678556
88,Dyna-Q,0.15,900,4500,6.168304305013897,6.263607903500317,0.0953035984864199
88,Dyna-Q,0.15,1000,5000,5.850077255123614,6.263607903500317,0.4135306483767023
88,Dyna-Q,0.15,1100,5500,5.892185412942566,6.263607903500317,0.3714224905577508
88,Dyna-Q,0.15,1200,6000,6.243203409411358,6.263607903500317,0.02040449408895828
88,Dyna-Q,0.15,1300,6500,6.243203409411358,6.263607903500317,0.02040449408895828
88,Dyna-Q,0.15,1400,7000,5.714022304088591,6.263607903500317,0.549585599411726
88,Dyna-Q,0.15,1500,7500,6.243203409411358,6.263607903500317,0.02040449408895828
88,Dyna-Q,0.15,1600,8000,5.193983953536922,6.263607903500317,1.069623949963395
88,Dyna-Q,0.15,1700,8500,2.6084369474843005,6.263607903500317,3.655170956016016
88,Dyna-Q,0.15,1800,9000,-1.0353999269182317,6.263607903500317,7.299007830418549
88,Dyna-Q,0.15,1900,9500,2.4773772129088285,6.263607903500317,3.786230690591488
88,Dyna-Q,0.15,2000,10000,2.3831001595034693,6.263607903500317,3.8805077439968474
88,Dyna-Q,0.15,2100,10500,2.398210532133771,6.263607903500317,3.8653973713665457
88,Dyna-Q,0.15,2200,11000,5.887989486686501,6.263607903500317,0.3756184168138157
88,Dyna-Q,0.15,2300,11500,5.43637402322564,6.263607903500317,0.8272338802746768
88,Dyna-Q,0.15,2400,12000,5.0769523032812724,6.263607903500317,1.1866556002190443
88,Dyna-Q,0.15,2500,12500,3.1676176610175673,6.263607903500317,3.0959902424827495
88,Dyna-Q,0.15,2600,13000,6.202814750009179,6.263607903500317,0.06079315349113745
88,Dyna-Q,0.15,2700,13500,5.513638027028608,6.263607903500317,0.7499698764717087
88,Dyna-Q,0.15,2800,14000,2.962139966190711,6.263607903500317,3.3014679373096056
88,Dyna-Q,0.15,2900,14500,6.202814750009179,6.263607903500317,0.06079315349113745
88,Dyna-Q,0.15,3000,15000,-0.7050617101290367,6.263607903500317,6.968669613629354
88,Dyna-Q,0.15,3100,15500,1.7767749866296576,6.263607903500317,4.486832916870659
88,Dyna-Q,0.15,3200,16000,2.9228552319808228,6.263607903500317,3.340752671519494
88,Dyna-Q,0.15,3300,16500,6.153710052136617,6.263607903500317,0.10989785136369967
88,Dyna-Q,0.15,3400,17000,5.634468111810936,6.263607903500317,0.6291397916893811
88,Dyna-Q,0.15,3500,17500,5.854060166009533,6.263607903500317,0.4095477374907839
88,Dyna-Q,0.15,3600,18000,6.159349874584193,6.263607903500317,0.10425802891612346
88,Dyna-Q,0.15,3700,18500,6.170446580190429,6.263607903500317,0.09316132330988758
88,Dyna-Q,0.15,3800,19000,-0.7386245190842265,6.263607903500317,7.002232422584544
88,Dyna-Q,0.15,3900,19500,6.17006985912473,6.263607903500317,0.09353804437558644
88,Dyna-Q,0.15,4000,20000,6.170446580190429,6.263607903500317,0.09316132330988758
88,Dyna-Q,0.15,4100,20500,5.869005234248166,6.263607903500317,0.3946026692521505
88,Dyna-Q,0.15,4200,21000,5.552275776504302,6.263607903500317,0.7113321269960151
88,Dyna-Q,0.15,4300,21500,5.855050720396309,6.263607903500317,0.40855718310400757
88,Dyna-Q,0.15,4400,22000,2.8620513848253304,6.263607903500317,3.4015565186749863
88,Dyna-Q,0.15,4500,22500,5.888340368496468,6.263607903500317,0.37526753500384835
88,Dyna-Q,0.15,4600,23000,2.8820512795436803,6.263607903500317,3.3815566239566364
88,Dyna-Q,0.15,4700,23500,5.864349352577823,6.263607903500317,0.39925855092249396
88,Dyna-Q,0.15,4800,24000,6.08469430749679,6.263607903500317,0.17891359600352708
88,Dyna-Q,0.15,4900,24500,6.100562494170613,6.263607903500317,0.1630454093297038
88,Dyna-Q,0.15,5000,25000,6.103476481273137,6.263607903500317,0.16013142222718013
88,Dyna-Q,0.35,0,0,-2.0000000000000013,6.263607903500317,8.263607903500318
88,Dyna-Q,0.35,100,500,0.9765654559936392,6.263607903500317,5.2870424475066775
88,Dyna-Q,0.35,200,1000,5.847960370398022,6.263607903500317,0.41564753310229463
88,Dyna-Q,0.35,300,1500,3.125150389422097,6.263607903500317,3.13845751407822
88,Dyna-Q,0.35,400,2000,-1.3359640071829053,6.263607903500317,7.599571910683222
88,Dyna-Q,0.35,500,2500,5.141195924875592,6.263607903500317,1.1224119786247249
88,Dyna-Q,0.35,600,3000,2.9885662228591903,6.263607903500317,3.2750416806411264
88,Dyna-Q,0.35,700,3500,2.986234766802283,6.263607903500317,3.2773731366980337
88,Dyna-Q,0.35,800,4000,1.9357533495248493,6.263607903500317,4.327854553975468
88,Dyna-Q,0.35,900,4500,-1.9377971628986073,6.263607903500317,8.201405066398923
88,Dyna-Q,0.35,1000,5000,6.110483831780786,6.263607903500317,0.1531240717195308
88,Dyna-Q,0.35,1100,5500,2.9397990324107477,6.263607903500317,3.323808871089569
88,Dyna-Q,0.35,1200,6000,1.8876728573509027,6.263607903500317,4.375935046149414
88,Dyna-Q,0.35,1300,6500,2.8792290192211527,6.263607903500317,3.384378884279164
88,Dyna-Q,0.35,1400,7000,3.1085308177152653,6.263607903500317,3.1550770857850514
88,Dyna-Q,0.35,1500,7500,0.3234176338507894,6.263607903500317,5.940190269649527
88,Dyna-Q,0.35,1600,8000,5.904713752896813,6.263607903500317,0.35889415060350327
88,Dyna-Q,0.35,1700,8500,5.9121134035353915,6.263607903500317,0.3514944999649252
88,Dyna-Q,0.35,1800,9000,5.669626084332223,6.263607903500317,0.5939818191680937
88,Dyna-Q,0.35,1900,9500,6.078258353273612,6.263607903500317,0.18534955022670463
88,Dyna-Q,0.35,2000,10000,3.193893484431108,6.263607903500317,3.0697144190692085
88,Dyna-Q,0.35,2100,10500,6.110899083735137,6.263607903500317,0.1527088197651798
88,Dyna-Q,0.35,2200,11000,6.078258353273612,6.263607903500317,0.18534955022670463
88,Dyna-Q,0.35,2300,11500,6.078258353273612,6.263607903500317,0.18534955022670463
88,Dyna-Q,0.35,2400,12000,5.932625922595315,6.263607903500317,0.3309819809050021
88,Dyna-Q,0.35,2500,12500,6.256124060693601,6.263607903500317,0.007483842806715657
88,Dyna-Q,0.35,2600,13000,6.256124060693601,6.263607903500317,0.007483842806715657
88,Dyna-Q,0.35,2700,13500,1.5773290948091832,6.263607903500317,4.686278808691133
88,Dyna-Q,0.35,2800,14000,0.9354937711060025,6.263607903500317,5.328114132394314
88,Dyna-Q,0.35,2900,14500,5.372885688743246,6.263607903500317,0.890722214757071
88,Dyna-Q,0.35,3000,15000,2.8792290192211527,6.263607903500317,3.384378884279164
88,Dyna-Q,0.35,3100,15500,3.0602785337840137,6.263607903500317,3.203329369716303
88,Dyna-Q,0.35,3200,16000,3.1460470222173673,6.263607903500317,3.1175608812829494
88,Dyna-Q,0.35,3300,16500,5.942502034866346,6.263607903500317,0.3211058686339703
88,Dyna-Q,0.35,3400,17000,6.208548774307757,6.263607903500317,0.05505912919255973
88,Dyna-Q,0.35,3500,17500,5.929250817986956,6.263607903500317,0.33435708551336063
88,Dyna-Q,0.35,3600,18000,5.458744543153659,6.263607903500317,0.8048633603466575
88,Dyna-Q,0.35,3700,18500,0.4680141176258971,6.263607903500317,5.79559378587442
88,Dyna-Q,0.35,3800,19000,-0.10868032134358967,6.263607903500317,6.372288224843906
88,Dyna-Q,0.35,3900,19500,5.365228555145423,6.263607903500317,0.8983793483548936
88,Dyna-Q,0.35,4000,20000,1.0879206914311763,6.263607903500317,5.175687212069141
88,Dyna-Q,0.35,4100,20500,6.22272458098214,6.263607903500317,0.04088332251817661
88,Dyna-Q,0.35,4200,21000,2.9646629781587053,6.263607903500317,3.2989449253416114
88,Dyna-Q,0.35,4300,21500,5.961797929348431,6.263607903500317,0.3018099741518858
88,Dyna-Q,0.35,4400,22000,-1.260210767720853,6.263607903500317,7.52381867122117
88,Dyna-Q,0.35,4500,22500,5.9748652528564765,6.263607903500317,0.2887426506438402
88,Dyna-Q,0.35,4600,23000,0.3128155350439745,6.263607903500317,5.950792368456343
88,Dyna-Q,0.35,4700,23500,6.112085868409676,6.263607903500317,0.15152203509064055
88,Dyna-Q,0.35,4800,24000,1.9827932585469739,6.263607903500317,4.280814644953343
88,Dyna-Q,0.35,4900,24500,5.9535309475387574,6.263607903500317,0.31007695596155926
88,Dyna-Q,0.35,5000,25000,0.7692506166143943,6.263607903500317,5.494357286885922
99,Q-learning,0.0,0,0,-2.0000000000000013,6.263607903500317,8.263607903500318
99,Q-learning,0.0,100,0,-1.9981203851883536,6.263607903500317,8.261728288688671
99,Q-learning,0.0,200,0,0.34570420137201546,6.263607903500317,5.917903702128301
99,Q-learning,0.0,300,0,0.8275823753714324,6.263607903500317,5.4360255281288845
99,Q-learning,0.0,400,0,0.30207977367912,6.263607903500317,5.961528129821197
99,Q-learning,0.0,500,0,6.103476481273137,6.263607903500317,0.16013142222718013
99,Q-learning,0.0,600,0,6.103476481273137,6.263607903500317,0.16013142222718013
99,Q-learning,0.0,700,0,6.103476481273137,6.263607903500317,0.16013142222718013
99,Q-learning,0.0,800,0,6.103476481273137,6.263607903500317,0.16013142222718013
99,Q-learning,0.0,900,0,6.103476481273137,6.263607903500317,0.16013142222718013
99,Q-learning,0.0,1000,0,6.103476481273137,6.263607903500317,0.16013142222718013
99,Q-learning,0.0,1100,0,6.103476481273137,6.263607903500317,0.16013142222718013
99,Q-learning,0.0,1200,0,6.103476481273137,6.263607903500317,0.16013142222718013
99,Q-learning,0.0,1300,0,6.103476481273137,6.263607903500317,0.16013142222718013
99,Q-learning,0.0,1400,0,6.103476481273137,6.263607903500317,0.16013142222718013
99,Q-learning,0.0,1500,0,6.103476481273137,6.263607903500317,0.16013142222718013
99,Q-learning,0.0,1600,0,6.103476481273137,6.263607903500317,0.16013142222718013
99,Q-learning,0.0,1700,0,6.103476481273137,6.263607903500317,0.16013142222718013
99,Q-learning,0.0,1800,0,6.103476481273137,6.263607903500317,0.16013142222718013
99,Q-learning,0.0,1900,0,6.103476481273137,6.263607903500317,0.16013142222718013
99,Q-learning,0.0,2000,0,6.103476481273137,6.263607903500317,0.16013142222718013
99,Q-learning,0.0,2100,0,6.103476481273137,6.263607903500317,0.16013142222718013
99,Q-learning,0.0,2200,0,6.103476481273137,6.263607903500317,0.16013142222718013
99,Q-learning,0.0,2300,0,6.103476481273137,6.263607903500317,0.16013142222718013
99,Q-learning,0.0,2400,0,6.103476481273137,6.263607903500317,0.16013142222718013
99,Q-learning,0.0,2500,0,6.103476481273137,6.263607903500317,0.16013142222718013
99,Q-learning,0.0,2600,0,6.103476481273137,6.263607903500317,0.16013142222718013
99,Q-learning,0.0,2700,0,6.103476481273137,6.263607903500317,0.16013142222718013
99,Q-learning,0.0,2800,0,6.103476481273137,6.263607903500317,0.16013142222718013
99,Q-learning,0.0,2900,0,6.103476481273137,6.263607903500317,0.16013142222718013
99,Q-learning,0.0,3000,0,6.103476481273137,6.263607903500317,0.16013142222718013
99,Q-learning,0.0,3100,0,6.103476481273137,6.263607903500317,0.16013142222718013
99,Q-learning,0.0,3200,0,6.103476481273137,6.263607903500317,0.16013142222718013
99,Q-learning,0.0,3300,0,6.103476481273137,6.263607903500317,0.16013142222718013
99,Q-learning,0.0,3400,0,6.103476481273137,6.263607903500317,0.16013142222718013
99,Q-learning,0.0,3500,0,6.103476481273137,6.263607903500317,0.16013142222718013
99,Q-learning,0.0,3600,0,6.103476481273137,6.263607903500317,0.16013142222718013
99,Q-learning,0.0,3700,0,3.0687765371302778,6.263607903500317,3.194831366370039
99,Q-learning,0.0,3800,0,6.103476481273137,6.263607903500317,0.16013142222718013
99,Q-learning,0.0,3900,0,6.103476481273137,6.263607903500317,0.16013142222718013
99,Q-learning,0.0,4000,0,6.103476481273137,6.263607903500317,0.16013142222718013
99,Q-learning,0.0,4100,0,6.103476481273137,6.263607903500317,0.16013142222718013
99,Q-learning,0.0,4200,0,6.103476481273137,6.263607903500317,0.16013142222718013
99,Q-learning,0.0,4300,0,6.103476481273137,6.263607903500317,0.16013142222718013
99,Q-learning,0.0,4400,0,6.103476481273137,6.263607903500317,0.16013142222718013
99,Q-learning,0.0,4500,0,6.103476481273137,6.263607903500317,0.16013142222718013
99,Q-learning,0.0,4600,0,6.103476481273137,6.263607903500317,0.16013142222718013
99,Q-learning,0.0,4700,0,6.103476481273137,6.263607903500317,0.16013142222718013
99,Q-learning,0.0,4800,0,6.103476481273137,6.263607903500317,0.16013142222718013
99,Q-learning,0.0,4900,0,6.103476481273137,6.263607903500317,0.16013142222718013
99,Q-learning,0.0,5000,0,6.103476481273137,6.263607903500317,0.16013142222718013
99,Dyna-Q,0.0,0,0,-2.0000000000000013,6.263607903500317,8.263607903500318
99,Dyna-Q,0.0,100,500,0.7494216773024579,6.263607903500317,5.514186226197859
99,Dyna-Q,0.0,200,1000,2.8620513848253304,6.263607903500317,3.4015565186749863
99,Dyna-Q,0.0,300,1500,5.467081820272967,6.263607903500317,0.7965260832273495
99,Dyna-Q,0.0,400,2000,5.993662631944226,6.263607903500317,0.2699452715560904
99,Dyna-Q,0.0,500,2500,5.993662631944226,6.263607903500317,0.2699452715560904
99,Dyna-Q,0.0,600,3000,5.910521856321336,6.263607903500317,0.35308604717898096
99,Dyna-Q,0.0,700,3500,5.910521856321336,6.263607903500317,0.35308604717898096
99,Dyna-Q,0.0,800,4000,5.550232161569232,6.263607903500317,0.7133757419310847
99,Dyna-Q,0.0,900,4500,5.932308240828743,6.263607903500317,0.33129966267157407
99,Dyna-Q,0.0,1000,5000,5.932308240828743,6.263607903500317,0.33129966267157407
99,Dyna-Q,0.0,1100,5500,5.929645413019012,6.263607903500317,0.333962490481305
99,Dyna-Q,0.0,1200,6000,-0.39523770654546814,6.263607903500317,6.658845610045785
99,Dyna-Q,0.0,1300,6500,5.673482765364726,6.263607903500317,0.5901251381355905
99,Dyna-Q,0.0,1400,7000,5.659337818117677,6.263607903500317,0.6042700853826393
99,Dyna-Q,0.0,1500,7500,5.929645413019012,6.263607903500317,0.333962490481305
99,Dyna-Q,0.0,1600,8000,5.6275383060826565,6.263607903500317,0.6360695974176602
99,Dyna-Q,0.0,1700,8500,5.6917135328633135,6.263607903500317,0.5718943706370032
99,Dyna-Q,0.0,1800,9000,5.519469573473282,6.263607903500317,0.7441383300270346
99,Dyna-Q,0.0,1900,9500,5.563720311539001,6.263607903500317,0.6998875919613159
99,Dyna-Q,0.0,2000,10000,5.848523561341891,6.263607903500317,0.4150843421584254
99,Dyna-Q,0.0,2100,10500,5.521670164353604,6.263607903500317,0.7419377391467128
99,Dyna-Q,0.0,2200,11000,5.7874463338193785,6.263607903500317,0.47616156968093826
99,Dyna-Q,0.0,2300,11500,5.339508259890096,6.263607903500317,0.9240996436102211
99,Dyna-Q,0.0,2400,12000,5.339508259890096,6.263607903500317,0.9240996436102211
99,Dyna-Q,0.0,2500,12500,5.781308065012353,6.263607903500317,0.48229983848796376
99,Dyna-Q,0.0,2600,13000,5.781308065012353,6.263607903500317,0.48229983848796376
99,Dyna-Q,0.0,2700,13500,5.781308065012353,6.263607903500317,0.48229983848796376
99,Dyna-Q,0.0,2800,14000,5.781308065012353,6.263607903500317,0.48229983848796376
99,Dyna-Q,0.0,2900,14500,5.781308065012353,6.263607903500317,0.48229983848796376
99,Dyna-Q,0.0,3000,15000,5.848523561341891,6.263607903500317,0.4150843421584254
99,Dyna-Q,0.0,3100,15500,5.848523561341891,6.263607903500317,0.4150843421584254
99,Dyna-Q,0.0,3200,16000,5.848523561341891,6.263607903500317,0.4150843421584254
99,Dyna-Q,0.0,3300,16500,5.848523561341891,6.263607903500317,0.4150843421584254
99,Dyna-Q,0.0,3400,17000,5.848523561341891,6.263607903500317,0.4150843421584254
99,Dyna-Q,0.0,3500,17500,5.848523561341891,6.263607903500317,0.4150843421584254
99,Dyna-Q,0.0,3600,18000,5.849092118126111,6.263607903500317,0.4145157853742054
99,Dyna-Q,0.0,3700,18500,5.872940682867183,6.263607903500317,0.39066722063313364
99,Dyna-Q,0.0,3800,19000,5.574725780767001,6.263607903500317,0.6888821227333155
99,Dyna-Q,0.0,3900,19500,3.0444722684909755,6.263607903500317,3.219135635009341
99,Dyna-Q,0.0,4000,20000,3.1510745979158292,6.263607903500317,3.1125333055844875
99,Dyna-Q,0.0,4100,20500,5.659337818117677,6.263607903500317,0.6042700853826393
99,Dyna-Q,0.0,4200,21000,5.6917135328633135,6.263607903500317,0.5718943706370032
99,Dyna-Q,0.0,4300,21500,5.599028520567723,6.263607903500317,0.6645793829325939
99,Dyna-Q,0.0,4400,22000,5.892602209211672,6.263607903500317,0.3710056942886446
99,Dyna-Q,0.0,4500,22500,5.914598134479561,6.263607903500317,0.3490097690207561
99,Dyna-Q,0.0,4600,23000,5.9260405169324635,6.263607903500317,0.33756738656785323
99,Dyna-Q,0.0,4700,23500,5.889741112545065,6.263607903500317,0.373866790955252
99,Dyna-Q,0.0,4800,24000,5.91396541180762,6.263607903500317,0.34964249169269657
99,Dyna-Q,0.0,4900,24500,5.857396239306868,6.263607903500317,0.40621166419344856
99,Dyna-Q,0.0,5000,25000,6.211806779627448,6.263607903500317,0.051801123872868615
99,Dyna-Q,0.15,0,0,-2.0000000000000013,6.263607903500317,8.263607903500318
99,Dyna-Q,0.15,100,500,0.13736546434765623,6.263607903500317,6.12624243915266
99,Dyna-Q,0.15,200,1000,-1.2080457275835303,6.263607903500317,7.471653631083847
99,Dyna-Q,0.15,300,1500,4.865482014288805,6.263607903500317,1.3981258892115118
99,Dyna-Q,0.15,400,2000,1.3461202305322422,6.263607903500317,4.9174876729680745
99,Dyna-Q,0.15,500,2500,5.417429277355578,6.263607903500317,0.8461786261447388
99,Dyna-Q,0.15,600,3000,2.108405624710036,6.263607903500317,4.155202278790281
99,Dyna-Q,0.15,700,3500,1.193144232226342,6.263607903500317,5.070463671273975
99,Dyna-Q,0.15,800,4000,5.597370583952381,6.263607903500317,0.6662373195479354
99,Dyna-Q,0.15,900,4500,5.691808285343068,6.263607903500317,0.5717996181572484
99,Dyna-Q,0.15,1000,5000,6.237175951074367,6.263607903500317,0.026431952425949312
99,Dyna-Q,0.15,1100,5500,6.206546556333086,6.263607903500317,0.05706134716723099
99,Dyna-Q,0.15,1200,6000,3.146480514599619,6.263607903500317,3.117127388900698
99,Dyna-Q,0.15,1300,6500,6.193846386018808,6.263607903500317,0.06976151748150894
99,Dyna-Q,0.15,1400,7000,-0.7244808688809786,6.263607903500317,6.988088772381295
99,Dyna-Q,0.15,1500,7500,3.3432240011086454,6.263607903500317,2.9203839023916713
99,Dyna-Q,0.15,1600,8000,3.115944509184791,6.263607903500317,3.1476633943155257
99,Dyna-Q,0.15,1700,8500,3.295492908060829,6.263607903500317,2.9681149954394876
99,Dyna-Q,0.15,1800,9000,6.097806336939257,6.263607903500317,0.1658015665610595
99,Dyna-Q,0.15,1900,9500,-0.04766121485537498,6.263607903500317,6.311269118355692
99,Dyna-Q,0.15,2000,10000,3.16181028914301,6.263607903500317,3.1017976143573067
99,Dyna-Q,0.15,2100,10500,2.075450894166903,6.263607903500317,4.1881570093334135
99,Dyna-Q,0.15,2200,11000,5.602999084612606,6.263607903500317,0.6606088188877104
99,Dyna-Q,0.15,2300,11500,6.1874760173705745,6.263607903500317,0.0761318861297422
99,Dyna-Q,0.15,2400,12000,2.9633824673183686,6.263607903500317,3.300225436181948
99,Dyna-Q,0.15,2500,12500,-1.1865135613832647,6.263607903500317,7.450121464883582
99,Dyna-Q,0.15,2600,13000,6.075939256551237,6.263607903500317,0.1876686469490796
99,Dyna-Q,0.15,2700,13500,3.3586162460808655,6.263607903500317,2.904991657419451
99,Dyna-Q,0.15,2800,14000,-1.928398907287047,6.263607903500317,8.192006810787364
99,Dyna-Q,0.15,2900,14500,2.9868748154794056,6.263607903500317,3.276733088020911
99,Dyna-Q,0.15,3000,15000,1.0559728182292534,6.263607903500317,5.207635085271063
99,Dyna-Q,0.15,3100,15500,6.252698803146877,6.263607903500317,0.01090910035344006
99,Dyna-Q,0.15,3200,16000,6.208398301384701,6.263607903500317,0.05520960211561565
99,Dyna-Q,0.15,3300,16500,2.369136329453395,6.263607903500317,3.894471574046922
99,Dyna-Q,0.15,3400,17000,2.369136329453395,6.263607903500317,3.894471574046922
99,Dyna-Q,0.15,3500,17500,5.998526985360925,6.263607903500317,0.2650809181393914
99,Dyna-Q,0.15,3600,18000,6.06766214721153,6.263607903500317,0.1959457562887863
99,Dyna-Q,0.15,3700,18500,3.38162558255454,6.263607903500317,2.881982320945777
99,Dyna-Q,0.15,3800,19000,6.212368196559538,6.263607903500317,0.05123970694077862
99,Dyna-Q,0.15,3900,19500,6.089540851373845,6.263607903500317,0.174067052126472
99,Dyna-Q,0.15,4000,20000,6.200877408616011,6.263607903500317,0.06273049488430527
99,Dyna-Q,0.15,4100,20500,6.200877408616011,6.263607903500317,0.06273049488430527
99,Dyna-Q,0.15,4200,21000,6.191746974574256,6.263607903500317,0.07186092892606055
99,Dyna-Q,0.15,4300,21500,3.101671176600286,6.263607903500317,3.1619367269000307
99,Dyna-Q,0.15,4400,22000,5.89044092724344,6.263607903500317,0.37316697625687656
99,Dyna-Q,0.15,4500,22500,3.297434017157265,6.263607903500317,2.966173886343052
99,Dyna-Q,0.15,4600,23000,5.426133197216348,6.263607903500317,0.8374747062839685
99,Dyna-Q,0.15,4700,23500,0.9473241073320485,6.263607903500317,5.3162837961682685
99,Dyna-Q,0.15,4800,24000,5.49316771591199,6.263607903500317,0.7704401875883269
99,Dyna-Q,0.15,4900,24500,5.1890999219338445,6.263607903500317,1.0745079815664722
99,Dyna-Q,0.15,5000,25000,2.282872348770519,6.263607903500317,3.980735554729798
99,Dyna-Q,0.35,0,0,-2.0000000000000013,6.263607903500317,8.263607903500318
99,Dyna-Q,0.35,100,500,-2.0266236709207384,6.263607903500317,8.290231574421055
99,Dyna-Q,0.35,200,1000,-1.9946053788143232,6.263607903500317,8.25821328231464
99,Dyna-Q,0.35,300,1500,-1.924538069655761,6.263607903500317,8.188145973156077
99,Dyna-Q,0.35,400,2000,-1.8269303946592133,6.263607903500317,8.09053829815953
99,Dyna-Q,0.35,500,2500,-0.5798052387559849,6.263607903500317,6.843413142256302
99,Dyna-Q,0.35,600,3000,-1.9475193109701163,6.263607903500317,8.211127214470434
99,Dyna-Q,0.35,700,3500,0.1504170813912621,6.263607903500317,6.113190822109055
99,Dyna-Q,0.35,800,4000,3.2334268973230778,6.263607903500317,3.030181006177239
99,Dyna-Q,0.35,900,4500,-1.0538395598924684,6.263607903500317,7.317447463392785
99,Dyna-Q,0.35,1000,5000,-0.42428460177009986,6.263607903500317,6.687892505270416
99,Dyna-Q,0.35,1100,5500,2.729412038976649,6.263607903500317,3.5341958645236677
99,Dyna-Q,0.35,1200,6000,4.959477091979789,6.263607903500317,1.304130811520528
99,Dyna-Q,0.35,1300,6500,5.853557502790607,6.263607903500317,0.4100504007097099
99,Dyna-Q,0.35,1400,7000,5.9482875190743565,6.263607903500317,0.3153203844259602
99,Dyna-Q,0.35,1500,7500,6.193846386018808,6.263607903500317,0.06976151748150894
99,Dyna-Q,0.35,1600,8000,3.151019467655583,6.263607903500317,3.1125884358447338
99,Dyna-Q,0.35,1700,8500,-0.29941242701158743,6.263607903500317,6.563020330511904
99,Dyna-Q,0.35,1800,9000,6.097582888838274,6.263607903500317,0.16602501466204256
99,Dyna-Q,0.35,1900,9500,0.4597043488674723,6.263607903500317,5.803903554632845
99,Dyna-Q,0.35,2000,10000,5.925921279766352,6.263607903500317,0.33768662373396463
99,Dyna-Q,0.35,2100,10500,0.3207976178094341,6.263607903500317,5.942810285690882
99,Dyna-Q,0.35,2200,11000,5.739075087574395,6.263607903500317,0.5245328159259213
99,Dyna-Q,0.35,2300,11500,2.813294541449107,6.263607903500317,3.45031336205121
99,Dyna-Q,0.35,2400,12000,6.061424701311711,6.263607903500317,0.20218320218860608
99,Dyna-Q,0.35,2500,12500,-1.596254217978613,6.263607903500317,7.85986212147893
99,Dyna-Q,0.35,2600,13000,3.216558340284817,6.263607903500317,3.0470495632155
99,Dyna-Q,0.35,2700,13500,2.581812767795698,6.263607903500317,3.681795135704619
99,Dyna-Q,0.35,2800,14000,5.367398456642226,6.263607903500317,0.8962094468580908
99,Dyna-Q,0.35,2900,14500,6.250452087681184,6.263607903500317,0.0131558158191325
99,Dyna-Q,0.35,3000,15000,1.3485496794106604,6.263607903500317,4.915058224089656
99,Dyna-Q,0.35,3100,15500,2.5254358453214665,6.263607903500317,3.7381720581788502
99,Dyna-Q,0.35,3200,16000,5.757387505178119,6.263607903500317,0.5062203983221973
99,Dyna-Q,0.35,3300,16500,5.5689991822275315,6.263607903500317,0.6946087212727852
99,Dyna-Q,0.35,3400,17000,-0.5018270418461588,6.263607903500317,6.765434945346476
99,Dyna-Q,0.35,3500,17500,6.173512583286295,6.263607903500317,0.09009532021402133
99,Dyna-Q,0.35,3600,18000,1.6837787734869698,6.263607903500317,4.579829130013347
99,Dyna-Q,0.35,3700,18500,3.003304705192532,6.263607903500317,3.260303198307785
99,Dyna-Q,0.35,3800,19000,6.217488488151995,6.263607903500317,0.04611941534832198
99,Dyna-Q,0.35,3900,19500,6.1524837571528534,6.263607903500317,0.11112414634746326
99,Dyna-Q,0.35,4000,20000,5.583290249715287,6.263607903500317,0.6803176537850293
99,Dyna-Q,0.35,4100,20500,5.598355671437008,6.263607903500317,0.6652522320633087
99,Dyna-Q,0.35,4200,21000,2.7111817256078963,6.263607903500317,3.5524261778924204
99,Dyna-Q,0.35,4300,21500,6.072321648188721,6.263607903500317,0.1912862553115957
99,Dyna-Q,0.35,4400,22000,0.036905035528772376,6.263607903500317,6.226702867971544
99,Dyna-Q,0.35,4500,22500,6.161725116144613,6.263607903500317,0.101882787355704
99,Dyna-Q,0.35,4600,23000,1.814191029383669,6.263607903500317,4.449416874116648
99,Dyna-Q,0.35,4700,23500,3.160316269060715,6.263607903500317,3.1032916344396018
99,Dyna-Q,0.35,4800,24000,5.6911252174221465,6.263607903500317,0.5724826860781702
99,Dyna-Q,0.35,4900,24500,5.9748652528564765,6.263607903500317,0.2887426506438402
99,Dyna-Q,0.35,5000,25000,3.146480514599619,6.263607903500317,3.117127388900698
110,Q-learning,0.0,0,0,-2.0000000000000013,6.263607903500317,8.263607903500318
110,Q-learning,0.0,100,0,-2.071862404031909,6.263607903500317,8.335470307532226
110,Q-learning,0.0,200,0,-1.966112574696969,6.263607903500317,8.229720478197287
110,Q-learning,0.0,300,0,-1.2954434742133332,6.263607903500317,7.55905137771365
110,Q-learning,0.0,400,0,3.1308329781414836,6.263607903500317,3.132774925358833
110,Q-learning,0.0,500,0,6.200508048523123,6.263607903500317,0.06309985497719328
110,Q-learning,0.0,600,0,5.930988236543765,6.263607903500317,0.33261966695655154
110,Q-learning,0.0,700,0,6.200893982421469,6.263607903500317,0.06271392107884743
110,Q-learning,0.0,800,0,6.194239886615761,6.263607903500317,0.06936801688455585
110,Q-learning,0.0,900,0,6.191746974574256,6.263607903500317,0.07186092892606055
110,Q-learning,0.0,1000,0,6.191746974574256,6.263607903500317,0.07186092892606055
110,Q-learning,0.0,1100,0,6.191746974574256,6.263607903500317,0.07186092892606055
110,Q-learning,0.0,1200,0,6.191746974574256,6.263607903500317,0.07186092892606055
110,Q-learning,0.0,1300,0,6.191746974574256,6.263607903500317,0.07186092892606055
110,Q-learning,0.0,1400,0,6.191746974574256,6.263607903500317,0.07186092892606055
110,Q-learning,0.0,1500,0,6.191746974574256,6.263607903500317,0.07186092892606055
110,Q-learning,0.0,1600,0,6.191746974574256,6.263607903500317,0.07186092892606055
110,Q-learning,0.0,1700,0,6.191746974574256,6.263607903500317,0.07186092892606055
110,Q-learning,0.0,1800,0,6.191746974574256,6.263607903500317,0.07186092892606055
110,Q-learning,0.0,1900,0,6.212918072125948,6.263607903500317,0.050689831374368666
110,Q-learning,0.0,2000,0,6.212918072125948,6.263607903500317,0.050689831374368666
110,Q-learning,0.0,2100,0,6.212918072125948,6.263607903500317,0.050689831374368666
110,Q-learning,0.0,2200,0,6.212918072125948,6.263607903500317,0.050689831374368666
110,Q-learning,0.0,2300,0,6.212918072125948,6.263607903500317,0.050689831374368666
110,Q-learning,0.0,2400,0,6.212918072125948,6.263607903500317,0.050689831374368666
110,Q-learning,0.0,2500,0,6.212918072125948,6.263607903500317,0.050689831374368666
110,Q-learning,0.0,2600,0,6.212918072125948,6.263607903500317,0.050689831374368666
110,Q-learning,0.0,2700,0,6.212918072125948,6.263607903500317,0.050689831374368666
110,Q-learning,0.0,2800,0,6.212918072125948,6.263607903500317,0.050689831374368666
110,Q-learning,0.0,2900,0,6.212918072125948,6.263607903500317,0.050689831374368666
110,Q-learning,0.0,3000,0,6.212918072125948,6.263607903500317,0.050689831374368666
110,Q-learning,0.0,3100,0,6.212918072125948,6.263607903500317,0.050689831374368666
110,Q-learning,0.0,3200,0,6.212918072125948,6.263607903500317,0.050689831374368666
110,Q-learning,0.0,3300,0,6.212918072125948,6.263607903500317,0.050689831374368666
110,Q-learning,0.0,3400,0,6.212918072125948,6.263607903500317,0.050689831374368666
110,Q-learning,0.0,3500,0,6.212918072125948,6.263607903500317,0.050689831374368666
110,Q-learning,0.0,3600,0,6.212918072125948,6.263607903500317,0.050689831374368666
110,Q-learning,0.0,3700,0,6.212918072125948,6.263607903500317,0.050689831374368666
110,Q-learning,0.0,3800,0,6.212918072125948,6.263607903500317,0.050689831374368666
110,Q-learning,0.0,3900,0,6.212918072125948,6.263607903500317,0.050689831374368666
110,Q-learning,0.0,4000,0,6.212918072125948,6.263607903500317,0.050689831374368666
110,Q-learning,0.0,4100,0,6.212918072125948,6.263607903500317,0.050689831374368666
110,Q-learning,0.0,4200,0,6.212918072125948,6.263607903500317,0.050689831374368666
110,Q-learning,0.0,4300,0,6.212918072125948,6.263607903500317,0.050689831374368666
110,Q-learning,0.0,4400,0,6.212918072125948,6.263607903500317,0.050689831374368666
110,Q-learning,0.0,4500,0,6.212918072125948,6.263607903500317,0.050689831374368666
110,Q-learning,0.0,4600,0,6.212918072125948,6.263607903500317,0.050689831374368666
110,Q-learning,0.0,4700,0,6.212918072125948,6.263607903500317,0.050689831374368666
110,Q-learning,0.0,4800,0,6.212918072125948,6.263607903500317,0.050689831374368666
110,Q-learning,0.0,4900,0,6.212918072125948,6.263607903500317,0.050689831374368666
110,Q-learning,0.0,5000,0,6.212918072125948,6.263607903500317,0.050689831374368666
110,Dyna-Q,0.0,0,0,-2.0000000000000013,6.263607903500317,8.263607903500318
110,Dyna-Q,0.0,100,500,0.8505318939372047,6.263607903500317,5.413076009563112
110,Dyna-Q,0.0,200,1000,5.726914731784826,6.263607903500317,0.5366931717154904
110,Dyna-Q,0.0,300,1500,6.093004793484136,6.263607903500317,0.1706031100161809
110,Dyna-Q,0.0,400,2000,6.232265444802723,6.263607903500317,0.03134245869759411
110,Dyna-Q,0.0,500,2500,3.1193749460351143,6.263607903500317,3.1442329574652024
110,Dyna-Q,0.0,600,3000,6.250616328840213,6.263607903500317,0.012991574660103922
110,Dyna-Q,0.0,700,3500,6.250616328840213,6.263607903500317,0.012991574660103922
110,Dyna-Q,0.0,800,4000,-0.9247019553111709,6.263607903500317,7.188309858811488
110,Dyna-Q,0.0,900,4500,2.6471183624918897,6.263607903500317,3.616489541008427
110,Dyna-Q,0.0,1000,5000,6.240084712123412,6.263607903500317,0.023523191376904506
110,Dyna-Q,0.0,1100,5500,6.240084712123412,6.263607903500317,0.023523191376904506
110,Dyna-Q,0.0,1200,6000,6.240084712123412,6.263607903500317,0.023523191376904506
110,Dyna-Q,0.0,1300,6500,6.263607903500317,6.263607903500317,0.0
110,Dyna-Q,0.0,1400,7000,6.263607903500317,6.263607903500317,0.0
110,Dyna-Q,0.0,1500,7500,6.263607903500317,6.263607903500317,0.0
110,Dyna-Q,0.0,1600,8000,6.263607903500317,6.263607903500317,0.0
110,Dyna-Q,0.0,1700,8500,6.185321520045308,6.263607903500317,0.07828638345500849
110,Dyna-Q,0.0,1800,9000,5.970945966434337,6.263607903500317,0.2926619370659793
110,Dyna-Q,0.0,1900,9500,6.185321520045308,6.263607903500317,0.07828638345500849
110,Dyna-Q,0.0,2000,10000,6.185321520045308,6.263607903500317,0.07828638345500849
110,Dyna-Q,0.0,2100,10500,2.8878368396772767,6.263607903500317,3.37577106382304
110,Dyna-Q,0.0,2200,11000,6.007959688210846,6.263607903500317,0.25564821528947057
110,Dyna-Q,0.0,2300,11500,6.11592004185325,6.263607903500317,0.14768786164706693
110,Dyna-Q,0.0,2400,12000,6.11592004185325,6.263607903500317,0.14768786164706693
110,Dyna-Q,0.0,2500,12500,6.11592004185325,6.263607903500317,0.14768786164706693
110,Dyna-Q,0.0,2600,13000,6.11592004185325,6.263607903500317,0.14768786164706693
110,Dyna-Q,0.0,2700,13500,6.256162817535298,6.263607903500317,0.007445085965018805
110,Dyna-Q,0.0,2800,14000,6.256162817535298,6.263607903500317,0.007445085965018805
110,Dyna-Q,0.0,2900,14500,6.263607903500317,6.263607903500317,0.0
110,Dyna-Q,0.0,3000,15000,6.263607903500317,6.263607903500317,0.0
110,Dyna-Q,0.0,3100,15500,6.263607903500317,6.263607903500317,0.0
110,Dyna-Q,0.0,3200,16000,6.263607903500317,6.263607903500317,0.0
110,Dyna-Q,0.0,3300,16500,6.263607903500317,6.263607903500317,0.0
110,Dyna-Q,0.0,3400,17000,5.584016028209016,6.263607903500317,0.679591875291301
110,Dyna-Q,0.0,3500,17500,6.019423886843977,6.263607903500317,0.24418401665634004
110,Dyna-Q,0.0,3600,18000,3.364964164090204,6.263607903500317,2.8986437394101126
110,Dyna-Q,0.0,3700,18500,6.11592004185325,6.263607903500317,0.14768786164706693
110,Dyna-Q,0.0,3800,19000,6.11592004185325,6.263607903500317,0.14768786164706693
110,Dyna-Q,0.0,3900,19500,5.960425958674052,6.263607903500317,0.3031819448262647
110,Dyna-Q,0.0,4000,20000,-1.4184930350086038,6.263607903500317,7.6821009385089205
110,Dyna-Q,0.0,4100,20500,6.211806779627448,6.263607903500317,0.051801123872868615
110,Dyna-Q,0.0,4200,21000,6.22272458098214,6.263607903500317,0.04088332251817661
110,Dyna-Q,0.0,4300,21500,6.263607903500317,6.263607903500317,0.0
110,Dyna-Q,0.0,4400,22000,6.263607903500317,6.263607903500317,0.0
110,Dyna-Q,0.0,4500,22500,6.263607903500317,6.263607903500317,0.0
110,Dyna-Q,0.0,4600,23000,6.263607903500317,6.263607903500317,0.0
110,Dyna-Q,0.0,4700,23500,6.263607903500317,6.263607903500317,0.0
110,Dyna-Q,0.0,4800,24000,6.263607903500317,6.263607903500317,0.0
110,Dyna-Q,0.0,4900,24500,6.263607903500317,6.263607903500317,0.0
110,Dyna-Q,0.0,5000,25000,6.263607903500317,6.263607903500317,0.0
110,Dyna-Q,0.15,0,0,-2.0000000000000013,6.263607903500317,8.263607903500318
110,Dyna-Q,0.15,100,500,0.7089271396678695,6.263607903500317,5.554680763832447
110,Dyna-Q,0.15,200,1000,-1.82021721386449,6.263607903500317,8.083825117364807
110,Dyna-Q,0.15,300,1500,1.0473426576214235,6.263607903500317,5.216265245878893
110,Dyna-Q,0.15,400,2000,5.9601721692665155,6.263607903500317,0.3034357342338012
110,Dyna-Q,0.15,500,2500,5.869965825927631,6.263607903500317,0.3936420775726859
110,Dyna-Q,0.15,600,3000,6.0013962667618355,6.263607903500317,0.26221163673848125
110,Dyna-Q,0.15,700,3500,5.993662631944226,6.263607903500317,0.2699452715560904
110,Dyna-Q,0.15,800,4000,5.9662905546952265,6.263607903500317,0.2973173488050902
110,Dyna-Q,0.15,900,4500,5.966988474933453,6.263607903500317,0.2966194285668635
110,Dyna-Q,0.15,1000,5000,6.2299808418534885,6.263607903500317,0.03362706164682816
110,Dyna-Q,0.15,1100,5500,6.250616328840213,6.263607903500317,0.012991574660103922
110,Dyna-Q,0.15,1200,6000,6.2213949688312935,6.263607903500317,0.042212934669023205
110,Dyna-Q,0.15,1300,6500,5.993662631944226,6.263607903500317,0.2699452715560904
110,Dyna-Q,0.15,1400,7000,2.7984654735241974,6.263607903500317,3.4651424299761193
110,Dyna-Q,0.15,1500,7500,6.243203409411358,6.263607903500317,0.02040449408895828
110,Dyna-Q,0.15,1600,8000,6.243203409411358,6.263607903500317,0.02040449408895828
110,Dyna-Q,0.15,1700,8500,6.243203409411358,6.263607903500317,0.02040449408895828
110,Dyna-Q,0.15,1800,9000,6.250616328840213,6.263607903500317,0.012991574660103922
110,Dyna-Q,0.15,1900,9500,6.229410808541713,6.263607903500317,0.03419709495860346
110,Dyna-Q,0.15,2000,10000,6.229410808541713,6.263607903500317,0.03419709495860346
110,Dyna-Q,0.15,2100,10500,6.229410808541713,6.263607903500317,0.03419709495860346
110,Dyna-Q,0.15,2200,11000,-2.000000000000002,6.263607903500317,8.263607903500318
110,Dyna-Q,0.15,2300,11500,0.9722489920624535,6.263607903500317,5.291358911437863
110,Dyna-Q,0.15,2400,12000,6.229119723788038,6.263607903500317,0.034488179712278466
110,Dyna-Q,0.15,2500,12500,6.229410808541713,6.263607903500317,0.03419709495860346
110,Dyna-Q,0.15,2600,13000,2.9881828940695865,6.263607903500317,3.2754250094307302
110,Dyna-Q,0.15,2700,13500,6.229119723788038,6.263607903500317,0.034488179712278466
110,Dyna-Q,0.15,2800,14000,6.208595641065394,6.263607903500317,0.0550122624349223
110,Dyna-Q,0.15,2900,14500,6.212918072125948,6.263607903500317,0.050689831374368666
110,Dyna-Q,0.15,3000,15000,3.137617186164074,6.263607903500317,3.1259907173362427
110,Dyna-Q,0.15,3100,15500,6.236571160055866,6.263607903500317,0.027036743444450728
110,Dyna-Q,0.15,3200,16000,6.229119723788038,6.263607903500317,0.034488179712278466
110,Dyna-Q,0.15,3300,16500,1.847033443616813,6.263607903500317,4.4165744598835035
110,Dyna-Q,0.15,3400,17000,3.1842486270428854,6.263607903500317,3.0793592764574313
110,Dyna-Q,0.15,3500,17500,-3.893664586107277,6.263607903500317,10.157272489607594
110,Dyna-Q,0.15,3600,18000,-2.2149038723921137,6.263607903500317,8.47851177589243
110,Dyna-Q,0.15,3700,18500,-1.3465407996452963,6.263607903500317,7.610148703145613
110,Dyna-Q,0.15,3800,19000,5.588413306430474,6.263607903500317,0.6751945970698428
110,Dyna-Q,0.15,3900,19500,5.4910646703799015,6.263607903500317,0.7725432331204152
110,Dyna-Q,0.15,4000,20000,-1.549629451883756,6.263607903500317,7.813237355384072
110,Dyna-Q,0.15,4100,20500,6.211806779627448,6.263607903500317,0.051801123872868615
110,Dyna-Q,0.15,4200,21000,6.211806779627448,6.263607903500317,0.051801123872868615
110,Dyna-Q,0.15,4300,21500,6.194239886615761,6.263607903500317,0.06936801688455585
110,Dyna-Q,0.15,4400,22000,-1.5565646664250066,6.263607903500317,7.820172569925323
110,Dyna-Q,0.15,4500,22500,6.189790962484041,6.263607903500317,0.07381694101627545
110,Dyna-Q,0.15,4600,23000,2.9679871851779605,6.263607903500317,3.2956207183223563
110,Dyna-Q,0.15,4700,23500,3.1322585674151577,6.263607903500317,3.131349336085159
110,Dyna-Q,0.15,4800,24000,6.2213949688312935,6.263607903500317,0.042212934669023205
110,Dyna-Q,0.15,4900,24500,5.9547679646115945,6.263607903500317,0.3088399388887222
110,Dyna-Q,0.15,5000,25000,6.078258353273612,6.263607903500317,0.18534955022670463
110,Dyna-Q,0.35,0,0,-2.0000000000000013,6.263607903500317,8.263607903500318
110,Dyna-Q,0.35,100,500,-2.3793139636440817,6.263607903500317,8.642921867144398
110,Dyna-Q,0.35,200,1000,2.2990265349921106,6.263607903500317,3.964581368508206
110,Dyna-Q,0.35,300,1500,5.530149149143809,6.263607903500317,0.7334587543565076
110,Dyna-Q,0.35,400,2000,-1.2413078703555778,6.263607903500317,7.5049157738558945
110,Dyna-Q,0.35,500,2500,5.916390974804662,6.263607903500317,0.347216928695655
110,Dyna-Q,0.35,600,3000,5.669626084332223,6.263607903500317,0.5939818191680937
110,Dyna-Q,0.35,700,3500,2.5052354702318493,6.263607903500317,3.7583724332684674
110,Dyna-Q,0.35,800,4000,6.256162817535298,6.263607903500317,0.007445085965018805
110,Dyna-Q,0.35,900,4500,6.114762567941651,6.263607903500317,0.14884533555866586
110,Dyna-Q,0.35,1000,5000,2.9333608485825473,6.263607903500317,3.3302470549177694
110,Dyna-Q,0.35,1100,5500,-1.8598466704004921,6.263607903500317,8.123454573900808
110,Dyna-Q,0.35,1200,6000,0.5381935561590556,6.263607903500317,5.725414347341261
110,Dyna-Q,0.35,1300,6500,3.3268684027406854,6.263607903500317,2.9367395007596313
110,Dyna-Q,0.35,1400,7000,-1.3177601572774,6.263607903500317,7.5813680607777165
110,Dyna-Q,0.35,1500,7500,5.679941181872351,6.263607903500317,0.5836667216279654
110,Dyna-Q,0.35,1600,8000,6.22450338937466,6.263607903500317,0.03910451412565674
110,Dyna-Q,0.35,1700,8500,6.211806779627448,6.263607903500317,0.051801123872868615
110,Dyna-Q,0.35,1800,9000,6.222586863809811,6.263607903500317,0.041021039690505745
110,Dyna-Q,0.35,1900,9500,6.22272458098214,6.263607903500317,0.04088332251817661
110,Dyna-Q,0.35,2000,10000,3.1464390429882503,6.263607903500317,3.1171688605120664
110,Dyna-Q,0.35,2100,10500,5.661427253226235,6.263607903500317,0.6021806502740814
110,Dyna-Q,0.35,2200,11000,6.211806779627448,6.263607903500317,0.051801123872868615
110,Dyna-Q,0.35,2300,11500,-1.5701381719840075,6.263607903500317,7.833746075484324
110,Dyna-Q,0.35,2400,12000,5.134487031279204,6.263607903500317,1.1291208722211126
110,Dyna-Q,0.35,2500,12500,5.601272995081421,6.263607903500317,0.6623349084188961
110,Dyna-Q,0.35,2600,13000,1.0134573694551923,6.263607903500317,5.250150534045124
110,Dyna-Q,0.35,2700,13500,0.47837982257515316,6.263607903500317,5.7852280809251635
110,Dyna-Q,0.35,2800,14000,3.6061195852354198,6.263607903500317,2.657488318264897
110,Dyna-Q,0.35,2900,14500,2.6907677892068,6.263607903500317,3.5728401142935167
110,Dyna-Q,0.35,3000,15000,0.1441248277839249,6.263607903500317,6.119483075716392
110,Dyna-Q,0.35,3100,15500,-0.6493437854735379,6.263607903500317,6.9129516889738545
110,Dyna-Q,0.35,3200,16000,1.4676574083672802,6.263607903500317,4.795950495133036
110,Dyna-Q,0.35,3300,16500,5.483532323800002,6.263607903500317,0.7800755797003145
110,Dyna-Q,0.35,3400,17000,0.8367066300094744,6.263607903500317,5.426901273490842
110,Dyna-Q,0.35,3500,17500,5.652478842390065,6.263607903500317,0.611129061110252
110,Dyna-Q,0.35,3600,18000,0.23993635162194843,6.263607903500317,6.023671551878368
110,Dyna-Q,0.35,3700,18500,0.6020975155664153,6.263607903500317,5.661510387933902
110,Dyna-Q,0.35,3800,19000,2.884527655668108,6.263607903500317,3.3790802478322086
110,Dyna-Q,0.35,3900,19500,1.9528616680888042,6.263607903500317,4.3107462354115125
110,Dyna-Q,0.35,4000,20000,2.7943417969722355,6.263607903500317,3.469266106528081
110,Dyna-Q,0.35,4100,20500,6.181045165215486,6.263607903500317,0.08256273828483085
110,Dyna-Q,0.35,4200,21000,6.263607903500317,6.263607903500317,0.0
110,Dyna-Q,0.35,4300,21500,3.137617186164074,6.263607903500317,3.1259907173362427
110,Dyna-Q,0.35,4400,22000,3.2643699822198373,6.263607903500317,2.9992379212804794
110,Dyna-Q,0.35,4500,22500,-0.991590109985649,6.263607903500317,7.255198013485966
110,Dyna-Q,0.35,4600,23000,0.7929688985930243,6.263607903500317,5.470639004907293
110,Dyna-Q,0.35,4700,23500,3.145272500940396,6.263607903500317,3.1183354025599206
110,Dyna-Q,0.35,4800,24000,5.912908823038605,6.263607903500317,0.3506990804617116
110,Dyna-Q,0.35,4900,24500,2.4857874817173053,6.263607903500317,3.7778204217830114
110,Dyna-Q,0.35,5000,25000,3.0123424306553397,6.263607903500317,3.251265472844977
121,Q-learning,0.0,0,0,-2.0000000000000013,6.263607903500317,8.263607903500318
121,Q-learning,0.0,100,0,-1.2326511543887722,6.263607903500317,7.496259057889089
121,Q-learning,0.0,200,0,-3.668384059464338,6.263607903500317,9.931991962964656
121,Q-learning,0.0,300,0,-1.2492524385943153,6.263607903500317,7.512860342094632
121,Q-learning,0.0,400,0,0.5987377644594887,6.263607903500317,5.664870139040828
121,Q-learning,0.0,500,0,-1.1311162999293036,6.263607903500317,7.39472420342962
121,Q-learning,0.0,600,0,3.1573573400349497,6.263607903500317,3.106250563465367
121,Q-learning,0.0,700,0,6.099259355646086,6.263607903500317,0.1643485478542308
121,Q-learning,0.0,800,0,6.252698803146877,6.263607903500317,0.01090910035344006
121,Q-learning,0.0,900,0,6.252698803146877,6.263607903500317,0.01090910035344006
121,Q-learning,0.0,1000,0,6.252698803146877,6.263607903500317,0.01090910035344006
121,Q-learning,0.0,1100,0,6.231134176262761,6.263607903500317,0.03247372723755593
121,Q-learning,0.0,1200,0,6.231134176262761,6.263607903500317,0.03247372723755593
121,Q-learning,0.0,1300,0,6.231134176262761,6.263607903500317,0.03247372723755593
121,Q-learning,0.0,1400,0,6.231134176262761,6.263607903500317,0.03247372723755593
121,Q-learning,0.0,1500,0,6.231134176262761,6.263607903500317,0.03247372723755593
121,Q-learning,0.0,1600,0,6.231134176262761,6.263607903500317,0.03247372723755593
121,Q-learning,0.0,1700,0,6.231134176262761,6.263607903500317,0.03247372723755593
121,Q-learning,0.0,1800,0,6.21742319917221,6.263607903500317,0.046184704328106285
121,Q-learning,0.0,1900,0,6.21742319917221,6.263607903500317,0.046184704328106285
121,Q-learning,0.0,2000,0,6.21742319917221,6.263607903500317,0.046184704328106285
121,Q-learning,0.0,2100,0,6.21742319917221,6.263607903500317,0.046184704328106285
121,Q-learning,0.0,2200,0,6.21742319917221,6.263607903500317,0.046184704328106285
121,Q-learning,0.0,2300,0,6.21742319917221,6.263607903500317,0.046184704328106285
121,Q-learning,0.0,2400,0,6.237175951074367,6.263607903500317,0.026431952425949312
121,Q-learning,0.0,2500,0,6.237175951074367,6.263607903500317,0.026431952425949312
121,Q-learning,0.0,2600,0,6.237175951074367,6.263607903500317,0.026431952425949312
121,Q-learning,0.0,2700,0,6.237175951074367,6.263607903500317,0.026431952425949312
121,Q-learning,0.0,2800,0,6.237175951074367,6.263607903500317,0.026431952425949312
121,Q-learning,0.0,2900,0,6.237175951074367,6.263607903500317,0.026431952425949312
121,Q-learning,0.0,3000,0,6.237175951074367,6.263607903500317,0.026431952425949312
121,Q-learning,0.0,3100,0,6.237175951074367,6.263607903500317,0.026431952425949312
121,Q-learning,0.0,3200,0,6.237175951074367,6.263607903500317,0.026431952425949312
121,Q-learning,0.0,3300,0,6.237175951074367,6.263607903500317,0.026431952425949312
121,Q-learning,0.0,3400,0,6.237175951074367,6.263607903500317,0.026431952425949312
121,Q-learning,0.0,3500,0,6.237175951074367,6.263607903500317,0.026431952425949312
121,Q-learning,0.0,3600,0,6.237175951074367,6.263607903500317,0.026431952425949312
121,Q-learning,0.0,3700,0,6.237175951074367,6.263607903500317,0.026431952425949312
121,Q-learning,0.0,3800,0,6.237175951074367,6.263607903500317,0.026431952425949312
121,Q-learning,0.0,3900,0,6.237175951074367,6.263607903500317,0.026431952425949312
121,Q-learning,0.0,4000,0,6.237175951074367,6.263607903500317,0.026431952425949312
121,Q-learning,0.0,4100,0,6.237175951074367,6.263607903500317,0.026431952425949312
121,Q-learning,0.0,4200,0,6.237175951074367,6.263607903500317,0.026431952425949312
121,Q-learning,0.0,4300,0,6.237175951074367,6.263607903500317,0.026431952425949312
121,Q-learning,0.0,4400,0,6.237175951074367,6.263607903500317,0.026431952425949312
121,Q-learning,0.0,4500,0,6.237175951074367,6.263607903500317,0.026431952425949312
121,Q-learning,0.0,4600,0,6.237175951074367,6.263607903500317,0.026431952425949312
121,Q-learning,0.0,4700,0,6.237175951074367,6.263607903500317,0.026431952425949312
121,Q-learning,0.0,4800,0,6.237175951074367,6.263607903500317,0.026431952425949312
121,Q-learning,0.0,4900,0,6.237175951074367,6.263607903500317,0.026431952425949312
121,Q-learning,0.0,5000,0,6.237175951074367,6.263607903500317,0.026431952425949312
121,Dyna-Q,0.0,0,0,-2.0000000000000013,6.263607903500317,8.263607903500318
121,Dyna-Q,0.0,100,500,-2.2302546612007164,6.263607903500317,8.493862564701033
121,Dyna-Q,0.0,200,1000,0.9093513038627618,6.263607903500317,5.354256599637555
121,Dyna-Q,0.0,300,1500,2.807094689975522,6.263607903500317,3.456513213524795
121,Dyna-Q,0.0,400,2000,5.824624970545027,6.263607903500317,0.4389829329552901
121,Dyna-Q,0.0,500,2500,5.782441779230508,6.263607903500317,0.48116612426980865
121,Dyna-Q,0.0,600,3000,5.893075702896085,6.263607903500317,0.37053220060423175
121,Dyna-Q,0.0,700,3500,2.8086231611674983,6.263607903500317,3.4549847423328184
121,Dyna-Q,0.0,800,4000,6.173563113028445,6.263607903500317,0.09004479047187175
121,Dyna-Q,0.0,900,4500,6.173563113028445,6.263607903500317,0.09004479047187175
121,Dyna-Q,0.0,1000,5000,6.173563113028445,6.263607903500317,0.09004479047187175
121,Dyna-Q,0.0,1100,5500,5.941359565076921,6.263607903500317,0.32224833842339606
121,Dyna-Q,0.0,1200,6000,5.87829138503767,6.263607903500317,0.3853165184626466
121,Dyna-Q,0.0,1300,6500,3.1215666826063684,6.263607903500317,3.1420412208939483
121,Dyna-Q,0.0,1400,7000,6.179908386840861,6.263607903500317,0.08369951665945585
121,Dyna-Q,0.0,1500,7500,-1.5502697951452413,6.263607903500317,7.813877698645558
121,Dyna-Q,0.0,1600,8000,5.847607993708487,6.263607903500317,0.41599990979182966
121,Dyna-Q,0.0,1700,8500,5.831190667120678,6.263607903500317,0.4324172363796386
121,Dyna-Q,0.0,1800,9000,6.211806779627448,6.263607903500317,0.051801123872868615
121,Dyna-Q,0.0,1900,9500,6.182545699866968,6.263607903500317,0.0810622036333486
121,Dyna-Q,0.0,2000,10000,6.182545699866968,6.263607903500317,0.0810622036333486
121,Dyna-Q,0.0,2100,10500,6.182545699866968,6.263607903500317,0.0810622036333486
121,Dyna-Q,0.0,2200,11000,6.100092260712182,6.263607903500317,0.16351564278813502
121,Dyna-Q,0.0,2300,11500,1.0723531715070327,6.263607903500317,5.1912547319932845
121,Dyna-Q,0.0,2400,12000,-9.610774509092444,6.263607903500317,15.87438241259276
121,Dyna-Q,0.0,2500,12500,2.8290558129822356,6.263607903500317,3.434552090518081
121,Dyna-Q,0.0,2600,13000,-1.355870955110821,6.263607903500317,7.619478858611138
121,Dyna-Q,0.0,2700,13500,6.019261383793809,6.263607903500317,0.24434651970650734
121,Dyna-Q,0.0,2800,14000,6.082849576342377,6.263607903500317,0.18075832715793982
121,Dyna-Q,0.0,2900,14500,6.103476481273137,6.263607903500317,0.16013142222718013
121,Dyna-Q,0.0,3000,15000,3.066243055898674,6.263607903500317,3.1973648476016425
121,Dyna-Q,0.0,3100,15500,6.101179986705829,6.263607903500317,0.16242791679448754
121,Dyna-Q,0.0,3200,16000,-1.8823960077197028,6.263607903500317,8.146003911220019
121,Dyna-Q,0.0,3300,16500,6.101179986705829,6.263607903500317,0.16242791679448754
121,Dyna-Q,0.0,3400,17000,6.101179986705829,6.263607903500317,0.16242791679448754
121,Dyna-Q,0.0,3500,17500,6.100817044325447,6.263607903500317,0.16279085917487013
121,Dyna-Q,0.0,3600,18000,6.100817044325447,6.263607903500317,0.16279085917487013
121,Dyna-Q,0.0,3700,18500,6.21241659643283,6.263607903500317,0.051191307067486314
121,Dyna-Q,0.0,3800,19000,6.212380748177397,6.263607903500317,0.05122715532291977
121,Dyna-Q,0.0,3900,19500,2.981753153186808,6.263607903500317,3.2818547503135087
121,Dyna-Q,0.0,4000,20000,6.235281069169724,6.263607903500317,0.02832683433059291
121,Dyna-Q,0.0,4100,20500,6.235281069169724,6.263607903500317,0.02832683433059291
121,Dyna-Q,0.0,4200,21000,6.212548523117145,6.263607903500317,0.05105938038317159
121,Dyna-Q,0.0,4300,21500,3.297434017157265,6.263607903500317,2.966173886343052
121,Dyna-Q,0.0,4400,22000,6.235281069169724,6.263607903500317,0.02832683433059291
121,Dyna-Q,0.0,4500,22500,6.235281069169724,6.263607903500317,0.02832683433059291
121,Dyna-Q,0.0,4600,23000,6.235281069169724,6.263607903500317,0.02832683433059291
121,Dyna-Q,0.0,4700,23500,6.256124060693601,6.263607903500317,0.007483842806715657
121,Dyna-Q,0.0,4800,24000,5.980986180738753,6.263607903500317,0.2826217227615633
121,Dyna-Q,0.0,4900,24500,5.97412916029251,6.263607903500317,0.2894787432078063
121,Dyna-Q,0.0,5000,25000,6.236571160055866,6.263607903500317,0.027036743444450728
121,Dyna-Q,0.15,0,0,-2.0000000000000013,6.263607903500317,8.263607903500318
121,Dyna-Q,0.15,100,500,-1.7156331740894135,6.263607903500317,7.97924107758973
121,Dyna-Q,0.15,200,1000,1.0939474039304178,6.263607903500317,5.169660499569899
121,Dyna-Q,0.15,300,1500,2.313421401260169,6.263607903500317,3.9501865022401477
121,Dyna-Q,0.15,400,2000,2.487033295618634,6.263607903500317,3.776574607881683
121,Dyna-Q,0.15,500,2500,5.354453958459472,6.263607903500317,0.9091539450408446
121,Dyna-Q,0.15,600,3000,5.426230285467609,6.263607903500317,0.8373776180327077
121,Dyna-Q,0.15,700,3500,5.335746854028357,6.263607903500317,0.9278610494719599
121,Dyna-Q,0.15,800,4000,-1.76654523174362,6.263607903500317,8.030153135243937
121,Dyna-Q,0.15,900,4500,2.9924602671762486,6.263607903500317,3.271147636324068
121,Dyna-Q,0.15,1000,5000,3.1125326249534795,6.263607903500317,3.151075278546837
121,Dyna-Q,0.15,1100,5500,5.324158696717304,6.263607903500317,0.9394492067830127
121,Dyna-Q,0.15,1200,6000,6.2315617688920755,6.263607903500317,0.03204613460824124
121,Dyna-Q,0.15,1300,6500,5.25753119009347,6.263607903500317,1.0060767134068467
121,Dyna-Q,0.15,1400,7000,3.3638106278656577,6.263607903500317,2.899797275634659
121,Dyna-Q,0.15,1500,7500,2.966893904871367,6.263607903500317,3.2967139986289498
121,Dyna-Q,0.15,1600,8000,2.3864706839411776,6.263607903500317,3.877137219559139
121,Dyna-Q,0.15,1700,8500,6.184588273388818,6.263607903500317,0.0790196301114987
121,Dyna-Q,0.15,1800,9000,6.200877408616011,6.263607903500317,0.06273049488430527
121,Dyna-Q,0.15,1900,9500,2.680332419825644,6.263607903500317,3.5832754836746727
121,Dyna-Q,0.15,2000,10000,3.1387403346798863,6.263607903500317,3.1248675688204304
121,Dyna-Q,0.15,2100,10500,6.211806779627448,6.263607903500317,0.051801123872868615
121,Dyna-Q,0.15,2200,11000,6.221729430851686,6.263607903500317,0.04187847264863098
121,Dyna-Q,0.15,2300,11500,0.9343901663070263,6.263607903500317,5.32921773719329
121,Dyna-Q,0.15,2400,12000,6.103476481273137,6.263607903500317,0.16013142222718013
121,Dyna-Q,0.15,2500,12500,2.941840087985792,6.263607903500317,3.3217678155145247
121,Dyna-Q,0.15,2600,13000,0.5513082116411139,6.263607903500317,5.712299691859203
121,Dyna-Q,0.15,2700,13500,2.9528089999784513,6.263607903500317,3.3107989035218655
121,Dyna-Q,0.15,2800,14000,5.96922402655609,6.263607903500317,0.2943838769442264
121,Dyna-Q,0.15,2900,14500,6.103476481273137,6.263607903500317,0.16013142222718013
121,Dyna-Q,0.15,3000,15000,6.1109300810667975,6.263607903500317,0.15267782243351924
121,Dyna-Q,0.15,3100,15500,3.1646409687568617,6.263607903500317,3.098966934743455
121,Dyna-Q,0.15,3200,16000,-0.8342115069197125,6.263607903500317,7.097819410420029
121,Dyna-Q,0.15,3300,16500,2.5707411307539747,6.263607903500317,3.692866772746342
121,Dyna-Q,0.15,3400,17000,6.204232893571056,6.263607903500317,0.05937500992926115
121,Dyna-Q,0.15,3500,17500,5.518503928132571,6.263607903500317,0.745103975367746
121,Dyna-Q,0.15,3600,18000,1.3228396311145392,6.263607903500317,4.940768272385777
121,Dyna-Q,0.15,3700,18500,5.994840372849742,6.263607903500317,0.26876753065057457
121,Dyna-Q,0.15,3800,19000,5.375370836786716,6.263607903500317,0.888237066713601
121,Dyna-Q,0.15,3900,19500,6.208398301384701,6.263607903500317,0.05520960211561565
121,Dyna-Q,0.15,4000,20000,6.2253460094130855,6.263607903500317,0.03826189408723124
121,Dyna-Q,0.15,4100,20500,6.231134176262761,6.263607903500317,0.03247372723755593
121,Dyna-Q,0.15,4200,21000,6.188923633909368,6.263607903500317,0.07468426959094909
121,Dyna-Q,0.15,4300,21500,3.0439249233315873,6.263607903500317,3.2196829801687294
121,Dyna-Q,0.15,4400,22000,6.17822076731448,6.263607903500317,0.08538713618583671
121,Dyna-Q,0.15,4500,22500,5.434727499924929,6.263607903500317,0.8288804035753881
121,Dyna-Q,0.15,4600,23000,-2.4007023854876652,6.263607903500317,8.664310288987982
121,Dyna-Q,0.15,4700,23500,5.218161994725181,6.263607903500317,1.045445908775136
121,Dyna-Q,0.15,4800,24000,5.882620509360843,6.263607903500317,0.38098739413947413
121,Dyna-Q,0.15,4900,24500,5.7723102039894085,6.263607903500317,0.4912976995109082
121,Dyna-Q,0.15,5000,25000,5.567857200290066,6.263607903500317,0.6957507032102503
121,Dyna-Q,0.35,0,0,-2.0000000000000013,6.263607903500317,8.263607903500318
121,Dyna-Q,0.35,100,500,-1.8990618940197157,6.263607903500317,8.162669797520032
121,Dyna-Q,0.35,200,1000,-2.0411957624735724,6.263607903500317,8.304803665973889
121,Dyna-Q,0.35,300,1500,-2.1306577061878222,6.263607903500317,8.394265609688139
121,Dyna-Q,0.35,400,2000,1.3937784176373345,6.263607903500317,4.869829485862982
121,Dyna-Q,0.35,500,2500,2.559035443396777,6.263607903500317,3.70457246010354
121,Dyna-Q,0.35,600,3000,-1.9794495268990715,6.263607903500317,8.243057430399388
121,Dyna-Q,0.35,700,3500,5.910658917621212,6.263607903500317,0.35294898587910506
121,Dyna-Q,0.35,800,4000,2.926434585351605,6.263607903500317,3.3371733181487118
121,Dyna-Q,0.35,900,4500,5.929250817986956,6.263607903500317,0.33435708551336063
121,Dyna-Q,0.35,1000,5000,5.4910646703799015,6.263607903500317,0.7725432331204152
121,Dyna-Q,0.35,1100,5500,5.929250817986956,6.263607903500317,0.33435708551336063
121,Dyna-Q,0.35,1200,6000,6.21367143208265,6.263607903500317,0.04993647141766644
121,Dyna-Q,0.35,1300,6500,3.058218745448001,6.263607903500317,3.2053891580523155
121,Dyna-Q,0.35,1400,7000,-0.5295078353649426,6.263607903500317,6.793115738865259
121,Dyna-Q,0.35,1500,7500,6.263607903500317,6.263607903500317,0.0
121,Dyna-Q,0.35,1600,8000,3.1611811400240155,6.263607903500317,3.102426763476301
121,Dyna-Q,0.35,1700,8500,-0.12982208437690998,6.263607903500317,6.3934299878772265
121,Dyna-Q,0.35,1800,9000,2.6184266631526607,6.263607903500317,3.645181240347656
121,Dyna-Q,0.35,1900,9500,-0.8658661028756447,6.263607903500317,7.129474006375961
121,Dyna-Q,0.35,2000,10000,6.0795117147616375,6.263607903500317,0.18409618873867917
121,Dyna-Q,0.35,2100,10500,6.179166923399576,6.263607903500317,0.08444098010074086
121,Dyna-Q,0.35,2200,11000,-1.6878284061820314,6.263607903500317,7.951436309682348
121,Dyna-Q,0.35,2300,11500,2.6532929922976853,6.263607903500317,3.6103149112026314
121,Dyna-Q,0.35,2400,12000,1.9248208489372498,6.263607903500317,4.338787054563067
121,Dyna-Q,0.35,2500,12500,-1.4206824392957655,6.263607903500317,7.684290342796082
121,Dyna-Q,0.35,2600,13000,0.6255738768720961,6.263607903500317,5.638034026628221
121,Dyna-Q,0.35,2700,13500,5.404885175000576,6.263607903500317,0.8587227284997407
121,Dyna-Q,0.35,2800,14000,2.7222587245813226,6.263607903500317,3.541349178918994
121,Dyna-Q,0.35,2900,14500,3.18857579863574,6.263607903500317,3.075032104864577
121,Dyna-Q,0.35,3000,15000,3.1472311818773155,6.263607903500317,3.116376721623001
121,Dyna-Q,0.35,3100,15500,0.18813913279816782,6.263607903500317,6.075468770702149
121,Dyna-Q,0.35,3200,16000,6.061424701311711,6.263607903500317,0.20218320218860608
121,Dyna-Q,0.35,3300,16500,5.974099544311741,6.263607903500317,0.2895083591885754
121,Dyna-Q,0.35,3400,17000,6.211806779627448,6.263607903500317,0.051801123872868615
121,Dyna-Q,0.35,3500,17500,3.1257605207956902,6.263607903500317,3.1378473827046265
121,Dyna-Q,0.35,3600,18000,5.343297931715799,6.263607903500317,0.9203099717845173
121,Dyna-Q,0.35,3700,18500,3.378395395407412,6.263607903500317,2.8852125080929047
121,Dyna-Q,0.35,3800,19000,0.35732224216597785,6.263607903500317,5.906285661334339
121,Dyna-Q,0.35,3900,19500,1.8158434117249154,6.263607903500317,4.447764491775401
121,Dyna-Q,0.35,4000,20000,6.172719704761762,6.263607903500317,0.09088819873855503
121,Dyna-Q,0.35,4100,20500,2.996225293382996,6.263607903500317,3.2673826101173207
121,Dyna-Q,0.35,4200,21000,5.2310370042630545,6.263607903500317,1.0325708992372622
121,Dyna-Q,0.35,4300,21500,6.221729430851686,6.263607903500317,0.04187847264863098
121,Dyna-Q,0.35,4400,22000,6.252698803146877,6.263607903500317,0.01090910035344006
121,Dyna-Q,0.35,4500,22500,-0.7688130493461756,6.263607903500317,7.0324209528464925
121,Dyna-Q,0.35,4600,23000,2.9511772387758413,6.263607903500317,3.3124306647244754
121,Dyna-Q,0.35,4700,23500,0.887791501707169,6.263607903500317,5.375816401793148
121,Dyna-Q,0.35,4800,24000,-0.2801597349338292,6.263607903500317,6.543767638434145
121,Dyna-Q,0.35,4900,24500,2.547686010898482,6.263607903500317,3.715921892601835
121,Dyna-Q,0.35,5000,25000,3.164896784344854,6.263607903500317,3.0987111191554626
132,Q-learning,0.0,0,0,-2.0000000000000013,6.263607903500317,8.263607903500318
132,Q-learning,0.0,100,0,-1.9962462857446939,6.263607903500317,8.259854189245011
132,Q-learning,0.0,200,0,4.699093106502637,6.263607903500317,1.5645147969976794
132,Q-learning,0.0,300,0,-0.1383972158878308,6.263607903500317,6.402005119388147
132,Q-learning,0.0,400,0,5.709950365892498,6.263607903500317,0.553657537607819
132,Q-learning,0.0,500,0,5.7890664031092545,6.263607903500317,0.47454150039106224
132,Q-learning,0.0,600,0,6.166673109287874,6.263607903500317,0.09693479421244255
132,Q-learning,0.0,700,0,6.166673109287874,6.263607903500317,0.09693479421244255
132,Q-learning,0.0,800,0,6.166673109287874,6.263607903500317,0.09693479421244255
132,Q-learning,0.0,900,0,6.166673109287874,6.263607903500317,0.09693479421244255
132,Q-learning,0.0,1000,0,6.166673109287874,6.263607903500317,0.09693479421244255
132,Q-learning,0.0,1100,0,6.174469417414259,6.263607903500317,0.08913848608605779
132,Q-learning,0.0,1200,0,6.174469417414259,6.263607903500317,0.08913848608605779
132,Q-learning,0.0,1300,0,6.174469417414259,6.263607903500317,0.08913848608605779
132,Q-learning,0.0,1400,0,6.17513557093133,6.263607903500317,0.0884723325689869
132,Q-learning,0.0,1500,0,6.17513557093133,6.263607903500317,0.0884723325689869
132,Q-learning,0.0,1600,0,6.17513557093133,6.263607903500317,0.0884723325689869
132,Q-learning,0.0,1700,0,6.17513557093133,6.263607903500317,0.0884723325689869
132,Q-learning,0.0,1800,0,6.17513557093133,6.263607903500317,0.0884723325689869
132,Q-learning,0.0,1900,0,6.17513557093133,6.263607903500317,0.0884723325689869
132,Q-learning,0.0,2000,0,6.17513557093133,6.263607903500317,0.0884723325689869
132,Q-learning,0.0,2100,0,6.17513557093133,6.263607903500317,0.0884723325689869
132,Q-learning,0.0,2200,0,6.17513557093133,6.263607903500317,0.0884723325689869
132,Q-learning,0.0,2300,0,6.17513557093133,6.263607903500317,0.0884723325689869
132,Q-learning,0.0,2400,0,6.17513557093133,6.263607903500317,0.0884723325689869
132,Q-learning,0.0,2500,0,6.17513557093133,6.263607903500317,0.0884723325689869
132,Q-learning,0.0,2600,0,3.161560309311856,6.263607903500317,3.102047594188461
132,Q-learning,0.0,2700,0,6.17513557093133,6.263607903500317,0.0884723325689869
132,Q-learning,0.0,2800,0,6.17513557093133,6.263607903500317,0.0884723325689869
132,Q-learning,0.0,2900,0,6.17513557093133,6.263607903500317,0.0884723325689869
132,Q-learning,0.0,3000,0,6.17513557093133,6.263607903500317,0.0884723325689869
132,Q-learning,0.0,3100,0,6.17513557093133,6.263607903500317,0.0884723325689869
132,Q-learning,0.0,3200,0,6.17513557093133,6.263607903500317,0.0884723325689869
132,Q-learning,0.0,3300,0,6.17513557093133,6.263607903500317,0.0884723325689869
132,Q-learning,0.0,3400,0,6.17513557093133,6.263607903500317,0.0884723325689869
132,Q-learning,0.0,3500,0,3.161560309311856,6.263607903500317,3.102047594188461
132,Q-learning,0.0,3600,0,6.17513557093133,6.263607903500317,0.0884723325689869
132,Q-learning,0.0,3700,0,6.17513557093133,6.263607903500317,0.0884723325689869
132,Q-learning,0.0,3800,0,6.17513557093133,6.263607903500317,0.0884723325689869
132,Q-learning,0.0,3900,0,6.17513557093133,6.263607903500317,0.0884723325689869
132,Q-learning,0.0,4000,0,6.17513557093133,6.263607903500317,0.0884723325689869
132,Q-learning,0.0,4100,0,6.17513557093133,6.263607903500317,0.0884723325689869
132,Q-learning,0.0,4200,0,6.17513557093133,6.263607903500317,0.0884723325689869
132,Q-learning,0.0,4300,0,6.17513557093133,6.263607903500317,0.0884723325689869
132,Q-learning,0.0,4400,0,6.17513557093133,6.263607903500317,0.0884723325689869
132,Q-learning,0.0,4500,0,6.17513557093133,6.263607903500317,0.0884723325689869
132,Q-learning,0.0,4600,0,6.17513557093133,6.263607903500317,0.0884723325689869
132,Q-learning,0.0,4700,0,6.17513557093133,6.263607903500317,0.0884723325689869
132,Q-learning,0.0,4800,0,6.17513557093133,6.263607903500317,0.0884723325689869
132,Q-learning,0.0,4900,0,6.17513557093133,6.263607903500317,0.0884723325689869
132,Q-learning,0.0,5000,0,6.17513557093133,6.263607903500317,0.0884723325689869
132,Dyna-Q,0.0,0,0,-2.0000000000000013,6.263607903500317,8.263607903500318
132,Dyna-Q,0.0,100,500,0.9333694242566396,6.263607903500317,5.330238479243677
132,Dyna-Q,0.0,200,1000,4.974034041743317,6.263607903500317,1.2895738617569998
132,Dyna-Q,0.0,300,1500,4.975423539058923,6.263607903500317,1.2881843644413937
132,Dyna-Q,0.0,400,2000,2.11918859315838,6.263607903500317,4.144419310341936
132,Dyna-Q,0.0,500,2500,4.975656160548134,6.263607903500317,1.287951742952183
132,Dyna-Q,0.0,600,3000,4.999842308928263,6.263607903500317,1.263765594572054
132,Dyna-Q,0.0,700,3500,5.131164601898574,6.263607903500317,1.132443301601743
132,Dyna-Q,0.0,800,4000,0.1928455586480805,6.263607903500317,6.070762344852236
132,Dyna-Q,0.0,900,4500,5.101978488545361,6.263607903500317,1.1616294149549553
132,Dyna-Q,0.0,1000,5000,5.245384437856429,6.263607903500317,1.0182234656438878
132,Dyna-Q,0.0,1100,5500,5.282911225855692,6.263607903500317,0.9806966776446249
132,Dyna-Q,0.0,1200,6000,5.4629176781327535,6.263607903500317,0.8006902253675632
132,Dyna-Q,0.0,1300,6500,5.461062846551741,6.263607903500317,0.8025450569485759
132,Dyna-Q,0.0,1400,7000,5.691808285343068,6.263607903500317,0.5717996181572484
132,Dyna-Q,0.0,1500,7500,5.691808285343068,6.263607903500317,0.5717996181572484
132,Dyna-Q,0.0,1600,8000,6.133362223755686,6.263607903500317,0.13024567974463075
132,Dyna-Q,0.0,1700,8500,6.133362223755686,6.263607903500317,0.13024567974463075
132,Dyna-Q,0.0,1800,9000,6.205013768553916,6.263607903500317,0.05859413494640098
132,Dyna-Q,0.0,1900,9500,5.613991436919115,6.263607903500317,0.6496164665812021
132,Dyna-Q,0.0,2000,10000,5.390396552669917,6.263607903500317,0.8732113508303998
132,Dyna-Q,0.0,2100,10500,5.764082818381237,6.263607903500317,0.49952508511908
132,Dyna-Q,0.0,2200,11000,6.074323081616788,6.263607903500317,0.18928482188352902
132,Dyna-Q,0.0,2300,11500,5.986659093027512,6.263607903500317,0.2769488104728044
132,Dyna-Q,0.0,2400,12000,6.209159688481315,6.263607903500317,0.054448215019001545
132,Dyna-Q,0.0,2500,12500,6.213975699195224,6.263607903500317,0.04963220430509274
132,Dyna-Q,0.0,2600,13000,6.234799011401642,6.263607903500317,0.028808892098674654
132,Dyna-Q,0.0,2700,13500,6.234799011401642,6.263607903500317,0.028808892098674654
132,Dyna-Q,0.0,2800,14000,6.163053847977534,6.263607903500317,0.10055405552278263
132,Dyna-Q,0.0,2900,14500,3.1922227487925734,6.263607903500317,3.0713851547077433
132,Dyna-Q,0.0,3000,15000,6.11194300924973,6.263607903500317,0.1516648942505867
132,Dyna-Q,0.0,3100,15500,6.11194300924973,6.263607903500317,0.1516648942505867
132,Dyna-Q,0.0,3200,16000,6.22272458098214,6.263607903500317,0.04088332251817661
132,Dyna-Q,0.0,3300,16500,5.8846240467799875,6.263607903500317,0.3789838567203292
132,Dyna-Q,0.0,3400,17000,6.263607903500317,6.263607903500317,0.0
132,Dyna-Q,0.0,3500,17500,6.263607903500317,6.263607903500317,0.0
132,Dyna-Q,0.0,3600,18000,6.263607903500317,6.263607903500317,0.0
132,Dyna-Q,0.0,3700,18500,6.263607903500317,6.263607903500317,0.0
132,Dyna-Q,0.0,3800,19000,6.193699372377964,6.263607903500317,0.06990853112235307
132,Dyna-Q,0.0,3900,19500,6.193699372377964,6.263607903500317,0.06990853112235307
132,Dyna-Q,0.0,4000,20000,6.211806779627448,6.263607903500317,0.051801123872868615
132,Dyna-Q,0.0,4100,20500,2.9333608485825473,6.263607903500317,3.3302470549177694
132,Dyna-Q,0.0,4200,21000,2.806283797256111,6.263607903500317,3.4573241062442057
132,Dyna-Q,0.0,4300,21500,5.808721126870478,6.263607903500317,0.4548867766298388
132,Dyna-Q,0.0,4400,22000,5.929250817986956,6.263607903500317,0.33435708551336063
132,Dyna-Q,0.0,4500,22500,5.929250817986956,6.263607903500317,0.33435708551336063
132,Dyna-Q,0.0,4600,23000,5.929250817986956,6.263607903500317,0.33435708551336063
132,Dyna-Q,0.0,4700,23500,6.22272458098214,6.263607903500317,0.04088332251817661
132,Dyna-Q,0.0,4800,24000,6.211806779627448,6.263607903500317,0.051801123872868615
132,Dyna-Q,0.0,4900,24500,6.22272458098214,6.263607903500317,0.04088332251817661
132,Dyna-Q,0.0,5000,25000,6.22272458098214,6.263607903500317,0.04088332251817661
132,Dyna-Q,0.15,0,0,-2.0000000000000013,6.263607903500317,8.263607903500318
132,Dyna-Q,0.15,100,500,-1.474988606884988,6.263607903500317,7.738596510385305
132,Dyna-Q,0.15,200,1000,-1.1178420289629845,6.263607903500317,7.381449932463301
132,Dyna-Q,0.15,300,1500,0.14533679987162035,6.263607903500317,6.118271103628697
132,Dyna-Q,0.15,400,2000,2.261435434305334,6.263607903500317,4.002172469194983
132,Dyna-Q,0.15,500,2500,2.508558627893366,6.263607903500317,3.7550492756069507
132,Dyna-Q,0.15,600,3000,5.209471540757427,6.263607903500317,1.0541363627428897
132,Dyna-Q,0.15,700,3500,5.003642763425812,6.263607903500317,1.259965140074505
132,Dyna-Q,0.15,800,4000,5.405093787945475,6.263607903500317,0.8585141155548417
132,Dyna-Q,0.15,900,4500,5.381265215042795,6.263607903500317,0.8823426884575216
132,Dyna-Q,0.15,1000,5000,5.401808388969113,6.263607903500317,0.8617995145312038
132,Dyna-Q,0.15,1100,5500,5.34649341144572,6.263607903500317,0.9171144920545968
132,Dyna-Q,0.15,1200,6000,5.205805762057597,6.263607903500317,1.0578021414427194
132,Dyna-Q,0.15,1300,6500,2.516842650826875,6.263607903500317,3.7467652526734416
132,Dyna-Q,0.15,1400,7000,-1.5134747858842525,6.263607903500317,7.777082689384569
132,Dyna-Q,0.15,1500,7500,2.185109854798222,6.263607903500317,4.0784980487020945
132,Dyna-Q,0.15,1600,8000,-0.8758686282207478,6.263607903500317,7.139476531721065
132,Dyna-Q,0.15,1700,8500,4.757482940274395,6.263607903500317,1.506124963225922
132,Dyna-Q,0.15,1800,9000,5.333410247829509,6.263607903500317,0.930197655670808
132,Dyna-Q,0.15,1900,9500,4.8164831705721225,6.263607903500317,1.4471247329281942
132,Dyna-Q,0.15,2000,10000,4.431966566310725,6.263607903500317,1.831641337189592
132,Dyna-Q,0.15,2100,10500,0.6868936978837049,6.263607903500317,5.576714205616612
132,Dyna-Q,0.15,2200,11000,1.8312716034190726,6.263607903500317,4.432336300081245
132,Dyna-Q,0.15,2300,11500,5.3214968169476435,6.263607903500317,0.9421110865526732
132,Dyna-Q,0.15,2400,12000,-1.9436224954437094,6.263607903500317,8.207230398944025
132,Dyna-Q,0.15,2500,12500,5.35961169921271,6.263607903500317,0.9039962042876066
132,Dyna-Q,0.15,2600,13000,5.358706758454429,6.263607903500317,0.9049011450458879
132,Dyna-Q,0.15,2700,13500,2.728950828655426,6.263607903500317,3.534657074844891
132,Dyna-Q,0.15,2800,14000,2.619125324259238,6.263607903500317,3.6444825792410787
132,Dyna-Q,0.15,2900,14500,0.22501680000575733,6.263607903500317,6.038591103494559
132,Dyna-Q,0.15,3000,15000,0.4335114521326454,6.263607903500317,5.830096451367671
132,Dyna-Q,0.15,3100,15500,0.24409304329133946,6.263607903500317,6.019514860208977
132,Dyna-Q,0.15,3200,16000,1.7809810987308903,6.263607903500317,4.482626804769426
132,Dyna-Q,0.15,3300,16500,2.18608907861263,6.263607903500317,4.077518824887687
132,Dyna-Q,0.15,3400,17000,5.374390446210762,6.263607903500317,0.889217457289555
132,Dyna-Q,0.15,3500,17500,5.062091688898181,6.263607903500317,1.2015162146021359
132,Dyna-Q,0.15,3600,18000,2.512255231514319,6.263607903500317,3.7513526719859978
132,Dyna-Q,0.15,3700,18500,-1.9999069467069357,6.263607903500317,8.263514850207253
132,Dyna-Q,0.15,3800,19000,2.2212514637074587,6.263607903500317,4.042356439792858
132,Dyna-Q,0.15,3900,19500,0.2849332687954135,6.263607903500317,5.978674634704904
132,Dyna-Q,0.15,4000,20000,2.3977539000766748,6.263607903500317,3.865854003423642
132,Dyna-Q,0.15,4100,20500,-1.9028492963097505,6.263607903500317,8.166457199810067
132,Dyna-Q,0.15,4200,21000,2.3452783913113913,6.263607903500317,3.9183295121889254
132,Dyna-Q,0.15,4300,21500,2.5156586614515786,6.263607903500317,3.747949242048738
132,Dyna-Q,0.15,4400,22000,5.36174389050698,6.263607903500317,0.9018640129933368
132,Dyna-Q,0.15,4500,22500,5.347069777450559,6.263607903500317,0.9165381260497574
132,Dyna-Q,0.15,4600,23000,2.1866120795768644,6.263607903500317,4.076995823923452
132,Dyna-Q,0.15,4700,23500,5.313162125303623,6.263607903500317,0.950445778196694
132,Dyna-Q,0.15,4800,24000,5.333694745561782,6.263607903500317,0.9299131579385351
132,Dyna-Q,0.15,4900,24500,5.405093787945475,6.263607903500317,0.8585141155548417
132,Dyna-Q,0.15,5000,25000,2.1718534688478686,6.263607903500317,4.091754434652448
132,Dyna-Q,0.35,0,0,-2.0000000000000013,6.263607903500317,8.263607903500318
132,Dyna-Q,0.35,100,500,2.103759494617689,6.263607903500317,4.1598484088826275
132,Dyna-Q,0.35,200,1000,4.856404464720793,6.263607903500317,1.4072034387795238
132,Dyna-Q,0.35,300,1500,0.7910857242288244,6.263607903500317,5.472522179271492
132,Dyna-Q,0.35,400,2000,5.147983041156857,6.263607903500317,1.1156248623434601
132,Dyna-Q,0.35,500,2500,1.659702952166148,6.263607903500317,4.603904951334169
132,Dyna-Q,0.35,600,3000,3.5933718328517794,6.263607903500317,2.6702360706485373
132,Dyna-Q,0.35,700,3500,1.368877837928726,6.263607903500317,4.894730065571591
132,Dyna-Q,0.35,800,4000,3.141152820568259,6.263607903500317,3.1224550829320576
132,Dyna-Q,0.35,900,4500,6.256162817535298,6.263607903500317,0.007445085965018805
132,Dyna-Q,0.35,1000,5000,5.742560052254045,6.263607903500317,0.521047851246272
132,Dyna-Q,0.35,1100,5500,6.211806779627448,6.263607903500317,0.051801123872868615
132,Dyna-Q,0.35,1200,6000,6.092529916058376,6.263607903500317,0.17107798744194103
132,Dyna-Q,0.35,1300,6500,-1.844274316959339,6.263607903500317,8.107882220459656
132,Dyna-Q,0.35,1400,7000,2.412186883564788,6.263607903500317,3.8514210199355285
132,Dyna-Q,0.35,1500,7500,-0.5800535519366878,6.263607903500317,6.8436614554370045
132,Dyna-Q,0.35,1600,8000,6.066313290557944,6.263607903500317,0.19729461294237272
132,Dyna-Q,0.35,1700,8500,6.215103524416071,6.263607903500317,0.048504379084246096
132,Dyna-Q,0.35,1800,9000,-1.9270699422126722,6.263607903500317,8.190677845712989
132,Dyna-Q,0.35,1900,9500,5.873092942081729,6.263607903500317,0.3905149614185879
132,Dyna-Q,0.35,2000,10000,6.1831086627684435,6.263607903500317,0.0804992407318732
132,Dyna-Q,0.35,2100,10500,0.9975093545294811,6.263607903500317,5.266098548970835
132,Dyna-Q,0.35,2200,11000,0.9999393991813097,6.263607903500317,5.263668504319007
132,Dyna-Q,0.35,2300,11500,6.193846386018808,6.263607903500317,0.06976151748150894
132,Dyna-Q,0.35,2400,12000,6.193846386018808,6.263607903500317,0.06976151748150894
132,Dyna-Q,0.35,2500,12500,3.0128332880233804,6.263607903500317,3.2507746154769364
132,Dyna-Q,0.35,2600,13000,6.007853002438472,6.263607903500317,0.2557549010618443
132,Dyna-Q,0.35,2700,13500,5.98222644335106,6.263607903500317,0.281381460149257
132,Dyna-Q,0.35,2800,14000,5.73156147374231,6.263607903500317,0.5320464297580063
132,Dyna-Q,0.35,2900,14500,-1.7367558965824423,6.263607903500317,8.00036380008276
132,Dyna-Q,0.35,3000,15000,-0.37824903093343665,6.263607903500317,6.641856934433753
132,Dyna-Q,0.35,3100,15500,5.561189677599948,6.263607903500317,0.7024182259003684
132,Dyna-Q,0.35,3200,16000,-0.8698841901808887,6.263607903500317,7.133492093681205
132,Dyna-Q,0.35,3300,16500,2.905187470581156,6.263607903500317,3.3584204329191607
132,Dyna-Q,0.35,3400,17000,6.018533247753478,6.263607903500317,0.24507465574683884
132,Dyna-Q,0.35,3500,17500,-1.2218927930889139,6.263607903500317,7.485500696589231
132,Dyna-Q,0.35,3600,18000,2.445091063852383,6.263607903500317,3.8185168396479336
132,Dyna-Q,0.35,3700,18500,3.158025857635295,6.263607903500317,3.1055820458650216
132,Dyna-Q,0.35,3800,19000,5.656518618995353,6.263607903500317,0.6070892845049638
132,Dyna-Q,0.35,3900,19500,1.0040592590726032,6.263607903500317,5.2595486444277135
132,Dyna-Q,0.35,4000,20000,2.3725082285632273,6.263607903500317,3.8910996749370894
132,Dyna-Q,0.35,4100,20500,5.502331285814421,6.263607903500317,0.7612766176858958
132,Dyna-Q,0.35,4200,21000,1.8528249252603535,6.263607903500317,4.410782978239963
132,Dyna-Q,0.35,4300,21500,2.9666543959205964,6.263607903500317,3.2969535075797203
132,Dyna-Q,0.35,4400,22000,5.474367814145709,6.263607903500317,0.7892400893546077
132,Dyna-Q,0.35,4500,22500,-1.728002730196562,6.263607903500317,7.991610633696879
132,Dyna-Q,0.35,4600,23000,5.282398448859487,6.263607903500317,0.9812094546408296
132,Dyna-Q,0.35,4700,23500,3.0128332880233804,6.263607903500317,3.2507746154769364
132,Dyna-Q,0.35,4800,24000,5.571699355100438,6.263607903500317,0.691908548399879
132,Dyna-Q,0.35,4900,24500,3.04624282627639,6.263607903500317,3.217365077223927
132,Dyna-Q,0.35,5000,25000,2.8934523402808185,6.263607903500317,3.370155563219498
143,Q-learning,0.0,0,0,-2.0000000000000013,6.263607903500317,8.263607903500318
143,Q-learning,0.0,100,0,-1.3180541112569526,6.263607903500317,7.581662014757269
143,Q-learning,0.0,200,0,-0.5280193834148729,6.263607903500317,6.7916272869151895
143,Q-learning,0.0,300,0,-1.4583613937122362,6.263607903500317,7.721969297212553
143,Q-learning,0.0,400,0,-1.1037726648694532,6.263607903500317,7.36738056836977
143,Q-learning,0.0,500,0,-0.4630873223842579,6.263607903500317,6.7266952258845745
143,Q-learning,0.0,600,0,0.6535201243581461,6.263607903500317,5.61008777914217
143,Q-learning,0.0,700,0,2.2791972155247566,6.263607903500317,3.98441068797556
143,Q-learning,0.0,800,0,6.082006863911625,6.263607903500317,0.181601039588692
143,Q-learning,0.0,900,0,6.082006863911625,6.263607903500317,0.181601039588692
143,Q-learning,0.0,1000,0,6.082006863911625,6.263607903500317,0.181601039588692
143,Q-learning,0.0,1100,0,6.082006863911625,6.263607903500317,0.181601039588692
143,Q-learning,0.0,1200,0,6.082006863911625,6.263607903500317,0.181601039588692
143,Q-learning,0.0,1300,0,6.082006863911625,6.263607903500317,0.181601039588692
143,Q-learning,0.0,1400,0,6.082006863911625,6.263607903500317,0.181601039588692
143,Q-learning,0.0,1500,0,6.082006863911625,6.263607903500317,0.181601039588692
143,Q-learning,0.0,1600,0,6.082006863911625,6.263607903500317,0.181601039588692
143,Q-learning,0.0,1700,0,6.082006863911625,6.263607903500317,0.181601039588692
143,Q-learning,0.0,1800,0,6.082006863911625,6.263607903500317,0.181601039588692
143,Q-learning,0.0,1900,0,6.082006863911625,6.263607903500317,0.181601039588692
143,Q-learning,0.0,2000,0,6.082006863911625,6.263607903500317,0.181601039588692
143,Q-learning,0.0,2100,0,6.082006863911625,6.263607903500317,0.181601039588692
143,Q-learning,0.0,2200,0,6.082006863911625,6.263607903500317,0.181601039588692
143,Q-learning,0.0,2300,0,6.082006863911625,6.263607903500317,0.181601039588692
143,Q-learning,0.0,2400,0,6.082006863911625,6.263607903500317,0.181601039588692
143,Q-learning,0.0,2500,0,6.082006863911625,6.263607903500317,0.181601039588692
143,Q-learning,0.0,2600,0,6.082006863911625,6.263607903500317,0.181601039588692
143,Q-learning,0.0,2700,0,6.082227939684259,6.263607903500317,0.1813799638160578
143,Q-learning,0.0,2800,0,6.082227939684259,6.263607903500317,0.1813799638160578
143,Q-learning,0.0,2900,0,6.082227939684259,6.263607903500317,0.1813799638160578
143,Q-learning,0.0,3000,0,6.082227939684259,6.263607903500317,0.1813799638160578
143,Q-learning,0.0,3100,0,6.082227939684259,6.263607903500317,0.1813799638160578
143,Q-learning,0.0,3200,0,6.082227939684259,6.263607903500317,0.1813799638160578
143,Q-learning,0.0,3300,0,6.082227939684259,6.263607903500317,0.1813799638160578
143,Q-learning,0.0,3400,0,6.082227939684259,6.263607903500317,0.1813799638160578
143,Q-learning,0.0,3500,0,6.082227939684259,6.263607903500317,0.1813799638160578
143,Q-learning,0.0,3600,0,6.082227939684259,6.263607903500317,0.1813799638160578
143,Q-learning,0.0,3700,0,6.082227939684259,6.263607903500317,0.1813799638160578
143,Q-learning,0.0,3800,0,6.082227939684259,6.263607903500317,0.1813799638160578
143,Q-learning,0.0,3900,0,6.082227939684259,6.263607903500317,0.1813799638160578
143,Q-learning,0.0,4000,0,6.082227939684259,6.263607903500317,0.1813799638160578
143,Q-learning,0.0,4100,0,6.082227939684259,6.263607903500317,0.1813799638160578
143,Q-learning,0.0,4200,0,6.082227939684259,6.263607903500317,0.1813799638160578
143,Q-learning,0.0,4300,0,6.082227939684259,6.263607903500317,0.1813799638160578
143,Q-learning,0.0,4400,0,6.082227939684259,6.263607903500317,0.1813799638160578
143,Q-learning,0.0,4500,0,6.082227939684259,6.263607903500317,0.1813799638160578
143,Q-learning,0.0,4600,0,6.082227939684259,6.263607903500317,0.1813799638160578
143,Q-learning,0.0,4700,0,6.082227939684259,6.263607903500317,0.1813799638160578
143,Q-learning,0.0,4800,0,6.082227939684259,6.263607903500317,0.1813799638160578
143,Q-learning,0.0,4900,0,2.975324412018306,6.263607903500317,3.2882834914820105
143,Q-learning,0.0,5000,0,2.6207674997637436,6.263607903500317,3.642840403736573
143,Dyna-Q,0.0,0,0,-2.0000000000000013,6.263607903500317,8.263607903500318
143,Dyna-Q,0.0,100,500,-1.4353467975875855,6.263607903500317,7.698954701087902
143,Dyna-Q,0.0,200,1000,5.081932365668887,6.263607903500317,1.1816755378314294
143,Dyna-Q,0.0,300,1500,6.219176812168862,6.263607903500317,0.04443109133145473
143,Dyna-Q,0.0,400,2000,6.243203409411358,6.263607903500317,0.02040449408895828
143,Dyna-Q,0.0,500,2500,6.229410808541713,6.263607903500317,0.03419709495860346
143,Dyna-Q,0.0,600,3000,6.243203409411358,6.263607903500317,0.02040449408895828
143,Dyna-Q,0.0,700,3500,6.243203409411358,6.263607903500317,0.02040449408895828
143,Dyna-Q,0.0,800,4000,2.993129905640068,6.263607903500317,3.2704779978602487
143,Dyna-Q,0.0,900,4500,3.1278899386981203,6.263607903500317,3.1357179648021964
143,Dyna-Q,0.0,1000,5000,6.229410808541713,6.263607903500317,0.03419709495860346
143,Dyna-Q,0.0,1100,5500,6.229410808541713,6.263607903500317,0.03419709495860346
143,Dyna-Q,0.0,1200,6000,6.229410808541713,6.263607903500317,0.03419709495860346
143,Dyna-Q,0.0,1300,6500,6.229410808541713,6.263607903500317,0.03419709495860346
143,Dyna-Q,0.0,1400,7000,6.229410808541713,6.263607903500317,0.03419709495860346
143,Dyna-Q,0.0,1500,7500,6.229410808541713,6.263607903500317,0.03419709495860346
143,Dyna-Q,0.0,1600,8000,6.229410808541713,6.263607903500317,0.03419709495860346
143,Dyna-Q,0.0,1700,8500,6.229410808541713,6.263607903500317,0.03419709495860346
143,Dyna-Q,0.0,1800,9000,6.229410808541713,6.263607903500317,0.03419709495860346
143,Dyna-Q,0.0,1900,9500,5.9662905546952265,6.263607903500317,0.2973173488050902
143,Dyna-Q,0.0,2000,10000,5.9662905546952265,6.263607903500317,0.2973173488050902
143,Dyna-Q,0.0,2100,10500,2.9881828940695865,6.263607903500317,3.2754250094307302
143,Dyna-Q,0.0,2200,11000,5.551935809675197,6.263607903500317,0.7116720938251193
143,Dyna-Q,0.0,2300,11500,5.551935809675197,6.263607903500317,0.7116720938251193
143,Dyna-Q,0.0,2400,12000,6.229410808541713,6.263607903500317,0.03419709495860346
143,Dyna-Q,0.0,2500,12500,6.229410808541713,6.263607903500317,0.03419709495860346
143,Dyna-Q,0.0,2600,13000,6.19099830458905,6.263607903500317,0.07260959891126628
143,Dyna-Q,0.0,2700,13500,6.19099830458905,6.263607903500317,0.07260959891126628
143,Dyna-Q,0.0,2800,14000,3.1037160190797914,6.263607903500317,3.1598918844205253
143,Dyna-Q,0.0,2900,14500,6.2059144908578645,6.263607903500317,0.0576934126424522
143,Dyna-Q,0.0,3000,15000,6.2059144908578645,6.263607903500317,0.0576934126424522
143,Dyna-Q,0.0,3100,15500,5.947384218166725,6.263607903500317,0.3162236853335916
143,Dyna-Q,0.0,3200,16000,2.8275763273499432,6.263607903500317,3.4360315761503735
143,Dyna-Q,0.0,3300,16500,5.939954782350355,6.263607903500317,0.32365312114996136
143,Dyna-Q,0.0,3400,17000,6.229410808541713,6.263607903500317,0.03419709495860346
143,Dyna-Q,0.0,3500,17500,6.243203409411358,6.263607903500317,0.02040449408895828
143,Dyna-Q,0.0,3600,18000,6.243203409411358,6.263607903500317,0.02040449408895828
143,Dyna-Q,0.0,3700,18500,6.243203409411358,6.263607903500317,0.02040449408895828
143,Dyna-Q,0.0,3800,19000,6.229410808541713,6.263607903500317,0.03419709495860346
143,Dyna-Q,0.0,3900,19500,6.19099830458905,6.263607903500317,0.07260959891126628
143,Dyna-Q,0.0,4000,20000,3.113743438598385,6.263607903500317,3.1498644649019316
143,Dyna-Q,0.0,4100,20500,6.202814750009179,6.263607903500317,0.06079315349113745
143,Dyna-Q,0.0,4200,21000,5.938410129105591,6.263607903500317,0.3251977743947254
143,Dyna-Q,0.0,4300,21500,2.417232242619445,6.263607903500317,3.846375660880872
143,Dyna-Q,0.0,4400,22000,6.19099830458905,6.263607903500317,0.07260959891126628
143,Dyna-Q,0.0,4500,22500,6.19099830458905,6.263607903500317,0.07260959891126628
143,Dyna-Q,0.0,4600,23000,6.17513557093133,6.263607903500317,0.0884723325689869
143,Dyna-Q,0.0,4700,23500,6.17513557093133,6.263607903500317,0.0884723325689869
143,Dyna-Q,0.0,4800,24000,6.212918072125948,6.263607903500317,0.050689831374368666
143,Dyna-Q,0.0,4900,24500,3.396602706240628,6.263607903500317,2.867005197259689
143,Dyna-Q,0.0,5000,25000,6.101179986705829,6.263607903500317,0.16242791679448754
143,Dyna-Q,0.15,0,0,-2.0000000000000013,6.263607903500317,8.263607903500318
143,Dyna-Q,0.15,100,500,-0.815747583302912,6.263607903500317,7.0793554868032285
143,Dyna-Q,0.15,200,1000,-1.313228922256963,6.263607903500317,7.57683682575728
143,Dyna-Q,0.15,300,1500,2.8608213444278916,6.263607903500317,3.402786559072425
143,Dyna-Q,0.15,400,2000,2.836252369079205,6.263607903500317,3.4273555344211117
143,Dyna-Q,0.15,500,2500,5.908601182671657,6.263607903500317,0.35500672082865936
143,Dyna-Q,0.15,600,3000,2.5994570615800976,6.263607903500317,3.664150841920219
143,Dyna-Q,0.15,700,3500,6.164391335914211,6.263607903500317,0.09921656758610542
143,Dyna-Q,0.15,800,4000,5.831850254855613,6.263607903500317,0.43175764864470345
143,Dyna-Q,0.15,900,4500,5.826591992035469,6.263607903500317,0.4370159114648473
143,Dyna-Q,0.15,1000,5000,5.844413397660955,6.263607903500317,0.4191945058393616
143,Dyna-Q,0.15,1100,5500,5.662474060590736,6.263607903500317,0.6011338429095803
143,Dyna-Q,0.15,1200,6000,2.690459607522558,6.263607903500317,3.5731482959777585
143,Dyna-Q,0.15,1300,6500,5.606325453188648,6.263607903500317,0.6572824503116683
143,Dyna-Q,0.15,1400,7000,5.606325453188648,6.263607903500317,0.6572824503116683
143,Dyna-Q,0.15,1500,7500,2.3946946892043095,6.263607903500317,3.868913214296007
143,Dyna-Q,0.15,1600,8000,6.061466354032818,6.263607903500317,0.2021415494674983
143,Dyna-Q,0.15,1700,8500,3.0703085206349687,6.263607903500317,3.193299382865348
143,Dyna-Q,0.15,1800,9000,6.063737622155837,6.263607903500317,0.19987028134447993
143,Dyna-Q,0.15,1900,9500,6.063737622155837,6.263607903500317,0.19987028134447993
143,Dyna-Q,0.15,2000,10000,5.7687461133607245,6.263607903500317,0.4948617901395922
143,Dyna-Q,0.15,2100,10500,6.024404562697403,6.263607903500317,0.23920334080291372
143,Dyna-Q,0.15,2200,11000,6.061859802873454,6.263607903500317,0.20174810062686266
143,Dyna-Q,0.15,2300,11500,6.062532162791046,6.263607903500317,0.20107574070927114
143,Dyna-Q,0.15,2400,12000,6.060809674744723,6.263607903500317,0.2027982287555936
143,Dyna-Q,0.15,2500,12500,-1.28642246868506,6.263607903500317,7.550030372185377
143,Dyna-Q,0.15,2600,13000,2.7082758105856013,6.263607903500317,3.5553320929147154
143,Dyna-Q,0.15,2700,13500,0.9203527365053107,6.263607903500317,5.343255166995006
143,Dyna-Q,0.15,2800,14000,5.766185474183076,6.263607903500317,0.4974224293172407
143,Dyna-Q,0.15,2900,14500,5.663159138361114,6.263607903500317,0.6004487651392028
143,Dyna-Q,0.15,3000,15000,5.9493913933562395,6.263607903500317,0.31421651014407725
143,Dyna-Q,0.15,3100,15500,6.0634561693841205,6.263607903500317,0.20015173411619624
143,Dyna-Q,0.15,3200,16000,6.061466841719947,6.263607903500317,0.2021410617803694
143,Dyna-Q,0.15,3300,16500,0.07335429303492551,6.263607903500317,6.190253610465391
143,Dyna-Q,0.15,3400,17000,5.944477211235632,6.263607903500317,0.31913069226468505
143,Dyna-Q,0.15,3500,17500,2.891992477283871,6.263607903500317,3.3716154262164455
143,Dyna-Q,0.15,3600,18000,2.912186083163332,6.263607903500317,3.3514218203369848
143,Dyna-Q,0.15,3700,18500,6.077862112082445,6.263607903500317,0.1857457914178715
143,Dyna-Q,0.15,3800,19000,6.042583060050935,6.263607903500317,0.22102484344938134
143,Dyna-Q,0.15,3900,19500,2.6032951850201753,6.263607903500317,3.6603127184801414
143,Dyna-Q,0.15,4000,20000,6.040382633001375,6.263607903500317,0.2232252704989417
143,Dyna-Q,0.15,4100,20500,2.962569935970631,6.263607903500317,3.3010379675296857
143,Dyna-Q,0.15,4200,21000,2.7457006466385074,6.263607903500317,3.5179072568618093
143,Dyna-Q,0.15,4300,21500,5.699465165800007,6.263607903500317,0.5641427377003101
143,Dyna-Q,0.15,4400,22000,5.766185474183076,6.263607903500317,0.4974224293172407
143,Dyna-Q,0.15,4500,22500,5.991673639733292,6.263607903500317,0.271934263767025
143,Dyna-Q,0.15,4600,23000,6.0616511183657655,6.263607903500317,0.20195678513455118
143,Dyna-Q,0.15,4700,23500,6.061859802873454,6.263607903500317,0.20174810062686266
143,Dyna-Q,0.15,4800,24000,5.9230862043065375,6.263607903500317,0.34052169919377917
143,Dyna-Q,0.15,4900,24500,3.276361332043011,6.263607903500317,2.9872465714573058
143,Dyna-Q,0.15,5000,25000,6.063656756066966,6.263607903500317,0.1999511474333504
143,Dyna-Q,0.35,0,0,-2.0000000000000013,6.263607903500317,8.263607903500318
143,Dyna-Q,0.35,100,500,-2.409384348903887,6.263607903500317,8.672992252404203
143,Dyna-Q,0.35,200,1000,0.20890110656052638,6.263607903500317,6.05470679693979
143,Dyna-Q,0.35,300,1500,-0.8113381181741515,6.263607903500317,7.074946021674468
143,Dyna-Q,0.35,400,2000,2.9397990324107477,6.263607903500317,3.323808871089569
143,Dyna-Q,0.35,500,2500,5.437181605038461,6.263607903500317,0.8264262984618558
143,Dyna-Q,0.35,600,3000,-1.549629451883756,6.263607903500317,7.813237355384072
143,Dyna-Q,0.35,700,3500,5.867013914191536,6.263607903500317,0.39659398930878087
143,Dyna-Q,0.35,800,4000,1.7925250743481027,6.263607903500317,4.471082829152214
143,Dyna-Q,0.35,900,4500,5.430718870074437,6.263607903500317,0.8328890334258796
143,Dyna-Q,0.35,1000,5000,3.05742262619576,6.263607903500317,3.2061852773045567
143,Dyna-Q,0.35,1100,5500,5.900154817943665,6.263607903500317,0.36345308555665135
143,Dyna-Q,0.35,1200,6000,3.3963444987708327,6.263607903500317,2.867263404729484
143,Dyna-Q,0.35,1300,6500,1.6369435464974735,6.263607903500317,4.626664357002843
143,Dyna-Q,0.35,1400,7000,0.03287799039524358,6.263607903500317,6.2307299131050735
143,Dyna-Q,0.35,1500,7500,2.7572726881949285,6.263607903500317,3.506335215305388
143,Dyna-Q,0.35,1600,8000,0.5962652518165148,6.263607903500317,5.667342651683802
143,Dyna-Q,0.35,1700,8500,5.74698760104302,6.263607903500317,0.5166203024572971
143,Dyna-Q,0.35,1800,9000,3.0171888009092025,6.263607903500317,3.246419102591114
143,Dyna-Q,0.35,1900,9500,6.099259355646086,6.263607903500317,0.1643485478542308
143,Dyna-Q,0.35,2000,10000,6.099259355646086,6.263607903500317,0.1643485478542308
143,Dyna-Q,0.35,2100,10500,2.9375946339931747,6.263607903500317,3.326013269507142
143,Dyna-Q,0.35,2200,11000,3.137617186164074,6.263607903500317,3.1259907173362427
143,Dyna-Q,0.35,2300,11500,3.137617186164074,6.263607903500317,3.1259907173362427
143,Dyna-Q,0.35,2400,12000,3.137617186164074,6.263607903500317,3.1259907173362427
143,Dyna-Q,0.35,2500,12500,6.235281069169724,6.263607903500317,0.02832683433059291
143,Dyna-Q,0.35,2600,13000,6.212548523117145,6.263607903500317,0.05105938038317159
143,Dyna-Q,0.35,2700,13500,2.868881466152712,6.263607903500317,3.3947264373476047
143,Dyna-Q,0.35,2800,14000,3.296890348272364,6.263607903500317,2.9667175552279526
143,Dyna-Q,0.35,2900,14500,6.237175951074367,6.263607903500317,0.026431952425949312
143,Dyna-Q,0.35,3000,15000,2.694102198302121,6.263607903500317,3.5695057051981958
143,Dyna-Q,0.35,3100,15500,6.211806779627448,6.263607903500317,0.051801123872868615
143,Dyna-Q,0.35,3200,16000,6.034261082771481,6.263607903500317,0.2293468207288356
143,Dyna-Q,0.35,3300,16500,5.82096791688841,6.263607903500317,0.4426399866119066
143,Dyna-Q,0.35,3400,17000,6.211806779627448,6.263607903500317,0.051801123872868615
143,Dyna-Q,0.35,3500,17500,2.9679799893180547,6.263607903500317,3.295627914182262
143,Dyna-Q,0.35,3600,18000,2.668872460878191,6.263607903500317,3.5947354426221256
143,Dyna-Q,0.35,3700,18500,5.39286264987933,6.263607903500317,0.8707452536209868
143,Dyna-Q,0.35,3800,19000,0.36867472319388517,6.263607903500317,5.894933180306431
143,Dyna-Q,0.35,3900,19500,5.891128149768364,6.263607903500317,0.37247975373195263
143,Dyna-Q,0.35,4000,20000,0.17280776769007802,6.263607903500317,6.090800135810238
143,Dyna-Q,0.35,4100,20500,2.8233783001979225,6.263607903500317,3.4402296033023942
143,Dyna-Q,0.35,4200,21000,5.538204034198931,6.263607903500317,0.7254038693013856
143,Dyna-Q,0.35,4300,21500,1.1674488163110979,6.263607903500317,5.096159087189219
143,Dyna-Q,0.35,4400,22000,1.3660813688508902,6.263607903500317,4.897526534649426
143,Dyna-Q,0.35,4500,22500,6.163885711541458,6.263607903500317,0.09972219195885845
143,Dyna-Q,0.35,4600,23000,-0.19876143101640353,6.263607903500317,6.46236933451672
143,Dyna-Q,0.35,4700,23500,0.36799000565651435,6.263607903500317,5.8956178978438025
143,Dyna-Q,0.35,4800,24000,1.9920977814387395,6.263607903500317,4.271510122061577
143,Dyna-Q,0.35,4900,24500,1.5529062246753056,6.263607903500317,4.710701678825011
143,Dyna-Q,0.35,5000,25000,2.961326804655805,6.263607903500317,3.302281098844512
154,Q-learning,0.0,0,0,-2.0000000000000013,6.263607903500317,8.263607903500318
154,Q-learning,0.0,100,0,-2.0931308603649446,6.263607903500317,8.35673876386526
154,Q-learning,0.0,200,0,-0.22185892166502894,6.263607903500317,6.485466825165346
154,Q-learning,0.0,300,0,-1.262485088570907,6.263607903500317,7.526092992071224
154,Q-learning,0.0,400,0,0.6484259758584737,6.263607903500317,5.615181927641843
154,Q-learning,0.0,500,0,-0.5665542045120111,6.263607903500317,6.830162108012328
154,Q-learning,0.0,600,0,3.1655933834326593,6.263607903500317,3.0980145200676574
154,Q-learning,0.0,700,0,3.161896733064706,6.263607903500317,3.101711170435611
154,Q-learning,0.0,800,0,6.169121988199561,6.263607903500317,0.09448591530075579
154,Q-learning,0.0,900,0,6.169121988199561,6.263607903500317,0.09448591530075579
154,Q-learning,0.0,1000,0,6.169121988199561,6.263607903500317,0.09448591530075579
154,Q-learning,0.0,1100,0,6.169121988199561,6.263607903500317,0.09448591530075579
154,Q-learning,0.0,1200,0,6.169121988199561,6.263607903500317,0.09448591530075579
154,Q-learning,0.0,1300,0,6.175626641488709,6.263607903500317,0.08798126201160805
154,Q-learning,0.0,1400,0,6.175626641488709,6.263607903500317,0.08798126201160805
154,Q-learning,0.0,1500,0,6.175626641488709,6.263607903500317,0.08798126201160805
154,Q-learning,0.0,1600,0,6.175626641488709,6.263607903500317,0.08798126201160805
154,Q-learning,0.0,1700,0,6.175626641488709,6.263607903500317,0.08798126201160805
154,Q-learning,0.0,1800,0,6.175626641488709,6.263607903500317,0.08798126201160805
154,Q-learning,0.0,1900,0,6.175626641488709,6.263607903500317,0.08798126201160805
154,Q-learning,0.0,2000,0,6.175626641488709,6.263607903500317,0.08798126201160805
154,Q-learning,0.0,2100,0,6.177726855809544,6.263607903500317,0.08588104769077276
154,Q-learning,0.0,2200,0,6.177726855809544,6.263607903500317,0.08588104769077276
154,Q-learning,0.0,2300,0,6.177726855809544,6.263607903500317,0.08588104769077276
154,Q-learning,0.0,2400,0,6.177726855809544,6.263607903500317,0.08588104769077276
154,Q-learning,0.0,2500,0,6.177726855809544,6.263607903500317,0.08588104769077276
154,Q-learning,0.0,2600,0,6.177726855809544,6.263607903500317,0.08588104769077276
154,Q-learning,0.0,2700,0,6.177726855809544,6.263607903500317,0.08588104769077276
154,Q-learning,0.0,2800,0,6.177726855809544,6.263607903500317,0.08588104769077276
154,Q-learning,0.0,2900,0,6.177726855809544,6.263607903500317,0.08588104769077276
154,Q-learning,0.0,3000,0,6.177726855809544,6.263607903500317,0.08588104769077276
154,Q-learning,0.0,3100,0,6.177726855809544,6.263607903500317,0.08588104769077276
154,Q-learning,0.0,3200,0,6.177726855809544,6.263607903500317,0.08588104769077276
154,Q-learning,0.0,3300,0,6.177726855809544,6.263607903500317,0.08588104769077276
154,Q-learning,0.0,3400,0,6.177726855809544,6.263607903500317,0.08588104769077276
154,Q-learning,0.0,3500,0,6.177726855809544,6.263607903500317,0.08588104769077276
154,Q-learning,0.0,3600,0,6.177726855809544,6.263607903500317,0.08588104769077276
154,Q-learning,0.0,3700,0,6.177726855809544,6.263607903500317,0.08588104769077276
154,Q-learning,0.0,3800,0,6.177726855809544,6.263607903500317,0.08588104769077276
154,Q-learning,0.0,3900,0,6.177726855809544,6.263607903500317,0.08588104769077276
154,Q-learning,0.0,4000,0,6.177726855809544,6.263607903500317,0.08588104769077276
154,Q-learning,0.0,4100,0,6.177726855809544,6.263607903500317,0.08588104769077276
154,Q-learning,0.0,4200,0,6.177726855809544,6.263607903500317,0.08588104769077276
154,Q-learning,0.0,4300,0,6.177726855809544,6.263607903500317,0.08588104769077276
154,Q-learning,0.0,4400,0,6.177726855809544,6.263607903500317,0.08588104769077276
154,Q-learning,0.0,4500,0,6.177726855809544,6.263607903500317,0.08588104769077276
154,Q-learning,0.0,4600,0,6.177726855809544,6.263607903500317,0.08588104769077276
154,Q-learning,0.0,4700,0,3.1643587342654587,6.263607903500317,3.099249169234858
154,Q-learning,0.0,4800,0,6.177726855809544,6.263607903500317,0.08588104769077276
154,Q-learning,0.0,4900,0,6.177726855809544,6.263607903500317,0.08588104769077276
154,Q-learning,0.0,5000,0,6.177726855809544,6.263607903500317,0.08588104769077276
154,Dyna-Q,0.0,0,0,-2.0000000000000013,6.263607903500317,8.263607903500318
154,Dyna-Q,0.0,100,500,2.77194434848354,6.263607903500317,3.4916635550167765
154,Dyna-Q,0.0,200,1000,6.2138930516152,6.263607903500317,0.04971485188511693
154,Dyna-Q,0.0,300,1500,5.993662631944226,6.263607903500317,0.2699452715560904
154,Dyna-Q,0.0,400,2000,6.0013962667618355,6.263607903500317,0.26221163673848125
154,Dyna-Q,0.0,500,2500,2.899267653407812,6.263607903500317,3.364340250092505
154,Dyna-Q,0.0,600,3000,6.250616328840213,6.263607903500317,0.012991574660103922
154,Dyna-Q,0.0,700,3500,6.250616328840213,6.263607903500317,0.012991574660103922
154,Dyna-Q,0.0,800,4000,6.250616328840213,6.263607903500317,0.012991574660103922
154,Dyna-Q,0.0,900,4500,6.243203409411358,6.263607903500317,0.02040449408895828
154,Dyna-Q,0.0,1000,5000,6.243203409411358,6.263607903500317,0.02040449408895828
154,Dyna-Q,0.0,1100,5500,6.243203409411358,6.263607903500317,0.02040449408895828
154,Dyna-Q,0.0,1200,6000,6.212918072125948,6.263607903500317,0.050689831374368666
154,Dyna-Q,0.0,1300,6500,6.176043293705769,6.263607903500317,0.08756460979454772
154,Dyna-Q,0.0,1400,7000,6.175626641488709,6.263607903500317,0.08798126201160805
154,Dyna-Q,0.0,1500,7500,3.5926812178737944,6.263607903500317,2.6709266856265224
154,Dyna-Q,0.0,1600,8000,6.073234981515036,6.263607903500317,0.190372921985281
154,Dyna-Q,0.0,1700,8500,6.222586863809811,6.263607903500317,0.041021039690505745
154,Dyna-Q,0.0,1800,9000,6.222586863809811,6.263607903500317,0.041021039690505745
154,Dyna-Q,0.0,1900,9500,3.3412801797127023,6.263607903500317,2.9223277237876144
154,Dyna-Q,0.0,2000,10000,6.211806779627448,6.263607903500317,0.051801123872868615
154,Dyna-Q,0.0,2100,10500,6.103476481273137,6.263607903500317,0.16013142222718013
154,Dyna-Q,0.0,2200,11000,6.103476481273137,6.263607903500317,0.16013142222718013
154,Dyna-Q,0.0,2300,11500,6.221729430851686,6.263607903500317,0.04187847264863098
154,Dyna-Q,0.0,2400,12000,6.221729430851686,6.263607903500317,0.04187847264863098
154,Dyna-Q,0.0,2500,12500,5.743150645918909,6.263607903500317,0.5204572575814082
154,Dyna-Q,0.0,2600,13000,-0.9027841510133177,6.263607903500317,7.166392054513635
154,Dyna-Q,0.0,2700,13500,-1.4942983970005383,6.263607903500317,7.757906300500855
154,Dyna-Q,0.0,2800,14000,-2.35645864298203,6.263607903500317,8.620066546482347
154,Dyna-Q,0.0,2900,14500,0.8335061953726992,6.263607903500317,5.4301017081276175
154,Dyna-Q,0.0,3000,15000,3.2197203682602344,6.263607903500317,3.0438875352400823
154,Dyna-Q,0.0,3100,15500,5.518503928132571,6.263607903500317,0.745103975367746
154,Dyna-Q,0.0,3200,16000,-1.8954432582205933,6.263607903500317,8.15905116172091
154,Dyna-Q,0.0,3300,16500,1.1733633418819975,6.263607903500317,5.090244561618319
154,Dyna-Q,0.0,3400,17000,6.222586863809811,6.263607903500317,0.041021039690505745
154,Dyna-Q,0.0,3500,17500,6.222586863809811,6.263607903500317,0.041021039690505745
154,Dyna-Q,0.0,3600,18000,-2.6337171683092384,6.263607903500317,8.897325071809554
154,Dyna-Q,0.0,3700,18500,4.9022075422491875,6.263607903500317,1.3614003612511292
154,Dyna-Q,0.0,3800,19000,6.211806779627448,6.263607903500317,0.051801123872868615
154,Dyna-Q,0.0,3900,19500,3.2197203682602344,6.263607903500317,3.0438875352400823
154,Dyna-Q,0.0,4000,20000,6.222586863809811,6.263607903500317,0.041021039690505745
154,Dyna-Q,0.0,4100,20500,-2.849590518506376,6.263607903500317,9.113198422006693
154,Dyna-Q,0.0,4200,21000,-2.055180746426907,6.263607903500317,8.318788649927225
154,Dyna-Q,0.0,4300,21500,-2.519095374488582,6.263607903500317,8.7827032779889
154,Dyna-Q,0.0,4400,22000,-2.462672143495524,6.263607903500317,8.726280046995841
154,Dyna-Q,0.0,4500,22500,-0.27751112001077166,6.263607903500317,6.541119023511088
154,Dyna-Q,0.0,4600,23000,2.9418192149523352,6.263607903500317,3.3217886885479815
154,Dyna-Q,0.0,4700,23500,6.0013962667618355,6.263607903500317,0.26221163673848125
154,Dyna-Q,0.0,4800,24000,6.2213949688312935,6.263607903500317,0.042212934669023205
154,Dyna-Q,0.0,4900,24500,6.211806779627448,6.263607903500317,0.051801123872868615
154,Dyna-Q,0.0,5000,25000,6.211806779627448,6.263607903500317,0.051801123872868615
154,Dyna-Q,0.15,0,0,-2.0000000000000013,6.263607903500317,8.263607903500318
154,Dyna-Q,0.15,100,500,-0.538725484054835,6.263607903500317,6.8023333875551515
154,Dyna-Q,0.15,200,1000,2.2902868134125822,6.263607903500317,3.9733210900877345
154,Dyna-Q,0.15,300,1500,2.405380918286898,6.263607903500317,3.8582269852134186
154,Dyna-Q,0.15,400,2000,5.28768123654839,6.263607903500317,0.9759266669519269
154,Dyna-Q,0.15,500,2500,5.548433927621844,6.263607903500317,0.7151739758784723
154,Dyna-Q,0.15,600,3000,5.544195767033155,6.263607903500317,0.7194121364671613
154,Dyna-Q,0.15,700,3500,5.691808285343068,6.263607903500317,0.5717996181572484
154,Dyna-Q,0.15,800,4000,5.9535309475387574,6.263607903500317,0.31007695596155926
154,Dyna-Q,0.15,900,4500,5.974099544311741,6.263607903500317,0.2895083591885754
154,Dyna-Q,0.15,1000,5000,5.903172802125964,6.263607903500317,0.3604351013743523
154,Dyna-Q,0.15,1100,5500,5.974099544311741,6.263607903500317,0.2895083591885754
154,Dyna-Q,0.15,1200,6000,6.191746974574256,6.263607903500317,0.07186092892606055
154,Dyna-Q,0.15,1300,6500,6.237175951074367,6.263607903500317,0.026431952425949312
154,Dyna-Q,0.15,1400,7000,6.237175951074367,6.263607903500317,0.026431952425949312
154,Dyna-Q,0.15,1500,7500,6.237175951074367,6.263607903500317,0.026431952425949312
154,Dyna-Q,0.15,1600,8000,2.2828452443522953,6.263607903500317,3.9807626591480214
154,Dyna-Q,0.15,1700,8500,3.0372922341765873,6.263607903500317,3.2263156693237294
154,Dyna-Q,0.15,1800,9000,5.658030046965146,6.263607903500317,0.605577856535171
154,Dyna-Q,0.15,1900,9500,5.50387233890997,6.263607903500317,0.759735564590347
154,Dyna-Q,0.15,2000,10000,5.647424104171733,6.263607903500317,0.6161837993285841
154,Dyna-Q,0.15,2100,10500,6.263607903500317,6.263607903500317,0.0
154,Dyna-Q,0.15,2200,11000,5.743996973263125,6.263607903500317,0.5196109302371914
154,Dyna-Q,0.15,2300,11500,5.743996973263125,6.263607903500317,0.5196109302371914
154,Dyna-Q,0.15,2400,12000,5.502331285814421,6.263607903500317,0.7612766176858958
154,Dyna-Q,0.15,2500,12500,2.9982991956470886,6.263607903500317,3.265308707853228
154,Dyna-Q,0.15,2600,13000,6.256162817535298,6.263607903500317,0.007445085965018805
154,Dyna-Q,0.15,2700,13500,6.01519846379977,6.263607903500317,0.24840943970054674
154,Dyna-Q,0.15,2800,14000,5.743996973263125,6.263607903500317,0.5196109302371914
154,Dyna-Q,0.15,2900,14500,5.743996973263125,6.263607903500317,0.5196109302371914
154,Dyna-Q,0.15,3000,15000,6.019423886843977,6.263607903500317,0.24418401665634004
154,Dyna-Q,0.15,3100,15500,6.0752232776437936,6.263607903500317,0.18838462585652316
154,Dyna-Q,0.15,3200,16000,6.091148621017362,6.263607903500317,0.17245928248295428
154,Dyna-Q,0.15,3300,16500,2.8634512307852606,6.263607903500317,3.400156672715056
154,Dyna-Q,0.15,3400,17000,5.135532248862681,6.263607903500317,1.1280756546376356
154,Dyna-Q,0.15,3500,17500,6.05668049545059,6.263607903500317,0.20692740804972676
154,Dyna-Q,0.15,3600,18000,6.082728641267732,6.263607903500317,0.180879262232585
154,Dyna-Q,0.15,3700,18500,5.95425188196319,6.263607903500317,0.30935602153712694
154,Dyna-Q,0.15,3800,19000,1.0658933831582578,6.263607903500317,5.197714520342059
154,Dyna-Q,0.15,3900,19500,5.604632205358192,6.263607903500317,0.6589756981421244
154,Dyna-Q,0.15,4000,20000,6.001864674341624,6.263607903500317,0.26174322915869297
154,Dyna-Q,0.15,4100,20500,5.964345175490918,6.263607903500317,0.2992627280093991
154,Dyna-Q,0.15,4200,21000,5.964345175490918,6.263607903500317,0.2992627280093991
154,Dyna-Q,0.15,4300,21500,6.205013768553916,6.263607903500317,0.05859413494640098
154,Dyna-Q,0.15,4400,22000,6.206546556333086,6.263607903500317,0.05706134716723099
154,Dyna-Q,0.15,4500,22500,6.2254116253703256,6.263607903500317,0.03819627812999116
154,Dyna-Q,0.15,4600,23000,6.231539167543261,6.263607903500317,0.03206873595705595
154,Dyna-Q,0.15,4700,23500,6.231539167543261,6.263607903500317,0.03206873595705595
154,Dyna-Q,0.15,4800,24000,5.697414519685433,6.263607903500317,0.566193383814884
154,Dyna-Q,0.15,4900,24500,3.16152790592798,6.263607903500317,3.1020799975723365
154,Dyna-Q,0.15,5000,25000,6.256162817535298,6.263607903500317,0.007445085965018805
154,Dyna-Q,0.35,0,0,-2.0000000000000013,6.263607903500317,8.263607903500318
154,Dyna-Q,0.35,100,500,-0.8103749763439911,6.263607903500317,7.073982879844308
154,Dyna-Q,0.35,200,1000,1.633573051870318,6.263607903500317,4.630034851629999
154,Dyna-Q,0.35,300,1500,2.445802790428602,6.263607903500317,3.8178051130717146
154,Dyna-Q,0.35,400,2000,5.168077366147534,6.263607903500317,1.0955305373527828
154,Dyna-Q,0.35,500,2500,5.315622272728242,6.263607903500317,0.9479856307720746
154,Dyna-Q,0.35,600,3000,-1.736057596557831,6.263607903500317,7.999665500058148
154,Dyna-Q,0.35,700,3500,-0.45885355537423944,6.263607903500317,6.722461458874556
154,Dyna-Q,0.35,800,4000,2.36864477054083,6.263607903500317,3.8949631329594867
154,Dyna-Q,0.35,900,4500,5.70020276509529,6.263607903500317,0.5634051384050265
154,Dyna-Q,0.35,1000,5000,5.832325473762337,6.263607903500317,0.4312824297379798
154,Dyna-Q,0.35,1100,5500,6.142388391376374,6.263607903500317,0.12121951212394233
154,Dyna-Q,0.35,1200,6000,6.150799983092067,6.263607903500317,0.11280792040824927
154,Dyna-Q,0.35,1300,6500,4.789523634626911,6.263607903500317,1.4740842688734057
154,Dyna-Q,0.35,1400,7000,5.7491734275012405,6.263607903500317,0.5144344759990762
154,Dyna-Q,0.35,1500,7500,6.115389137765407,6.263607903500317,0.1482187657349101
154,Dyna-Q,0.35,1600,8000,2.934225650232852,6.263607903500317,3.3293822532674646
154,Dyna-Q,0.35,1700,8500,5.835288660469107,6.263607903500317,0.4283192430312095
154,Dyna-Q,0.35,1800,9000,2.531506266296738,6.263607903500317,3.732101637203579
154,Dyna-Q,0.35,1900,9500,5.847048957076149,6.263607903500317,0.4165589464241677
154,Dyna-Q,0.35,2000,10000,-2.0000000000000013,6.263607903500317,8.263607903500318
154,Dyna-Q,0.35,2100,10500,5.834556743777004,6.263607903500317,0.4290511597233131
154,Dyna-Q,0.35,2200,11000,5.834946904959495,6.263607903500317,0.4286609985408214
154,Dyna-Q,0.35,2300,11500,0.8094803914520002,6.263607903500317,5.454127512048316
154,Dyna-Q,0.35,2400,12000,-1.9226889795408804,6.263607903500317,8.186296883041198
154,Dyna-Q,0.35,2500,12500,2.9607511956569237,6.263607903500317,3.302856707843393
154,Dyna-Q,0.35,2600,13000,6.172149398861677,6.263607903500317,0.09145850463863958
154,Dyna-Q,0.35,2700,13500,4.723942085002463,6.263607903500317,1.5396658184978538
154,Dyna-Q,0.35,2800,14000,5.062471074826163,6.263607903500317,1.2011368286741533
154,Dyna-Q,0.35,2900,14500,6.146593173444725,6.263607903500317,0.11701473005559215
154,Dyna-Q,0.35,3000,15000,2.9348835074875965,6.263607903500317,3.32872439601272
154,Dyna-Q,0.35,3100,15500,6.129706864312528,6.263607903500317,0.13390103918778884
154,Dyna-Q,0.35,3200,16000,5.6851143968727404,6.263607903500317,0.5784935066275763
154,Dyna-Q,0.35,3300,16500,0.4960875867971698,6.263607903500317,5.767520316703147
154,Dyna-Q,0.35,3400,17000,2.8549272611747685,6.263607903500317,3.4086806423255482
154,Dyna-Q,0.35,3500,17500,6.046752637250373,6.263607903500317,0.21685526624994367
154,Dyna-Q,0.35,3600,18000,-2.0001252122390945,6.263607903500317,8.263733115739411
154,Dyna-Q,0.35,3700,18500,5.047999614589734,6.263607903500317,1.215608288910583
154,Dyna-Q,0.35,3800,19000,5.920409653841515,6.263607903500317,0.3431982496588013
154,Dyna-Q,0.35,3900,19500,2.422305328919997,6.263607903500317,3.8413025745803195
154,Dyna-Q,0.35,4000,20000,5.769971711398155,6.263607903500317,0.49363619210216214
154,Dyna-Q,0.35,4100,20500,2.890240615452989,6.263607903500317,3.3733672880473278
154,Dyna-Q,0.35,4200,21000,0.4139544727771542,6.263607903500317,5.849653430723163
154,Dyna-Q,0.35,4300,21500,2.7943417969722355,6.263607903500317,3.469266106528081
154,Dyna-Q,0.35,4400,22000,2.996225293382996,6.263607903500317,3.2673826101173207
154,Dyna-Q,0.35,4500,22500,5.955535255389857,6.263607903500317,0.30807264811045965
154,Dyna-Q,0.35,4600,23000,5.598985342692386,6.263607903500317,0.6646225608079304
154,Dyna-Q,0.35,4700,23500,5.932625922595315,6.263607903500317,0.3309819809050021
154,Dyna-Q,0.35,4800,24000,5.102722755606042,6.263607903500317,1.160885147894275
154,Dyna-Q,0.35,4900,24500,5.694233509717724,6.263607903500317,0.569374393782593
154,Dyna-Q,0.35,5000,25000,3.2351950147626547,6.263607903500317,3.028412888737662
165,Q-learning,0.0,0,0,-2.0000000000000013,6.263607903500317,8.263607903500318
165,Q-learning,0.0,100,0,-1.5289625370271975,6.263607903500317,7.7925704405275145
165,Q-learning,0.0,200,0,-1.6425308645392511,6.263607903500317,7.906138768039568
165,Q-learning,0.0,300,0,-2.0000000000000013,6.263607903500317,8.263607903500318
165,Q-learning,0.0,400,0,-0.37824903093343676,6.263607903500317,6.641856934433753
165,Q-learning,0.0,500,0,3.12606747225564,6.263607903500317,3.137540431244677
165,Q-learning,0.0,600,0,3.041773225884187,6.263607903500317,3.2218346776161297
165,Q-learning,0.0,700,0,3.041773225884187,6.263607903500317,3.2218346776161297
165,Q-learning,0.0,800,0,3.041773225884187,6.263607903500317,3.2218346776161297
165,Q-learning,0.0,900,0,6.011191132014194,6.263607903500317,0.2524167714861223
165,Q-learning,0.0,1000,0,6.263607903500317,6.263607903500317,0.0
165,Q-learning,0.0,1100,0,6.263607903500317,6.263607903500317,0.0
165,Q-learning,0.0,1200,0,6.263607903500317,6.263607903500317,0.0
165,Q-learning,0.0,1300,0,6.263607903500317,6.263607903500317,0.0
165,Q-learning,0.0,1400,0,6.263607903500317,6.263607903500317,0.0
165,Q-learning,0.0,1500,0,6.263607903500317,6.263607903500317,0.0
165,Q-learning,0.0,1600,0,6.263607903500317,6.263607903500317,0.0
165,Q-learning,0.0,1700,0,6.263607903500317,6.263607903500317,0.0
165,Q-learning,0.0,1800,0,6.250452087681184,6.263607903500317,0.0131558158191325
165,Q-learning,0.0,1900,0,6.250452087681184,6.263607903500317,0.0131558158191325
165,Q-learning,0.0,2000,0,6.250452087681184,6.263607903500317,0.0131558158191325
165,Q-learning,0.0,2100,0,6.250452087681184,6.263607903500317,0.0131558158191325
165,Q-learning,0.0,2200,0,6.250452087681184,6.263607903500317,0.0131558158191325
165,Q-learning,0.0,2300,0,6.250452087681184,6.263607903500317,0.0131558158191325
165,Q-learning,0.0,2400,0,6.250452087681184,6.263607903500317,0.0131558158191325
165,Q-learning,0.0,2500,0,6.250452087681184,6.263607903500317,0.0131558158191325
165,Q-learning,0.0,2600,0,6.250452087681184,6.263607903500317,0.0131558158191325
165,Q-learning,0.0,2700,0,6.250452087681184,6.263607903500317,0.0131558158191325
165,Q-learning,0.0,2800,0,6.250452087681184,6.263607903500317,0.0131558158191325
165,Q-learning,0.0,2900,0,6.250452087681184,6.263607903500317,0.0131558158191325
165,Q-learning,0.0,3000,0,6.250452087681184,6.263607903500317,0.0131558158191325
165,Q-learning,0.0,3100,0,6.250452087681184,6.263607903500317,0.0131558158191325
165,Q-learning,0.0,3200,0,6.250452087681184,6.263607903500317,0.0131558158191325
165,Q-learning,0.0,3300,0,6.250452087681184,6.263607903500317,0.0131558158191325
165,Q-learning,0.0,3400,0,6.250452087681184,6.263607903500317,0.0131558158191325
165,Q-learning,0.0,3500,0,6.250452087681184,6.263607903500317,0.0131558158191325
165,Q-learning,0.0,3600,0,6.250452087681184,6.263607903500317,0.0131558158191325
165,Q-learning,0.0,3700,0,6.250452087681184,6.263607903500317,0.0131558158191325
165,Q-learning,0.0,3800,0,6.250452087681184,6.263607903500317,0.0131558158191325
165,Q-learning,0.0,3900,0,6.250452087681184,6.263607903500317,0.0131558158191325
165,Q-learning,0.0,4000,0,6.250452087681184,6.263607903500317,0.0131558158191325
165,Q-learning,0.0,4100,0,6.250452087681184,6.263607903500317,0.0131558158191325
165,Q-learning,0.0,4200,0,6.250452087681184,6.263607903500317,0.0131558158191325
165,Q-learning,0.0,4300,0,6.250452087681184,6.263607903500317,0.0131558158191325
165,Q-learning,0.0,4400,0,6.250452087681184,6.263607903500317,0.0131558158191325
165,Q-learning,0.0,4500,0,6.250452087681184,6.263607903500317,0.0131558158191325
165,Q-learning,0.0,4600,0,6.250452087681184,6.263607903500317,0.0131558158191325
165,Q-learning,0.0,4700,0,6.250452087681184,6.263607903500317,0.0131558158191325
165,Q-learning,0.0,4800,0,6.250452087681184,6.263607903500317,0.0131558158191325
165,Q-learning,0.0,4900,0,6.250452087681184,6.263607903500317,0.0131558158191325
165,Q-learning,0.0,5000,0,6.250452087681184,6.263607903500317,0.0131558158191325
165,Dyna-Q,0.0,0,0,-2.0000000000000013,6.263607903500317,8.263607903500318
165,Dyna-Q,0.0,100,500,-0.9295608725096121,6.263607903500317,7.193168776009928
165,Dyna-Q,0.0,200,1000,2.9713105091464462,6.263607903500317,3.2922973943538705
165,Dyna-Q,0.0,300,1500,0.24335547954117062,6.263607903500317,6.020252423959146
165,Dyna-Q,0.0,400,2000,5.845377804622635,6.263607903500317,0.4182300988776815
165,Dyna-Q,0.0,500,2500,5.904463651076222,6.263607903500317,0.35914425242409465
165,Dyna-Q,0.0,600,3000,5.929329263962729,6.263607903500317,0.33427863953758763
165,Dyna-Q,0.0,700,3500,5.993662631944226,6.263607903500317,0.2699452715560904
165,Dyna-Q,0.0,800,4000,3.113743438598385,6.263607903500317,3.1498644649019316
165,Dyna-Q,0.0,900,4500,6.243203409411358,6.263607903500317,0.02040449408895828
165,Dyna-Q,0.0,1000,5000,5.993662631944226,6.263607903500317,0.2699452715560904
165,Dyna-Q,0.0,1100,5500,6.243203409411358,6.263607903500317,0.02040449408895828
165,Dyna-Q,0.0,1200,6000,6.243203409411358,6.263607903500317,0.02040449408895828
165,Dyna-Q,0.0,1300,6500,6.243203409411358,6.263607903500317,0.02040449408895828
165,Dyna-Q,0.0,1400,7000,6.243203409411358,6.263607903500317,0.02040449408895828
165,Dyna-Q,0.0,1500,7500,3.1254493682912905,6.263607903500317,3.138158535209026
165,Dyna-Q,0.0,1600,8000,6.1631904744615245,6.263607903500317,0.10041742903879225
165,Dyna-Q,0.0,1700,8500,-0.8074401177095045,6.263607903500317,7.071048021209821
165,Dyna-Q,0.0,1800,9000,-5.318999560087729,6.263607903500317,11.582607463588046
165,Dyna-Q,0.0,1900,9500,3.6741092517493184,6.263607903500317,2.5894986517509984
165,Dyna-Q,0.0,2000,10000,3.1568986069214575,6.263607903500317,3.106709296578859
165,Dyna-Q,0.0,2100,10500,2.9819691940708806,6.263607903500317,3.281638709429436
165,Dyna-Q,0.0,2200,11000,6.212918072125948,6.263607903500317,0.050689831374368666
165,Dyna-Q,0.0,2300,11500,6.212918072125948,6.263607903500317,0.050689831374368666
165,Dyna-Q,0.0,2400,12000,6.212918072125948,6.263607903500317,0.050689831374368666
165,Dyna-Q,0.0,2500,12500,6.212918072125948,6.263607903500317,0.050689831374368666
165,Dyna-Q,0.0,2600,13000,2.9819691940708806,6.263607903500317,3.281638709429436
165,Dyna-Q,0.0,2700,13500,6.212918072125948,6.263607903500317,0.050689831374368666
165,Dyna-Q,0.0,2800,14000,6.212918072125948,6.263607903500317,0.050689831374368666
165,Dyna-Q,0.0,2900,14500,5.993662631944226,6.263607903500317,0.2699452715560904
165,Dyna-Q,0.0,3000,15000,6.243203409411358,6.263607903500317,0.02040449408895828
165,Dyna-Q,0.0,3100,15500,3.1278899386981203,6.263607903500317,3.1357179648021964
165,Dyna-Q,0.0,3200,16000,6.073173492206565,6.263607903500317,0.19043441129375172
165,Dyna-Q,0.0,3300,16500,6.176043293705769,6.263607903500317,0.08756460979454772
165,Dyna-Q,0.0,3400,17000,6.172262101086541,6.263607903500317,0.09134580241377588
165,Dyna-Q,0.0,3500,17500,6.184248222432384,6.263607903500317,0.0793596810679329
165,Dyna-Q,0.0,3600,18000,3.1922227487925734,6.263607903500317,3.0713851547077433
165,Dyna-Q,0.0,3700,18500,6.049956134632452,6.263607903500317,0.21365176886786497
165,Dyna-Q,0.0,3800,19000,6.211806779627448,6.263607903500317,0.051801123872868615
165,Dyna-Q,0.0,3900,19500,6.237175951074367,6.263607903500317,0.026431952425949312
165,Dyna-Q,0.0,4000,20000,6.236248081251397,6.263607903500317,0.027359822248919308
165,Dyna-Q,0.0,4100,20500,6.236571160055866,6.263607903500317,0.027036743444450728
165,Dyna-Q,0.0,4200,21000,0.43050937720536664,6.263607903500317,5.83309852629495
165,Dyna-Q,0.0,4300,21500,6.086430549006373,6.263607903500317,0.1771773544939439
165,Dyna-Q,0.0,4400,22000,3.14840272291517,6.263607903500317,3.115205180585147
165,Dyna-Q,0.0,4500,22500,6.045176446333023,6.263607903500317,0.21843145716729406
165,Dyna-Q,0.0,4600,23000,6.017140304696466,6.263607903500317,0.24646759880385094
165,Dyna-Q,0.0,4700,23500,6.07430355861306,6.263607903500317,0.18930434488725645
165,Dyna-Q,0.0,4800,24000,6.07430355861306,6.263607903500317,0.18930434488725645
165,Dyna-Q,0.0,4900,24500,6.07430355861306,6.263607903500317,0.18930434488725645
165,Dyna-Q,0.0,5000,25000,6.086430549006373,6.263607903500317,0.1771773544939439
165,Dyna-Q,0.15,0,0,-2.0000000000000013,6.263607903500317,8.263607903500318
165,Dyna-Q,0.15,100,500,-1.9279045715156942,6.263607903500317,8.191512475016012
165,Dyna-Q,0.15,200,1000,5.928996324553447,6.263607903500317,0.33461157894686977
165,Dyna-Q,0.15,300,1500,6.150463597037143,6.263607903500317,0.11314430646317408
165,Dyna-Q,0.15,400,2000,5.8979080562425645,6.263607903500317,0.3656998472577522
165,Dyna-Q,0.15,500,2500,5.696363946963102,6.263607903500317,0.5672439565372143
165,Dyna-Q,0.15,600,3000,5.8745453407047385,6.263607903500317,0.38906256279557816
165,Dyna-Q,0.15,700,3500,5.8745453407047385,6.263607903500317,0.38906256279557816
165,Dyna-Q,0.15,800,4000,5.861180180053418,6.263607903500317,0.40242772344689914
165,Dyna-Q,0.15,900,4500,6.1573465614232115,6.263607903500317,0.10626134207710525
165,Dyna-Q,0.15,1000,5000,5.877518813955758,6.263607903500317,0.38608908954455856
165,Dyna-Q,0.15,1100,5500,2.9211009627271447,6.263607903500317,3.342506940773172
165,Dyna-Q,0.15,1200,6000,5.910093824285379,6.263607903500317,0.3535140792149374
165,Dyna-Q,0.15,1300,6500,4.972080048993558,6.263607903500317,1.291527854506759
165,Dyna-Q,0.15,1400,7000,5.910093824285379,6.263607903500317,0.3535140792149374
165,Dyna-Q,0.15,1500,7500,1.0510970339348362,6.263607903500317,5.212510869565481
165,Dyna-Q,0.15,1600,8000,5.511210453262324,6.263607903500317,0.7523974502379929
165,Dyna-Q,0.15,1700,8500,5.065511067322346,6.263607903500317,1.198096836177971
165,Dyna-Q,0.15,1800,9000,3.0437412034625724,6.263607903500317,3.2198667000377443
165,Dyna-Q,0.15,1900,9500,1.0384772653664527,6.263607903500317,5.225130638133864
165,Dyna-Q,0.15,2000,10000,0.03420539844584324,6.263607903500317,6.229402505054473
165,Dyna-Q,0.15,2100,10500,5.929250817986956,6.263607903500317,0.33435708551336063
165,Dyna-Q,0.15,2200,11000,6.263607903500317,6.263607903500317,0.0
165,Dyna-Q,0.15,2300,11500,6.237175951074367,6.263607903500317,0.026431952425949312
165,Dyna-Q,0.15,2400,12000,6.256162817535298,6.263607903500317,0.007445085965018805
165,Dyna-Q,0.15,2500,12500,5.758139751187096,6.263607903500317,0.5054681523132203
165,Dyna-Q,0.15,2600,13000,5.8004777806893495,6.263607903500317,0.4631301228109672
165,Dyna-Q,0.15,2700,13500,2.911205193110418,6.263607903500317,3.3524027103898986
165,Dyna-Q,0.15,2800,14000,5.467840542351806,6.263607903500317,0.7957673611485108
165,Dyna-Q,0.15,2900,14500,6.109166337497453,6.263607903500317,0.15444156600286352
165,Dyna-Q,0.15,3000,15000,5.603556588476736,6.263607903500317,0.6600513150235807
165,Dyna-Q,0.15,3100,15500,2.8382153217769823,6.263607903500317,3.4253925817233344
165,Dyna-Q,0.15,3200,16000,6.215921874144585,6.263607903500317,0.04768602935573174
165,Dyna-Q,0.15,3300,16500,3.0049437180818526,6.263607903500317,3.258664185418464
165,Dyna-Q,0.15,3400,17000,6.21521387773966,6.263607903500317,0.04839402576065677
165,Dyna-Q,0.15,3500,17500,3.1487978317653527,6.263607903500317,3.114810071734964
165,Dyna-Q,0.15,3600,18000,6.2086452259056495,6.263607903500317,0.05496267759466722
165,Dyna-Q,0.15,3700,18500,6.206971636180801,6.263607903500317,0.05663626731951599
165,Dyna-Q,0.15,3800,19000,6.252698803146877,6.263607903500317,0.01090910035344006
165,Dyna-Q,0.15,3900,19500,6.003878015889222,6.263607903500317,0.25972988761109495
165,Dyna-Q,0.15,4000,20000,2.779886544369521,6.263607903500317,3.483721359130796
165,Dyna-Q,0.15,4100,20500,6.208398301384701,6.263607903500317,0.05520960211561565
165,Dyna-Q,0.15,4200,21000,6.235281069169724,6.263607903500317,0.02832683433059291
165,Dyna-Q,0.15,4300,21500,6.235281069169724,6.263607903500317,0.02832683433059291
165,Dyna-Q,0.15,4400,22000,0.05608936941975714,6.263607903500317,6.20751853408056
165,Dyna-Q,0.15,4500,22500,3.1117321585912547,6.263607903500317,3.151875744909062
165,Dyna-Q,0.15,4600,23000,6.100817044325447,6.263607903500317,0.16279085917487013
165,Dyna-Q,0.15,4700,23500,0.6618620227491477,6.263607903500317,5.601745880751169
165,Dyna-Q,0.15,4800,24000,6.044996162815968,6.263607903500317,0.21861174068434863
165,Dyna-Q,0.15,4900,24500,1.2197956632108187,6.263607903500317,5.043812240289498
165,Dyna-Q,0.15,5000,25000,6.231134176262761,6.263607903500317,0.03247372723755593
165,Dyna-Q,0.35,0,0,-2.0000000000000013,6.263607903500317,8.263607903500318
165,Dyna-Q,0.35,100,500,-1.9131028927032638,6.263607903500317,8.176710796203581
165,Dyna-Q,0.35,200,1000,-0.4419988638332285,6.263607903500317,6.7056067673335455
165,Dyna-Q,0.35,300,1500,3.1601272617331415,6.263607903500317,3.103480641767175
165,Dyna-Q,0.35,400,2000,3.1416170384248576,6.263607903500317,3.121990865075459
165,Dyna-Q,0.35,500,2500,2.9235079997262403,6.263607903500317,3.3400999037740764
165,Dyna-Q,0.35,600,3000,3.108224738993828,6.263607903500317,3.155383164506489
165,Dyna-Q,0.35,700,3500,-4.317161904423241,6.263607903500317,10.580769807923557
165,Dyna-Q,0.35,800,4000,1.3764790642286042,6.263607903500317,4.887128839271712
165,Dyna-Q,0.35,900,4500,2.564316643949917,6.263607903500317,3.6992912595503995
165,Dyna-Q,0.35,1000,5000,-1.8489720254030395,6.263607903500317,8.112579928903356
165,Dyna-Q,0.35,1100,5500,-1.3949857167987458,6.263607903500317,7.6585936202990625
165,Dyna-Q,0.35,1200,6000,-1.297364054145253,6.263607903500317,7.560971957645569
165,Dyna-Q,0.35,1300,6500,-1.9084915633174195,6.263607903500317,8.172099466817736
165,Dyna-Q,0.35,1400,7000,2.959661242286023,6.263607903500317,3.303946661214294
165,Dyna-Q,0.35,1500,7500,2.959661242286023,6.263607903500317,3.303946661214294
165,Dyna-Q,0.35,1600,8000,0.3140146024934756,6.263607903500317,5.949593301006841
165,Dyna-Q,0.35,1700,8500,5.135532248862681,6.263607903500317,1.1280756546376356
165,Dyna-Q,0.35,1800,9000,2.463116825574233,6.263607903500317,3.800491077926084
165,Dyna-Q,0.35,1900,9500,2.9770248336713183,6.263607903500317,3.2865830698289984
165,Dyna-Q,0.35,2000,10000,6.0013962667618355,6.263607903500317,0.26221163673848125
165,Dyna-Q,0.35,2100,10500,-0.3670851322237991,6.263607903500317,6.630693035724116
165,Dyna-Q,0.35,2200,11000,5.697414519685433,6.263607903500317,0.566193383814884
165,Dyna-Q,0.35,2300,11500,2.52658342097948,6.263607903500317,3.7370244825208365
165,Dyna-Q,0.35,2400,12000,5.19494478349212,6.263607903500317,1.068663120008197
165,Dyna-Q,0.35,2500,12500,-1.8712255522518442,6.263607903500317,8.134833455752162
165,Dyna-Q,0.35,2600,13000,2.1193580594136634,6.263607903500317,4.144249844086653
165,Dyna-Q,0.35,2700,13500,6.211806779627448,6.263607903500317,0.051801123872868615
165,Dyna-Q,0.35,2800,14000,3.158025857635295,6.263607903500317,3.1055820458650216
165,Dyna-Q,0.35,2900,14500,3.175095824454827,6.263607903500317,3.08851207904549
165,Dyna-Q,0.35,3000,15000,5.929250817986956,6.263607903500317,0.33435708551336063
165,Dyna-Q,0.35,3100,15500,5.647424104171733,6.263607903500317,0.6161837993285841
165,Dyna-Q,0.35,3200,16000,6.103476481273137,6.263607903500317,0.16013142222718013
165,Dyna-Q,0.35,3300,16500,-1.96459820505272,6.263607903500317,8.228206108553037
165,Dyna-Q,0.35,3400,17000,-1.299903148737455,6.263607903500317,7.5635110522377715
165,Dyna-Q,0.35,3500,17500,-0.8658661028756447,6.263607903500317,7.129474006375961
165,Dyna-Q,0.35,3600,18000,2.1583725615701694,6.263607903500317,4.105235341930147
165,Dyna-Q,0.35,3700,18500,5.081254393875787,6.263607903500317,1.1823535096245301
165,Dyna-Q,0.35,3800,19000,0.8906866840747477,6.263607903500317,5.372921219425569
165,Dyna-Q,0.35,3900,19500,5.4801075968845465,6.263607903500317,0.7835003066157702
165,Dyna-Q,0.35,4000,20000,1.633395035300559,6.263607903500317,4.630212868199758
165,Dyna-Q,0.35,4100,20500,2.313662240245386,6.263607903500317,3.9499456632549306
165,Dyna-Q,0.35,4200,21000,0.8751868606734732,6.263607903500317,5.3884210428268435
165,Dyna-Q,0.35,4300,21500,0.5515250061059653,6.263607903500317,5.712082897394351
165,Dyna-Q,0.35,4400,22000,0.24101296084337584,6.263607903500317,6.022594942656941
165,Dyna-Q,0.35,4500,22500,-1.3040276535706374,6.263607903500317,7.567635557070954
165,Dyna-Q,0.35,4600,23000,5.190742465776482,6.263607903500317,1.0728654377238351
165,Dyna-Q,0.35,4700,23500,2.785218483775344,6.263607903500317,3.4783894197249725
165,Dyna-Q,0.35,4800,24000,3.355996809762085,6.263607903500317,2.9076110937382316
165,Dyna-Q,0.35,4900,24500,2.9808075492642123,6.263607903500317,3.2828003542361044
165,Dyna-Q,0.35,5000,25000,2.4414553799833634,6.263607903500317,3.8221525235169533
176,Q-learning,0.0,0,0,-2.0000000000000013,6.263607903500317,8.263607903500318
176,Q-learning,0.0,100,0,-1.7924009503447471,6.263607903500317,8.056008853845064
176,Q-learning,0.0,200,0,-0.7803015752687565,6.263607903500317,7.0439094787690735
176,Q-learning,0.0,300,0,0.7514739043383073,6.263607903500317,5.5121339991620095
176,Q-learning,0.0,400,0,1.0920386124701358,6.263607903500317,5.171569291030181
176,Q-learning,0.0,500,0,5.8743686735463125,6.263607903500317,0.3892392299540042
176,Q-learning,0.0,600,0,6.189159796788093,6.263607903500317,0.07444810671222335
176,Q-learning,0.0,700,0,6.189159796788093,6.263607903500317,0.07444810671222335
176,Q-learning,0.0,800,0,6.188923633909368,6.263607903500317,0.07468426959094909
176,Q-learning,0.0,900,0,6.188923633909368,6.263607903500317,0.07468426959094909
176,Q-learning,0.0,1000,0,6.211806779627448,6.263607903500317,0.051801123872868615
176,Q-learning,0.0,1100,0,6.211806779627448,6.263607903500317,0.051801123872868615
176,Q-learning,0.0,1200,0,6.211806779627448,6.263607903500317,0.051801123872868615
176,Q-learning,0.0,1300,0,6.211806779627448,6.263607903500317,0.051801123872868615
176,Q-learning,0.0,1400,0,6.211806779627448,6.263607903500317,0.051801123872868615
176,Q-learning,0.0,1500,0,6.211806779627448,6.263607903500317,0.051801123872868615
176,Q-learning,0.0,1600,0,6.211806779627448,6.263607903500317,0.051801123872868615
176,Q-learning,0.0,1700,0,6.211806779627448,6.263607903500317,0.051801123872868615
176,Q-learning,0.0,1800,0,6.211806779627448,6.263607903500317,0.051801123872868615
176,Q-learning,0.0,1900,0,6.211806779627448,6.263607903500317,0.051801123872868615
176,Q-learning,0.0,2000,0,6.211806779627448,6.263607903500317,0.051801123872868615
176,Q-learning,0.0,2100,0,6.211806779627448,6.263607903500317,0.051801123872868615
176,Q-learning,0.0,2200,0,6.211806779627448,6.263607903500317,0.051801123872868615
176,Q-learning,0.0,2300,0,6.211806779627448,6.263607903500317,0.051801123872868615
176,Q-learning,0.0,2400,0,6.211806779627448,6.263607903500317,0.051801123872868615
176,Q-learning,0.0,2500,0,6.211806779627448,6.263607903500317,0.051801123872868615
176,Q-learning,0.0,2600,0,6.211806779627448,6.263607903500317,0.051801123872868615
176,Q-learning,0.0,2700,0,6.211806779627448,6.263607903500317,0.051801123872868615
176,Q-learning,0.0,2800,0,6.211806779627448,6.263607903500317,0.051801123872868615
176,Q-learning,0.0,2900,0,6.211806779627448,6.263607903500317,0.051801123872868615
176,Q-learning,0.0,3000,0,6.211806779627448,6.263607903500317,0.051801123872868615
176,Q-learning,0.0,3100,0,6.211806779627448,6.263607903500317,0.051801123872868615
176,Q-learning,0.0,3200,0,6.211806779627448,6.263607903500317,0.051801123872868615
176,Q-learning,0.0,3300,0,6.211806779627448,6.263607903500317,0.051801123872868615
176,Q-learning,0.0,3400,0,6.211806779627448,6.263607903500317,0.051801123872868615
176,Q-learning,0.0,3500,0,6.211806779627448,6.263607903500317,0.051801123872868615
176,Q-learning,0.0,3600,0,6.211806779627448,6.263607903500317,0.051801123872868615
176,Q-learning,0.0,3700,0,6.211806779627448,6.263607903500317,0.051801123872868615
176,Q-learning,0.0,3800,0,6.211806779627448,6.263607903500317,0.051801123872868615
176,Q-learning,0.0,3900,0,6.211806779627448,6.263607903500317,0.051801123872868615
176,Q-learning,0.0,4000,0,3.128823764640267,6.263607903500317,3.13478413886005
176,Q-learning,0.0,4100,0,6.211806779627448,6.263607903500317,0.051801123872868615
176,Q-learning,0.0,4200,0,6.211806779627448,6.263607903500317,0.051801123872868615
176,Q-learning,0.0,4300,0,6.211806779627448,6.263607903500317,0.051801123872868615
176,Q-learning,0.0,4400,0,6.211806779627448,6.263607903500317,0.051801123872868615
176,Q-learning,0.0,4500,0,6.211806779627448,6.263607903500317,0.051801123872868615
176,Q-learning,0.0,4600,0,6.211806779627448,6.263607903500317,0.051801123872868615
176,Q-learning,0.0,4700,0,6.211806779627448,6.263607903500317,0.051801123872868615
176,Q-learning,0.0,4800,0,6.211806779627448,6.263607903500317,0.051801123872868615
176,Q-learning,0.0,4900,0,3.128823764640267,6.263607903500317,3.13478413886005
176,Q-learning,0.0,5000,0,6.211806779627448,6.263607903500317,0.051801123872868615
176,Dyna-Q,0.0,0,0,-2.0000000000000013,6.263607903500317,8.263607903500318
176,Dyna-Q,0.0,100,500,0.7707927755473876,6.263607903500317,5.492815127952929
176,Dyna-Q,0.0,200,1000,5.91214700548994,6.263607903500317,0.3514608980103766
176,Dyna-Q,0.0,300,1500,5.874555086724916,6.263607903500317,0.3890528167754006
176,Dyna-Q,0.0,400,2000,5.3057914584726324,6.263607903500317,0.9578164450276843
176,Dyna-Q,0.0,500,2500,5.8942306314379715,6.263607903500317,0.36937727206234516
176,Dyna-Q,0.0,600,3000,6.121143798202008,6.263607903500317,0.1424641052983091
176,Dyna-Q,0.0,700,3500,6.198576241639021,6.263607903500317,0.06503166186129583
176,Dyna-Q,0.0,800,4000,6.182748449881113,6.263607903500317,0.08085945361920377
176,Dyna-Q,0.0,900,4500,6.182748449881113,6.263607903500317,0.08085945361920377
176,Dyna-Q,0.0,1000,5000,6.003273448737005,6.263607903500317,0.26033445476331174
176,Dyna-Q,0.0,1100,5500,6.051895852369134,6.263607903500317,0.2117120511311823
176,Dyna-Q,0.0,1200,6000,6.075992428311893,6.263607903500317,0.1876154751884238
176,Dyna-Q,0.0,1300,6500,5.954027071986765,6.263607903500317,0.30958083151355176
176,Dyna-Q,0.0,1400,7000,-1.8821041866729227,6.263607903500317,8.14571209017324
176,Dyna-Q,0.0,1500,7500,5.922886159807174,6.263607903500317,0.3407217436931429
176,Dyna-Q,0.0,1600,8000,5.922886159807174,6.263607903500317,0.3407217436931429
176,Dyna-Q,0.0,1700,8500,5.922886159807174,6.263607903500317,0.3407217436931429
176,Dyna-Q,0.0,1800,9000,6.068345902374071,6.263607903500317,0.19526200112624537
176,Dyna-Q,0.0,1900,9500,6.068635994570415,6.263607903500317,0.1949719089299018
176,Dyna-Q,0.0,2000,10000,3.0751949508881324,6.263607903500317,3.1884129526121843
176,Dyna-Q,0.0,2100,10500,6.0819317914283335,6.263607903500317,0.1816761120719832
176,Dyna-Q,0.0,2200,11000,6.068635994570415,6.263607903500317,0.1949719089299018
176,Dyna-Q,0.0,2300,11500,2.985758482042249,6.263607903500317,3.277849421458068
176,Dyna-Q,0.0,2400,12000,5.954027071986765,6.263607903500317,0.30958083151355176
176,Dyna-Q,0.0,2500,12500,5.950103768000966,6.263607903500317,0.3135041354993504
176,Dyna-Q,0.0,2600,13000,5.950103768000966,6.263607903500317,0.3135041354993504
176,Dyna-Q,0.0,2700,13500,5.950103768000966,6.263607903500317,0.3135041354993504
176,Dyna-Q,0.0,2800,14000,5.950103768000966,6.263607903500317,0.3135041354993504
176,Dyna-Q,0.0,2900,14500,5.9564506139482045,6.263607903500317,0.3071572895521122
176,Dyna-Q,0.0,3000,15000,5.9564506139482045,6.263607903500317,0.3071572895521122
176,Dyna-Q,0.0,3100,15500,5.9564506139482045,6.263607903500317,0.3071572895521122
176,Dyna-Q,0.0,3200,16000,5.9564506139482045,6.263607903500317,0.3071572895521122
176,Dyna-Q,0.0,3300,16500,2.9729334903149254,6.263607903500317,3.2906744131853913
176,Dyna-Q,0.0,3400,17000,6.068345902374071,6.263607903500317,0.19526200112624537
176,Dyna-Q,0.0,3500,17500,6.068345902374071,6.263607903500317,0.19526200112624537
176,Dyna-Q,0.0,3600,18000,6.068345902374071,6.263607903500317,0.19526200112624537
176,Dyna-Q,0.0,3700,18500,5.954027071986765,6.263607903500317,0.30958083151355176
176,Dyna-Q,0.0,3800,19000,6.068635994570415,6.263607903500317,0.1949719089299018
176,Dyna-Q,0.0,3900,19500,6.068635994570415,6.263607903500317,0.1949719089299018
176,Dyna-Q,0.0,4000,20000,6.068345902374071,6.263607903500317,0.19526200112624537
176,Dyna-Q,0.0,4100,20500,5.9564506139482045,6.263607903500317,0.3071572895521122
176,Dyna-Q,0.0,4200,21000,5.9564506139482045,6.263607903500317,0.3071572895521122
176,Dyna-Q,0.0,4300,21500,5.9564506139482045,6.263607903500317,0.3071572895521122
176,Dyna-Q,0.0,4400,22000,6.182149142751865,6.263607903500317,0.08145876074845138
176,Dyna-Q,0.0,4500,22500,6.182149142751865,6.263607903500317,0.08145876074845138
176,Dyna-Q,0.0,4600,23000,6.182149142751865,6.263607903500317,0.08145876074845138
176,Dyna-Q,0.0,4700,23500,2.95985364263436,6.263607903500317,3.303754260865957
176,Dyna-Q,0.0,4800,24000,6.075992428311893,6.263607903500317,0.1876154751884238
176,Dyna-Q,0.0,4900,24500,6.078381337793653,6.263607903500317,0.18522656570666385
176,Dyna-Q,0.0,5000,25000,6.078381337793653,6.263607903500317,0.18522656570666385
176,Dyna-Q,0.15,0,0,-2.0000000000000013,6.263607903500317,8.263607903500318
176,Dyna-Q,0.15,100,500,-2.527424045383945,6.263607903500317,8.791031948884262
176,Dyna-Q,0.15,200,1000,5.091282909983366,6.263607903500317,1.172324993516951
176,Dyna-Q,0.15,300,1500,5.533280458213011,6.263607903500317,0.7303274452873056
176,Dyna-Q,0.15,400,2000,2.7462290833837724,6.263607903500317,3.5173788201165443
176,Dyna-Q,0.15,500,2500,6.076726058536811,6.263607903500317,0.1868818449635059
176,Dyna-Q,0.15,600,3000,6.097634990405241,6.263607903500317,0.165972913095076
176,Dyna-Q,0.15,700,3500,-1.2800166053323485,6.263607903500317,7.543624508832665
176,Dyna-Q,0.15,800,4000,6.211806779627448,6.263607903500317,0.051801123872868615
176,Dyna-Q,0.15,900,4500,5.998271598209182,6.263607903500317,0.26533630529113506
176,Dyna-Q,0.15,1000,5000,5.902912068003253,6.263607903500317,0.3606958354970633
176,Dyna-Q,0.15,1100,5500,3.234453748849154,6.263607903500317,3.0291541546511627
176,Dyna-Q,0.15,1200,6000,6.133362223755686,6.263607903500317,0.13024567974463075
176,Dyna-Q,0.15,1300,6500,3.0779000876796165,6.263607903500317,3.1857078158207
176,Dyna-Q,0.15,1400,7000,3.0040741213538324,6.263607903500317,3.2595337821464843
176,Dyna-Q,0.15,1500,7500,3.245750986443938,6.263607903500317,3.017856917056379
176,Dyna-Q,0.15,1600,8000,-1.9294204118053184,6.263607903500317,8.193028315305636
176,Dyna-Q,0.15,1700,8500,0.6770214466452521,6.263607903500317,5.5865864568550645
176,Dyna-Q,0.15,1800,9000,2.298351121226456,6.263607903500317,3.965256782273861
176,Dyna-Q,0.15,1900,9500,5.455867391177339,6.263607903500317,0.8077405123229777
176,Dyna-Q,0.15,2000,10000,5.404885175000576,6.263607903500317,0.8587227284997407
176,Dyna-Q,0.15,2100,10500,6.04179860910171,6.263607903500317,0.2218092943986063
176,Dyna-Q,0.15,2200,11000,6.112085868409676,6.263607903500317,0.15152203509064055
176,Dyna-Q,0.15,2300,11500,1.5752632498145918,6.263607903500317,4.688344653685725
176,Dyna-Q,0.15,2400,12000,5.614643744150007,6.263607903500317,0.6489641593503093
176,Dyna-Q,0.15,2500,12500,6.072279863483748,6.263607903500317,0.1913280400165691
176,Dyna-Q,0.15,2600,13000,3.04717123969911,6.263607903500317,3.2164366638012067
176,Dyna-Q,0.15,2700,13500,6.240084712123412,6.263607903500317,0.023523191376904506
176,Dyna-Q,0.15,2800,14000,6.252698803146877,6.263607903500317,0.01090910035344006
176,Dyna-Q,0.15,2900,14500,6.252698803146877,6.263607903500317,0.01090910035344006
176,Dyna-Q,0.15,3000,15000,6.074629546983849,6.263607903500317,0.18897835651646755
176,Dyna-Q,0.15,3100,15500,3.112066384521461,6.263607903500317,3.151541518978856
176,Dyna-Q,0.15,3200,16000,6.221729430851686,6.263607903500317,0.04187847264863098
176,Dyna-Q,0.15,3300,16500,5.4910646703799015,6.263607903500317,0.7725432331204152
176,Dyna-Q,0.15,3400,17000,5.675031455997569,6.263607903500317,0.5885764475027475
176,Dyna-Q,0.15,3500,17500,6.195071308999192,6.263607903500317,0.0685365945011247
176,Dyna-Q,0.15,3600,18000,6.204232893571056,6.263607903500317,0.05937500992926115
176,Dyna-Q,0.15,3700,18500,0.6119431509572729,6.263607903500317,5.651664752543044
176,Dyna-Q,0.15,3800,19000,6.18861173741721,6.263607903500317,0.07499616608310689
176,Dyna-Q,0.15,3900,19500,0.6680748611838625,6.263607903500317,5.595533042316454
176,Dyna-Q,0.15,4000,20000,6.1874760173705745,6.263607903500317,0.0761318861297422
176,Dyna-Q,0.15,4100,20500,6.221729430851686,6.263607903500317,0.04187847264863098
176,Dyna-Q,0.15,4200,21000,3.1573573400349497,6.263607903500317,3.106250563465367
176,Dyna-Q,0.15,4300,21500,6.240084712123412,6.263607903500317,0.023523191376904506
176,Dyna-Q,0.15,4400,22000,5.588013949009485,6.263607903500317,0.6755939544908314
176,Dyna-Q,0.15,4500,22500,-0.8836068727286409,6.263607903500317,7.1472147762289575
176,Dyna-Q,0.15,4600,23000,6.204232893571056,6.263607903500317,0.05937500992926115
176,Dyna-Q,0.15,4700,23500,2.9941247135129267,6.263607903500317,3.26948318998739
176,Dyna-Q,0.15,4800,24000,-0.07087794869015074,6.263607903500317,6.3344858521904674
176,Dyna-Q,0.15,4900,24500,5.893294029122491,6.263607903500317,0.3703138743778256
176,Dyna-Q,0.15,5000,25000,6.1874760173705745,6.263607903500317,0.0761318861297422
176,Dyna-Q,0.35,0,0,-2.0000000000000013,6.263607903500317,8.263607903500318
176,Dyna-Q,0.35,100,500,-4.747798272187481,6.263607903500317,11.011406175687798
176,Dyna-Q,0.35,200,1000,-1.9960475545074958,6.263607903500317,8.259655458007813
176,Dyna-Q,0.35,300,1500,1.6152230265132959,6.263607903500317,4.648384876987021
176,Dyna-Q,0.35,400,2000,0.6285528301309263,6.263607903500317,5.63505507336939
176,Dyna-Q,0.35,500,2500,2.7861785147960267,6.263607903500317,3.47742938870429
176,Dyna-Q,0.35,600,3000,5.916390974804662,6.263607903500317,0.347216928695655
176,Dyna-Q,0.35,700,3500,6.211806779627448,6.263607903500317,0.051801123872868615
176,Dyna-Q,0.35,800,4000,5.624031725144933,6.263607903500317,0.6395761783553837
176,Dyna-Q,0.35,900,4500,0.26923506254033513,6.263607903500317,5.994372840959982
176,Dyna-Q,0.35,1000,5000,2.5287329318659713,6.263607903500317,3.7348749716343455
176,Dyna-Q,0.35,1100,5500,-0.27032205916448615,6.263607903500317,6.533929962664803
176,Dyna-Q,0.35,1200,6000,3.23631109906129,6.263607903500317,3.0272968044390267
176,Dyna-Q,0.35,1300,6500,3.0686215362853075,6.263607903500317,3.194986367215009
176,Dyna-Q,0.35,1400,7000,0.6591371332835111,6.263607903500317,5.604470770216806
176,Dyna-Q,0.35,1500,7500,2.2906372275880416,6.263607903500317,3.972970675912275
176,Dyna-Q,0.35,1600,8000,5.974099544311741,6.263607903500317,0.2895083591885754
176,Dyna-Q,0.35,1700,8500,0.18112764491969513,6.263607903500317,6.082480258580621
176,Dyna-Q,0.35,1800,9000,3.036555881786352,6.263607903500317,3.227052021713965
176,Dyna-Q,0.35,1900,9500,6.084671010520491,6.263607903500317,0.1789368929798254
176,Dyna-Q,0.35,2000,10000,3.0687765371302778,6.263607903500317,3.194831366370039
176,Dyna-Q,0.35,2100,10500,-1.0217637060902238,6.263607903500317,7.28537160959054
176,Dyna-Q,0.35,2200,11000,-1.5679099756628359,6.263607903500317,7.831517879163153
176,Dyna-Q,0.35,2300,11500,6.221729430851686,6.263607903500317,0.04187847264863098
176,Dyna-Q,0.35,2400,12000,6.240084712123412,6.263607903500317,0.023523191376904506
176,Dyna-Q,0.35,2500,12500,5.4905107455366995,6.263607903500317,0.7730971579636172
176,Dyna-Q,0.35,2600,13000,1.9791025328167935,6.263607903500317,4.284505370683523
176,Dyna-Q,0.35,2700,13500,2.6291993637309905,6.263607903500317,3.634408539769326
176,Dyna-Q,0.35,2800,14000,2.647544695534321,6.263607903500317,3.6160632079659956
176,Dyna-Q,0.35,2900,14500,2.959661242286023,6.263607903500317,3.303946661214294
176,Dyna-Q,0.35,3000,15000,-1.2800166053323465,6.263607903500317,7.5436245088326634
176,Dyna-Q,0.35,3100,15500,2.085873248278522,6.263607903500317,4.177734655221794
176,Dyna-Q,0.35,3200,16000,2.959661242286023,6.263607903500317,3.303946661214294
176,Dyna-Q,0.35,3300,16500,0.16735426062534,6.263607903500317,6.096253642874976
176,Dyna-Q,0.35,3400,17000,5.586247741035727,6.263607903500317,0.6773601624645895
176,Dyna-Q,0.35,3500,17500,2.8836177650669863,6.263607903500317,3.3799901384333304
176,Dyna-Q,0.35,3600,18000,0.8825952267852116,6.263607903500317,5.381012676715105
176,Dyna-Q,0.35,3700,18500,-1.2126075577316993,6.263607903500317,7.476215461232016
176,Dyna-Q,0.35,3800,19000,0.3154447478104964,6.263607903500317,5.94816315568982
176,Dyna-Q,0.35,3900,19500,3.2754634204749853,6.263607903500317,2.9881444830253314
176,Dyna-Q,0.35,4000,20000,6.197668920856313,6.263607903500317,0.06593898264400355
176,Dyna-Q,0.35,4100,20500,6.1899060451071755,6.263607903500317,0.07370185839314125
176,Dyna-Q,0.35,4200,21000,6.18659839217677,6.263607903500317,0.0770095113235465
176,Dyna-Q,0.35,4300,21500,5.180313105262504,6.263607903500317,1.0832947982378123
176,Dyna-Q,0.35,4400,22000,1.4769330887385475,6.263607903500317,4.786674814761769
176,Dyna-Q,0.35,4500,22500,1.9100798397369647,6.263607903500317,4.353528063763352
176,Dyna-Q,0.35,4600,23000,6.198790328876434,6.263607903500317,0.06481757462388238
176,Dyna-Q,0.35,4700,23500,5.513638027028608,6.263607903500317,0.7499698764717087
176,Dyna-Q,0.35,4800,24000,5.340742622990632,6.263607903500317,0.9228652805096846
176,Dyna-Q,0.35,4900,24500,5.780892350720421,6.263607903500317,0.4827155527798954
176,Dyna-Q,0.35,5000,25000,-1.1225744448750399,6.263607903500317,7.386182348375357
187,Q-learning,0.0,0,0,-2.0000000000000013,6.263607903500317,8.263607903500318
187,Q-learning,0.0,100,0,-1.8985303542848215,6.263607903500317,8.162138257785138
187,Q-learning,0.0,200,0,-1.632852241486986,6.263607903500317,7.896460144987302
187,Q-learning,0.0,300,0,-1.6032415079721882,6.263607903500317,7.866849411472505
187,Q-learning,0.0,400,0,6.036539785206079,6.263607903500317,0.22706811829423756
187,Q-learning,0.0,500,0,6.074954433684527,6.263607903500317,0.18865346981578934
187,Q-learning,0.0,600,0,6.081609860364046,6.263607903500317,0.18199804313627066
187,Q-learning,0.0,700,0,6.103476481273137,6.263607903500317,0.16013142222718013
187,Q-learning,0.0,800,0,6.103476481273137,6.263607903500317,0.16013142222718013
187,Q-learning,0.0,900,0,6.103476481273137,6.263607903500317,0.16013142222718013
187,Q-learning,0.0,1000,0,6.103476481273137,6.263607903500317,0.16013142222718013
187,Q-learning,0.0,1100,0,6.103476481273137,6.263607903500317,0.16013142222718013
187,Q-learning,0.0,1200,0,6.103476481273137,6.263607903500317,0.16013142222718013
187,Q-learning,0.0,1300,0,6.103476481273137,6.263607903500317,0.16013142222718013
187,Q-learning,0.0,1400,0,6.103476481273137,6.263607903500317,0.16013142222718013
187,Q-learning,0.0,1500,0,6.103476481273137,6.263607903500317,0.16013142222718013
187,Q-learning,0.0,1600,0,6.103476481273137,6.263607903500317,0.16013142222718013
187,Q-learning,0.0,1700,0,6.103476481273137,6.263607903500317,0.16013142222718013
187,Q-learning,0.0,1800,0,6.103476481273137,6.263607903500317,0.16013142222718013
187,Q-learning,0.0,1900,0,6.103476481273137,6.263607903500317,0.16013142222718013
187,Q-learning,0.0,2000,0,6.103476481273137,6.263607903500317,0.16013142222718013
187,Q-learning,0.0,2100,0,6.103476481273137,6.263607903500317,0.16013142222718013
187,Q-learning,0.0,2200,0,6.103476481273137,6.263607903500317,0.16013142222718013
187,Q-learning,0.0,2300,0,6.103476481273137,6.263607903500317,0.16013142222718013
187,Q-learning,0.0,2400,0,6.103476481273137,6.263607903500317,0.16013142222718013
187,Q-learning,0.0,2500,0,6.103476481273137,6.263607903500317,0.16013142222718013
187,Q-learning,0.0,2600,0,6.103476481273137,6.263607903500317,0.16013142222718013
187,Q-learning,0.0,2700,0,6.103476481273137,6.263607903500317,0.16013142222718013
187,Q-learning,0.0,2800,0,6.103476481273137,6.263607903500317,0.16013142222718013
187,Q-learning,0.0,2900,0,6.103476481273137,6.263607903500317,0.16013142222718013
187,Q-learning,0.0,3000,0,6.103476481273137,6.263607903500317,0.16013142222718013
187,Q-learning,0.0,3100,0,6.103476481273137,6.263607903500317,0.16013142222718013
187,Q-learning,0.0,3200,0,6.103476481273137,6.263607903500317,0.16013142222718013
187,Q-learning,0.0,3300,0,6.103476481273137,6.263607903500317,0.16013142222718013
187,Q-learning,0.0,3400,0,6.103476481273137,6.263607903500317,0.16013142222718013
187,Q-learning,0.0,3500,0,6.103476481273137,6.263607903500317,0.16013142222718013
187,Q-learning,0.0,3600,0,6.103476481273137,6.263607903500317,0.16013142222718013
187,Q-learning,0.0,3700,0,6.103476481273137,6.263607903500317,0.16013142222718013
187,Q-learning,0.0,3800,0,6.103476481273137,6.263607903500317,0.16013142222718013
187,Q-learning,0.0,3900,0,6.103476481273137,6.263607903500317,0.16013142222718013
187,Q-learning,0.0,4000,0,3.0687765371302778,6.263607903500317,3.194831366370039
187,Q-learning,0.0,4100,0,6.103476481273137,6.263607903500317,0.16013142222718013
187,Q-learning,0.0,4200,0,6.103476481273137,6.263607903500317,0.16013142222718013
187,Q-learning,0.0,4300,0,6.103476481273137,6.263607903500317,0.16013142222718013
187,Q-learning,0.0,4400,0,6.103476481273137,6.263607903500317,0.16013142222718013
187,Q-learning,0.0,4500,0,6.103476481273137,6.263607903500317,0.16013142222718013
187,Q-learning,0.0,4600,0,6.103476481273137,6.263607903500317,0.16013142222718013
187,Q-learning,0.0,4700,0,6.103476481273137,6.263607903500317,0.16013142222718013
187,Q-learning,0.0,4800,0,6.103476481273137,6.263607903500317,0.16013142222718013
187,Q-learning,0.0,4900,0,6.103476481273137,6.263607903500317,0.16013142222718013
187,Q-learning,0.0,5000,0,3.0687765371302778,6.263607903500317,3.194831366370039
187,Dyna-Q,0.0,0,0,-2.0000000000000013,6.263607903500317,8.263607903500318
187,Dyna-Q,0.0,100,500,-0.3886847287866975,6.263607903500317,6.652292632287014
187,Dyna-Q,0.0,200,1000,6.256124060693601,6.263607903500317,0.007483842806715657
187,Dyna-Q,0.0,300,1500,6.236571160055866,6.263607903500317,0.027036743444450728
187,Dyna-Q,0.0,400,2000,6.211806779627448,6.263607903500317,0.051801123872868615
187,Dyna-Q,0.0,500,2500,6.211806779627448,6.263607903500317,0.051801123872868615
187,Dyna-Q,0.0,600,3000,6.236571160055866,6.263607903500317,0.027036743444450728
187,Dyna-Q,0.0,700,3500,5.883411205796214,6.263607903500317,0.38019669770410314
187,Dyna-Q,0.0,800,4000,6.223425183413039,6.263607903500317,0.040182720087277524
187,Dyna-Q,0.0,900,4500,4.985399476372577,6.263607903500317,1.2782084271277396
187,Dyna-Q,0.0,1000,5000,4.985399476372577,6.263607903500317,1.2782084271277396
187,Dyna-Q,0.0,1100,5500,-1.9539763590612098,6.263607903500317,8.217584262561527
187,Dyna-Q,0.0,1200,6000,-1.121594122019861,6.263607903500317,7.385202025520178
187,Dyna-Q,0.0,1300,6500,5.9555404115889115,6.263607903500317,0.30806749191140526
187,Dyna-Q,0.0,1400,7000,2.990019349395437,6.263607903500317,3.27358855410488
187,Dyna-Q,0.0,1500,7500,6.223425183413039,6.263607903500317,0.040182720087277524
187,Dyna-Q,0.0,1600,8000,6.256124060693601,6.263607903500317,0.007483842806715657
187,Dyna-Q,0.0,1700,8500,6.256124060693601,6.263607903500317,0.007483842806715657
187,Dyna-Q,0.0,1800,9000,3.1524794510273764,6.263607903500317,3.1111284524729403
187,Dyna-Q,0.0,1900,9500,6.21367143208265,6.263607903500317,0.04993647141766644
187,Dyna-Q,0.0,2000,10000,5.932625922595315,6.263607903500317,0.3309819809050021
187,Dyna-Q,0.0,2100,10500,6.256124060693601,6.263607903500317,0.007483842806715657
187,Dyna-Q,0.0,2200,11000,6.256124060693601,6.263607903500317,0.007483842806715657
187,Dyna-Q,0.0,2300,11500,6.256124060693601,6.263607903500317,0.007483842806715657
187,Dyna-Q,0.0,2400,12000,6.21367143208265,6.263607903500317,0.04993647141766644
187,Dyna-Q,0.0,2500,12500,3.129823216027815,6.263607903500317,3.1337846874725015
187,Dyna-Q,0.0,2600,13000,6.21367143208265,6.263607903500317,0.04993647141766644
187,Dyna-Q,0.0,2700,13500,6.211806779627448,6.263607903500317,0.051801123872868615
187,Dyna-Q,0.0,2800,14000,6.236571160055866,6.263607903500317,0.027036743444450728
187,Dyna-Q,0.0,2900,14500,6.237175951074367,6.263607903500317,0.026431952425949312
187,Dyna-Q,0.0,3000,15000,6.237175951074367,6.263607903500317,0.026431952425949312
187,Dyna-Q,0.0,3100,15500,6.263607903500317,6.263607903500317,0.0
187,Dyna-Q,0.0,3200,16000,6.263607903500317,6.263607903500317,0.0
187,Dyna-Q,0.0,3300,16500,6.263607903500317,6.263607903500317,0.0
187,Dyna-Q,0.0,3400,17000,6.263607903500317,6.263607903500317,0.0
187,Dyna-Q,0.0,3500,17500,3.175095824454827,6.263607903500317,3.08851207904549
187,Dyna-Q,0.0,3600,18000,6.01519846379977,6.263607903500317,0.24840943970054674
187,Dyna-Q,0.0,3700,18500,0.10478566605407882,6.263607903500317,6.158822237446238
187,Dyna-Q,0.0,3800,19000,6.263607903500317,6.263607903500317,0.0
187,Dyna-Q,0.0,3900,19500,6.263607903500317,6.263607903500317,0.0
187,Dyna-Q,0.0,4000,20000,6.263607903500317,6.263607903500317,0.0
187,Dyna-Q,0.0,4100,20500,6.263607903500317,6.263607903500317,0.0
187,Dyna-Q,0.0,4200,21000,6.263607903500317,6.263607903500317,0.0
187,Dyna-Q,0.0,4300,21500,6.22272458098214,6.263607903500317,0.04088332251817661
187,Dyna-Q,0.0,4400,22000,6.256162817535298,6.263607903500317,0.007445085965018805
187,Dyna-Q,0.0,4500,22500,6.233980616524453,6.263607903500317,0.02962728697586403
187,Dyna-Q,0.0,4600,23000,6.22272458098214,6.263607903500317,0.04088332251817661
187,Dyna-Q,0.0,4700,23500,6.233980616524453,6.263607903500317,0.02962728697586403
187,Dyna-Q,0.0,4800,24000,6.22272458098214,6.263607903500317,0.04088332251817661
187,Dyna-Q,0.0,4900,24500,6.211806779627448,6.263607903500317,0.051801123872868615
187,Dyna-Q,0.0,5000,25000,6.263607903500317,6.263607903500317,0.0
187,Dyna-Q,0.15,0,0,-2.0000000000000013,6.263607903500317,8.263607903500318
187,Dyna-Q,0.15,100,500,-7.538278449611637,6.263607903500317,13.801886353111954
187,Dyna-Q,0.15,200,1000,5.882814084309903,6.263607903500317,0.3807938191904139
187,Dyna-Q,0.15,300,1500,2.211931089015675,6.263607903500317,4.051676814484642
187,Dyna-Q,0.15,400,2000,6.173565817418905,6.263607903500317,0.09004208608141173
187,Dyna-Q,0.15,500,2500,6.157939103185776,6.263607903500317,0.10566880031454051
187,Dyna-Q,0.15,600,3000,6.058451932677216,6.263607903500317,0.20515597082310055
187,Dyna-Q,0.15,700,3500,2.7716181726149367,6.263607903500317,3.49198973088538
187,Dyna-Q,0.15,800,4000,6.212918072125948,6.263607903500317,0.050689831374368666
187,Dyna-Q,0.15,900,4500,6.211806779627448,6.263607903500317,0.051801123872868615
187,Dyna-Q,0.15,1000,5000,6.22272458098214,6.263607903500317,0.04088332251817661
187,Dyna-Q,0.15,1100,5500,6.211806779627448,6.263607903500317,0.051801123872868615
187,Dyna-Q,0.15,1200,6000,6.211806779627448,6.263607903500317,0.051801123872868615
187,Dyna-Q,0.15,1300,6500,5.683799443594741,6.263607903500317,0.5798084599055757
187,Dyna-Q,0.15,1400,7000,-1.238840753915858,6.263607903500317,7.502448657416174
187,Dyna-Q,0.15,1500,7500,5.728701770454613,6.263607903500317,0.5349061330457037
187,Dyna-Q,0.15,1600,8000,2.9962252933829956,6.263607903500317,3.267382610117321
187,Dyna-Q,0.15,1700,8500,5.70534935096256,6.263607903500317,0.5582585525377564
187,Dyna-Q,0.15,1800,9000,-1.0907847036257796,6.263607903500317,7.354392607126096
187,Dyna-Q,0.15,1900,9500,1.2259099845308226,6.263607903500317,5.037697918969494
187,Dyna-Q,0.15,2000,10000,2.1064243387167285,6.263607903500317,4.157183564783589
187,Dyna-Q,0.15,2100,10500,1.438050829101487,6.263607903500317,4.82555707439883
187,Dyna-Q,0.15,2200,11000,1.8209558973956028,6.263607903500317,4.442652006104714
187,Dyna-Q,0.15,2300,11500,6.078258353273612,6.263607903500317,0.18534955022670463
187,Dyna-Q,0.15,2400,12000,6.193846386018808,6.263607903500317,0.06976151748150894
187,Dyna-Q,0.15,2500,12500,6.193846386018808,6.263607903500317,0.06976151748150894
187,Dyna-Q,0.15,2600,13000,3.277378380304022,6.263607903500317,2.9862295231962945
187,Dyna-Q,0.15,2700,13500,3.127342983279583,6.263607903500317,3.1362649202207336
187,Dyna-Q,0.15,2800,14000,6.182263863024617,6.263607903500317,0.08134404047569976
187,Dyna-Q,0.15,2900,14500,2.9646164211474497,6.263607903500317,3.298991482352867
187,Dyna-Q,0.15,3000,15000,6.231539167543261,6.263607903500317,0.03206873595705595
187,Dyna-Q,0.15,3100,15500,6.2254116253703256,6.263607903500317,0.03819627812999116
187,Dyna-Q,0.15,3200,16000,6.256162817535298,6.263607903500317,0.007445085965018805
187,Dyna-Q,0.15,3300,16500,0.30626982707118655,6.263607903500317,5.95733807642913
187,Dyna-Q,0.15,3400,17000,6.256162817535298,6.263607903500317,0.007445085965018805
187,Dyna-Q,0.15,3500,17500,5.971825070698282,6.263607903500317,0.2917828328020349
187,Dyna-Q,0.15,3600,18000,3.16152790592798,6.263607903500317,3.1020799975723365
187,Dyna-Q,0.15,3700,18500,6.263607903500317,6.263607903500317,0.0
187,Dyna-Q,0.15,3800,19000,6.256162817535298,6.263607903500317,0.007445085965018805
187,Dyna-Q,0.15,3900,19500,6.211806779627448,6.263607903500317,0.051801123872868615
187,Dyna-Q,0.15,4000,20000,6.156926926471534,6.263607903500317,0.1066809770287831
187,Dyna-Q,0.15,4100,20500,6.263607903500317,6.263607903500317,0.0
187,Dyna-Q,0.15,4200,21000,5.9748652528564765,6.263607903500317,0.2887426506438402
187,Dyna-Q,0.15,4300,21500,3.0139688389083545,6.263607903500317,3.249639064591962
187,Dyna-Q,0.15,4400,22000,5.372885688743246,6.263607903500317,0.890722214757071
187,Dyna-Q,0.15,4500,22500,5.974099544311741,6.263607903500317,0.2895083591885754
187,Dyna-Q,0.15,4600,23000,6.085157988279311,6.263607903500317,0.17844991522100528
187,Dyna-Q,0.15,4700,23500,1.0595452454514012,6.263607903500317,5.204062658048915
187,Dyna-Q,0.15,4800,24000,1.652161257733801,6.263607903500317,4.611446645766516
187,Dyna-Q,0.15,4900,24500,5.148754873823977,6.263607903500317,1.1148530296763397
187,Dyna-Q,0.15,5000,25000,5.932625922595315,6.263607903500317,0.3309819809050021
187,Dyna-Q,0.35,0,0,-2.0000000000000013,6.263607903500317,8.263607903500318
187,Dyna-Q,0.35,100,500,0.8655429416266059,6.263607903500317,5.398064961873711
187,Dyna-Q,0.35,200,1000,0.632315382454845,6.263607903500317,5.631292521045472
187,Dyna-Q,0.35,300,1500,5.3414792106925875,6.263607903500317,0.9221286928077292
187,Dyna-Q,0.35,400,2000,4.486225575003561,6.263607903500317,1.7773823284967554
187,Dyna-Q,0.35,500,2500,6.0013962667618355,6.263607903500317,0.26221163673848125
187,Dyna-Q,0.35,600,3000,5.0815797917616745,6.263607903500317,1.1820281117386422
187,Dyna-Q,0.35,700,3500,4.529799300632932,6.263607903500317,1.7338086028673851
187,Dyna-Q,0.35,800,4000,5.456369772684371,6.263607903500317,0.8072381308159455
187,Dyna-Q,0.35,900,4500,3.144338568108263,6.263607903500317,3.1192693353920538
187,Dyna-Q,0.35,1000,5000,6.211806779627448,6.263607903500317,0.051801123872868615
187,Dyna-Q,0.35,1100,5500,6.227954827760023,6.263607903500317,0.03565307574029397
187,Dyna-Q,0.35,1200,6000,1.0376109467485863,6.263607903500317,5.225996956751731
187,Dyna-Q,0.35,1300,6500,3.1162528608535283,6.263607903500317,3.1473550426467884
187,Dyna-Q,0.35,1400,7000,4.888504415994162,6.263607903500317,1.3751034875061547
187,Dyna-Q,0.35,1500,7500,4.593750575255242,6.263607903500317,1.669857328245075
187,Dyna-Q,0.35,1600,8000,2.9600723123850123,6.263607903500317,3.3035355911153044
187,Dyna-Q,0.35,1700,8500,-1.9270699422126722,6.263607903500317,8.190677845712989
187,Dyna-Q,0.35,1800,9000,6.211806779627448,6.263607903500317,0.051801123872868615
187,Dyna-Q,0.35,1900,9500,6.212548523117145,6.263607903500317,0.05105938038317159
187,Dyna-Q,0.35,2000,10000,5.7841729411255915,6.263607903500317,0.47943496237472516
187,Dyna-Q,0.35,2100,10500,2.5266691058237467,6.263607903500317,3.73693879767657
187,Dyna-Q,0.35,2200,11000,-1.6695012183651687,6.263607903500317,7.933109121865486
187,Dyna-Q,0.35,2300,11500,0.6133850059250578,6.263607903500317,5.650222897575259
187,Dyna-Q,0.35,2400,12000,-1.0298566998423688,6.263607903500317,7.293464603342685
187,Dyna-Q,0.35,2500,12500,5.993662631944226,6.263607903500317,0.2699452715560904
187,Dyna-Q,0.35,2600,13000,5.920192862350062,6.263607903500317,0.343415041150255
187,Dyna-Q,0.35,2700,13500,6.215921874144585,6.263607903500317,0.04768602935573174
187,Dyna-Q,0.35,2800,14000,6.208548774307757,6.263607903500317,0.05505912919255973
187,Dyna-Q,0.35,2900,14500,6.235281069169724,6.263607903500317,0.02832683433059291
187,Dyna-Q,0.35,3000,15000,3.137299018668007,6.263607903500317,3.1263088848323095
187,Dyna-Q,0.35,3100,15500,2.9365821009174464,6.263607903500317,3.3270258025828703
187,Dyna-Q,0.35,3200,16000,2.6485174638713866,6.263607903500317,3.61509043962893
187,Dyna-Q,0.35,3300,16500,-1.346156352399901,6.263607903500317,7.609764255900218
187,Dyna-Q,0.35,3400,17000,6.035327781088072,6.263607903500317,0.2282801224122446
187,Dyna-Q,0.35,3500,17500,6.211806779627448,6.263607903500317,0.051801123872868615
187,Dyna-Q,0.35,3600,18000,6.05983699385954,6.263607903500317,0.2037709096407765
187,Dyna-Q,0.35,3700,18500,0.2647272874746483,6.263607903500317,5.9988806160256685
187,Dyna-Q,0.35,3800,19000,2.4190177373772404,6.263607903500317,3.8445901661230764
187,Dyna-Q,0.35,3900,19500,5.525428125196769,6.263607903500317,0.7381797783035475
187,Dyna-Q,0.35,4000,20000,0.6253713523264424,6.263607903500317,5.638236551173875
187,Dyna-Q,0.35,4100,20500,6.240084712123412,6.263607903500317,0.023523191376904506
187,Dyna-Q,0.35,4200,21000,0.19564687314330678,6.263607903500317,6.06796103035701
187,Dyna-Q,0.35,4300,21500,5.155255808585507,6.263607903500317,1.1083520949148093
187,Dyna-Q,0.35,4400,22000,5.2852180724959235,6.263607903500317,0.9783898310043933
187,Dyna-Q,0.35,4500,22500,5.499242946419504,6.263607903500317,0.7643649570808124
187,Dyna-Q,0.35,4600,23000,2.8331216691334347,6.263607903500317,3.430486234366882
187,Dyna-Q,0.35,4700,23500,2.4742173033137513,6.263607903500317,3.7893906001865654
187,Dyna-Q,0.35,4800,24000,5.522266087936442,6.263607903500317,0.7413418155638745
187,Dyna-Q,0.35,4900,24500,2.6962679546979307,6.263607903500317,3.567339948802386
187,Dyna-Q,0.35,5000,25000,2.84508627428666,6.263607903500317,3.418521629213657
198,Q-learning,0.0,0,0,-2.0000000000000013,6.263607903500317,8.263607903500318
198,Q-learning,0.0,100,0,-0.2260008626719952,6.263607903500317,6.489608766172312
198,Q-learning,0.0,200,0,-1.9145609500536445,6.263607903500317,8.178168853553961
198,Q-learning,0.0,300,0,-2.004869016627273,6.263607903500317,8.26847692012759
198,Q-learning,0.0,400,0,-1.6148534836105664,6.263607903500317,7.8784613871108835
198,Q-learning,0.0,500,0,5.974099544311741,6.263607903500317,0.2895083591885754
198,Q-learning,0.0,600,0,5.974099544311741,6.263607903500317,0.2895083591885754
198,Q-learning,0.0,700,0,6.22272458098214,6.263607903500317,0.04088332251817661
198,Q-learning,0.0,800,0,6.22272458098214,6.263607903500317,0.04088332251817661
198,Q-learning,0.0,900,0,6.22272458098214,6.263607903500317,0.04088332251817661
198,Q-learning,0.0,1000,0,6.22272458098214,6.263607903500317,0.04088332251817661
198,Q-learning,0.0,1100,0,6.22272458098214,6.263607903500317,0.04088332251817661
198,Q-learning,0.0,1200,0,6.22272458098214,6.263607903500317,0.04088332251817661
198,Q-learning,0.0,1300,0,6.22272458098214,6.263607903500317,0.04088332251817661
198,Q-learning,0.0,1400,0,6.22272458098214,6.263607903500317,0.04088332251817661
198,Q-learning,0.0,1500,0,6.22272458098214,6.263607903500317,0.04088332251817661
198,Q-learning,0.0,1600,0,6.22272458098214,6.263607903500317,0.04088332251817661
198,Q-learning,0.0,1700,0,6.22272458098214,6.263607903500317,0.04088332251817661
198,Q-learning,0.0,1800,0,6.22272458098214,6.263607903500317,0.04088332251817661
198,Q-learning,0.0,1900,0,6.22272458098214,6.263607903500317,0.04088332251817661
198,Q-learning,0.0,2000,0,6.22272458098214,6.263607903500317,0.04088332251817661
198,Q-learning,0.0,2100,0,6.22272458098214,6.263607903500317,0.04088332251817661
198,Q-learning,0.0,2200,0,6.22272458098214,6.263607903500317,0.04088332251817661
198,Q-learning,0.0,2300,0,6.22272458098214,6.263607903500317,0.04088332251817661
198,Q-learning,0.0,2400,0,6.22272458098214,6.263607903500317,0.04088332251817661
198,Q-learning,0.0,2500,0,6.22272458098214,6.263607903500317,0.04088332251817661
198,Q-learning,0.0,2600,0,6.22272458098214,6.263607903500317,0.04088332251817661
198,Q-learning,0.0,2700,0,6.22272458098214,6.263607903500317,0.04088332251817661
198,Q-learning,0.0,2800,0,6.22272458098214,6.263607903500317,0.04088332251817661
198,Q-learning,0.0,2900,0,6.22272458098214,6.263607903500317,0.04088332251817661
198,Q-learning,0.0,3000,0,6.22272458098214,6.263607903500317,0.04088332251817661
198,Q-learning,0.0,3100,0,6.22272458098214,6.263607903500317,0.04088332251817661
198,Q-learning,0.0,3200,0,6.22272458098214,6.263607903500317,0.04088332251817661
198,Q-learning,0.0,3300,0,6.22272458098214,6.263607903500317,0.04088332251817661
198,Q-learning,0.0,3400,0,6.22272458098214,6.263607903500317,0.04088332251817661
198,Q-learning,0.0,3500,0,6.22272458098214,6.263607903500317,0.04088332251817661
198,Q-learning,0.0,3600,0,6.22272458098214,6.263607903500317,0.04088332251817661
198,Q-learning,0.0,3700,0,6.22272458098214,6.263607903500317,0.04088332251817661
198,Q-learning,0.0,3800,0,6.22272458098214,6.263607903500317,0.04088332251817661
198,Q-learning,0.0,3900,0,6.22272458098214,6.263607903500317,0.04088332251817661
198,Q-learning,0.0,4000,0,6.22272458098214,6.263607903500317,0.04088332251817661
198,Q-learning,0.0,4100,0,6.22272458098214,6.263607903500317,0.04088332251817661
198,Q-learning,0.0,4200,0,6.22272458098214,6.263607903500317,0.04088332251817661
198,Q-learning,0.0,4300,0,6.22272458098214,6.263607903500317,0.04088332251817661
198,Q-learning,0.0,4400,0,6.22272458098214,6.263607903500317,0.04088332251817661
198,Q-learning,0.0,4500,0,6.22272458098214,6.263607903500317,0.04088332251817661
198,Q-learning,0.0,4600,0,3.164896784344854,6.263607903500317,3.0987111191554626
198,Q-learning,0.0,4700,0,6.22272458098214,6.263607903500317,0.04088332251817661
198,Q-learning,0.0,4800,0,6.22272458098214,6.263607903500317,0.04088332251817661
198,Q-learning,0.0,4900,0,6.22272458098214,6.263607903500317,0.04088332251817661
198,Q-learning,0.0,5000,0,6.22272458098214,6.263607903500317,0.04088332251817661
198,Dyna-Q,0.0,0,0,-2.0000000000000013,6.263607903500317,8.263607903500318
198,Dyna-Q,0.0,100,500,0.9199597262990015,6.263607903500317,5.343648177201315
198,Dyna-Q,0.0,200,1000,3.1655933834326593,6.263607903500317,3.0980145200676574
198,Dyna-Q,0.0,300,1500,6.078258353273612,6.263607903500317,0.18534955022670463
198,Dyna-Q,0.0,400,2000,6.22272458098214,6.263607903500317,0.04088332251817661
198,Dyna-Q,0.0,500,2500,6.263607903500317,6.263607903500317,0.0
198,Dyna-Q,0.0,600,3000,6.22272458098214,6.263607903500317,0.04088332251817661
198,Dyna-Q,0.0,700,3500,5.683799443594741,6.263607903500317,0.5798084599055757
198,Dyna-Q,0.0,800,4000,6.01519846379977,6.263607903500317,0.24840943970054674
198,Dyna-Q,0.0,900,4500,6.22272458098214,6.263607903500317,0.04088332251817661
198,Dyna-Q,0.0,1000,5000,6.193846386018808,6.263607903500317,0.06976151748150894
198,Dyna-Q,0.0,1100,5500,3.003304705192532,6.263607903500317,3.260303198307785
198,Dyna-Q,0.0,1200,6000,6.193846386018808,6.263607903500317,0.06976151748150894
198,Dyna-Q,0.0,1300,6500,6.2213949688312935,6.263607903500317,0.042212934669023205
198,Dyna-Q,0.0,1400,7000,5.931759148473347,6.263607903500317,0.33184875502696976
198,Dyna-Q,0.0,1500,7500,5.818553387134512,6.263607903500317,0.44505451636580506
198,Dyna-Q,0.0,1600,8000,6.176043293705769,6.263607903500317,0.08756460979454772
198,Dyna-Q,0.0,1700,8500,6.176043293705769,6.263607903500317,0.08756460979454772
198,Dyna-Q,0.0,1800,9000,0.9351237039407039,6.263607903500317,5.328484199559613
198,Dyna-Q,0.0,1900,9500,5.492007356898192,6.263607903500317,0.7716005466021247
198,Dyna-Q,0.0,2000,10000,6.185666047974395,6.263607903500317,0.07794185552592214
198,Dyna-Q,0.0,2100,10500,3.157014876924244,6.263607903500317,3.1065930265760726
198,Dyna-Q,0.0,2200,11000,6.212918072125948,6.263607903500317,0.050689831374368666
198,Dyna-Q,0.0,2300,11500,6.212918072125948,6.263607903500317,0.050689831374368666
198,Dyna-Q,0.0,2400,12000,3.113743438598385,6.263607903500317,3.1498644649019316
198,Dyna-Q,0.0,2500,12500,6.212918072125948,6.263607903500317,0.050689831374368666
198,Dyna-Q,0.0,2600,13000,6.212918072125948,6.263607903500317,0.050689831374368666
198,Dyna-Q,0.0,2700,13500,6.212918072125948,6.263607903500317,0.050689831374368666
198,Dyna-Q,0.0,2800,14000,5.931759148473347,6.263607903500317,0.33184875502696976
198,Dyna-Q,0.0,2900,14500,6.212918072125948,6.263607903500317,0.050689831374368666
198,Dyna-Q,0.0,3000,15000,6.243203409411358,6.263607903500317,0.02040449408895828
198,Dyna-Q,0.0,3100,15500,5.880440240029967,6.263607903500317,0.38316766347035003
198,Dyna-Q,0.0,3200,16000,6.243203409411358,6.263607903500317,0.02040449408895828
198,Dyna-Q,0.0,3300,16500,6.212918072125948,6.263607903500317,0.050689831374368666
198,Dyna-Q,0.0,3400,17000,0.49077045527249513,6.263607903500317,5.772837448227822
198,Dyna-Q,0.0,3500,17500,6.212918072125948,6.263607903500317,0.050689831374368666
198,Dyna-Q,0.0,3600,18000,6.243203409411358,6.263607903500317,0.02040449408895828
198,Dyna-Q,0.0,3700,18500,6.243203409411358,6.263607903500317,0.02040449408895828
198,Dyna-Q,0.0,3800,19000,6.243203409411358,6.263607903500317,0.02040449408895828
198,Dyna-Q,0.0,3900,19500,6.243203409411358,6.263607903500317,0.02040449408895828
198,Dyna-Q,0.0,4000,20000,6.243203409411358,6.263607903500317,0.02040449408895828
198,Dyna-Q,0.0,4100,20500,6.243203409411358,6.263607903500317,0.02040449408895828
198,Dyna-Q,0.0,4200,21000,6.243203409411358,6.263607903500317,0.02040449408895828
198,Dyna-Q,0.0,4300,21500,-0.28091420014751606,6.263607903500317,6.544522103647833
198,Dyna-Q,0.0,4400,22000,5.993662631944226,6.263607903500317,0.2699452715560904
198,Dyna-Q,0.0,4500,22500,6.243203409411358,6.263607903500317,0.02040449408895828
198,Dyna-Q,0.0,4600,23000,6.243203409411358,6.263607903500317,0.02040449408895828
198,Dyna-Q,0.0,4700,23500,6.243203409411358,6.263607903500317,0.02040449408895828
198,Dyna-Q,0.0,4800,24000,6.243203409411358,6.263607903500317,0.02040449408895828
198,Dyna-Q,0.0,4900,24500,6.243203409411358,6.263607903500317,0.02040449408895828
198,Dyna-Q,0.0,5000,25000,0.7167152844379283,6.263607903500317,5.546892619062389
198,Dyna-Q,0.15,0,0,-2.0000000000000013,6.263607903500317,8.263607903500318
198,Dyna-Q,0.15,100,500,-1.191860339070712,6.263607903500317,7.455468242571029
198,Dyna-Q,0.15,200,1000,3.137617186164074,6.263607903500317,3.1259907173362427
198,Dyna-Q,0.15,300,1500,-1.601743341143097,6.263607903500317,7.8653512446434135
198,Dyna-Q,0.15,400,2000,5.542519929509563,6.263607903500317,0.7210879739907536
198,Dyna-Q,0.15,500,2500,5.143751303230116,6.263607903500317,1.119856600270201
198,Dyna-Q,0.15,600,3000,5.563581943206353,6.263607903500317,0.7000259602939636
198,Dyna-Q,0.15,700,3500,5.563581943206353,6.263607903500317,0.7000259602939636
198,Dyna-Q,0.15,800,4000,5.993662631944226,6.263607903500317,0.2699452715560904
198,Dyna-Q,0.15,900,4500,5.9767678265697235,6.263607903500317,0.2868400769305932
198,Dyna-Q,0.15,1000,5000,1.6904203342294675,6.263607903500317,4.573187569270849
198,Dyna-Q,0.15,1100,5500,6.232460761338806,6.263607903500317,0.03114714216151082
198,Dyna-Q,0.15,1200,6000,0.5785204908427877,6.263607903500317,5.685087412657529
198,Dyna-Q,0.15,1300,6500,6.211806779627448,6.263607903500317,0.051801123872868615
198,Dyna-Q,0.15,1400,7000,5.859651973650465,6.263607903500317,0.40395592984985207
198,Dyna-Q,0.15,1500,7500,4.718375094150752,6.263607903500317,1.5452328093495646
198,Dyna-Q,0.15,1600,8000,-6.864799264540176,6.263607903500317,13.128407168040493
198,Dyna-Q,0.15,1700,8500,-1.72749178340326,6.263607903500317,7.991099686903577
198,Dyna-Q,0.15,1800,9000,-1.6975390773438206,6.263607903500317,7.961146980844138
198,Dyna-Q,0.15,1900,9500,5.631200650184651,6.263607903500317,0.6324072533156659
198,Dyna-Q,0.15,2000,10000,6.007853002438472,6.263607903500317,0.2557549010618443
198,Dyna-Q,0.15,2100,10500,5.538426670424038,6.263607903500317,0.7251812330762784
198,Dyna-Q,0.15,2200,11000,2.8069193813223468,6.263607903500317,3.45668852217797
198,Dyna-Q,0.15,2300,11500,3.19412498766408,6.263607903500317,3.069482915836237
198,Dyna-Q,0.15,2400,12000,3.0687765371302778,6.263607903500317,3.194831366370039
198,Dyna-Q,0.15,2500,12500,3.2292781795560637,6.263607903500317,3.034329723944253
198,Dyna-Q,0.15,2600,13000,2.986327429245669,6.263607903500317,3.2772804742546477
198,Dyna-Q,0.15,2700,13500,5.568403735981845,6.263607903500317,0.6952041675184715
198,Dyna-Q,0.15,2800,14000,5.568403735981845,6.263607903500317,0.6952041675184715
198,Dyna-Q,0.15,2900,14500,5.893294029122491,6.263607903500317,0.3703138743778256
198,Dyna-Q,0.15,3000,15000,3.1424294363443277,6.263607903500317,3.121178467155989
198,Dyna-Q,0.15,3100,15500,2.7205052733107253,6.263607903500317,3.5431026301895914
198,Dyna-Q,0.15,3200,16000,5.640659236361686,6.263607903500317,0.6229486671386306
198,Dyna-Q,0.15,3300,16500,5.661057093178095,6.263607903500317,0.6025508103222217
198,Dyna-Q,0.15,3400,17000,2.787934951206378,6.263607903500317,3.4756729522939387
198,Dyna-Q,0.15,3500,17500,5.247523719540828,6.263607903500317,1.0160841839594887
198,Dyna-Q,0.15,3600,18000,6.205013768553916,6.263607903500317,0.05859413494640098
198,Dyna-Q,0.15,3700,18500,6.205013768553916,6.263607903500317,0.05859413494640098
198,Dyna-Q,0.15,3800,19000,6.205013768553916,6.263607903500317,0.05859413494640098
198,Dyna-Q,0.15,3900,19500,5.635187847910571,6.263607903500317,0.6284200555897455
198,Dyna-Q,0.15,4000,20000,1.5989671695658818,6.263607903500317,4.664640733934435
198,Dyna-Q,0.15,4100,20500,3.0572191948692318,6.263607903500317,3.206388708631085
198,Dyna-Q,0.15,4200,21000,6.185321520045308,6.263607903500317,0.07828638345500849
198,Dyna-Q,0.15,4300,21500,1.778135063728694,6.263607903500317,4.485472839771623
198,Dyna-Q,0.15,4400,22000,6.256124060693601,6.263607903500317,0.007483842806715657
198,Dyna-Q,0.15,4500,22500,6.256124060693601,6.263607903500317,0.007483842806715657
198,Dyna-Q,0.15,4600,23000,-1.2076371456121195,6.263607903500317,7.4712450491124365
198,Dyna-Q,0.15,4700,23500,3.1493612727231324,6.263607903500317,3.1142466307771843
198,Dyna-Q,0.15,4800,24000,6.109166337497453,6.263607903500317,0.15444156600286352
198,Dyna-Q,0.15,4900,24500,6.256162817535298,6.263607903500317,0.007445085965018805
198,Dyna-Q,0.15,5000,25000,5.783418599772818,6.263607903500317,0.48018930372749846
198,Dyna-Q,0.35,0,0,-2.0000000000000013,6.263607903500317,8.263607903500318
198,Dyna-Q,0.35,100,500,2.97489647224678,6.263607903500317,3.2887114312535366
198,Dyna-Q,0.35,200,1000,-1.365696689867319,6.263607903500317,7.629304593367635
198,Dyna-Q,0.35,300,1500,-0.8415545300429117,6.263607903500317,7.105162433543228
198,Dyna-Q,0.35,400,2000,5.378484295257962,6.263607903500317,0.8851236082423544
198,Dyna-Q,0.35,500,2500,1.1757198031571177,6.263607903500317,5.087888100343199
198,Dyna-Q,0.35,600,3000,5.885855694234333,6.263607903500317,0.3777522092659833
198,Dyna-Q,0.35,700,3500,6.210539532939168,6.263607903500317,0.05306837056114855
198,Dyna-Q,0.35,800,4000,5.840375225756819,6.263607903500317,0.4232326777434974
198,Dyna-Q,0.35,900,4500,5.872883164702657,6.263607903500317,0.39072473879766
198,Dyna-Q,0.35,1000,5000,6.129706864312528,6.263607903500317,0.13390103918778884
198,Dyna-Q,0.35,1100,5500,2.3968861528607253,6.263607903500317,3.8667217506395914
198,Dyna-Q,0.35,1200,6000,6.119179093899269,6.263607903500317,0.14442880960104798
198,Dyna-Q,0.35,1300,6500,5.773815821273203,6.263607903500317,0.48979208222711357
198,Dyna-Q,0.35,1400,7000,6.041082284869391,6.263607903500317,0.22252561863092613
198,Dyna-Q,0.35,1500,7500,5.715453133443874,6.263607903500317,0.5481547700564429
198,Dyna-Q,0.35,1600,8000,3.1005390832442177,6.263607903500317,3.163068820256099
198,Dyna-Q,0.35,1700,8500,2.3206214933386806,6.263607903500317,3.942986410161636
198,Dyna-Q,0.35,1800,9000,0.1667651817063837,6.263607903500317,6.096842721793933
198,Dyna-Q,0.35,1900,9500,-0.9056886351603382,6.263607903500317,7.169296538660655
198,Dyna-Q,0.35,2000,10000,3.021004434150105,6.263607903500317,3.242603469350212
198,Dyna-Q,0.35,2100,10500,5.818565683802653,6.263607903500317,0.44504221969766355
198,Dyna-Q,0.35,2200,11000,5.844413397660955,6.263607903500317,0.4191945058393616
198,Dyna-Q,0.35,2300,11500,5.539978995480927,6.263607903500317,0.7236289080193901
198,Dyna-Q,0.35,2400,12000,2.9583613115580016,6.263607903500317,3.305246591942315
198,Dyna-Q,0.35,2500,12500,3.1234223240526124,6.263607903500317,3.1401855794477043
198,Dyna-Q,0.35,2600,13000,6.135704438170393,6.263607903500317,0.1279034653299238
198,Dyna-Q,0.35,2700,13500,6.150799983092067,6.263607903500317,0.11280792040824927
198,Dyna-Q,0.35,2800,14000,6.158741164889287,6.263607903500317,0.10486673861102958
198,Dyna-Q,0.35,2900,14500,5.676687905644257,6.263607903500317,0.58691999785606
198,Dyna-Q,0.35,3000,15000,-1.280016605332334,6.263607903500317,7.543624508832651
198,Dyna-Q,0.35,3100,15500,6.212918072125948,6.263607903500317,0.050689831374368666
198,Dyna-Q,0.35,3200,16000,3.059150355973344,6.263607903500317,3.2044575475269728
198,Dyna-Q,0.35,3300,16500,3.7217461049244083,6.263607903500317,2.5418617985759084
198,Dyna-Q,0.35,3400,17000,0.42180198669289715,6.263607903500317,5.841805916807419
198,Dyna-Q,0.35,3500,17500,2.5729607087892115,6.263607903500317,3.6906471947111053
198,Dyna-Q,0.35,3600,18000,5.589287010329408,6.263607903500317,0.6743208931709086
198,Dyna-Q,0.35,3700,18500,6.003878015889222,6.263607903500317,0.25972988761109495
198,Dyna-Q,0.35,3800,19000,2.2567818935810116,6.263607903500317,4.006826009919305
198,Dyna-Q,0.35,3900,19500,3.253343532069664,6.263607903500317,3.0102643714306527
198,Dyna-Q,0.35,4000,20000,5.068790735611658,6.263607903500317,1.194817167888659
198,Dyna-Q,0.35,4100,20500,2.953207175138226,6.263607903500317,3.3104007283620906
198,Dyna-Q,0.35,4200,21000,6.169121988199561,6.263607903500317,0.09448591530075579
198,Dyna-Q,0.35,4300,21500,0.3684372126527696,6.263607903500317,5.895170690847547
198,Dyna-Q,0.35,4400,22000,5.859651973650465,6.263607903500317,0.40395592984985207
198,Dyna-Q,0.35,4500,22500,-0.5670141325646966,6.263607903500317,6.830622036065013
198,Dyna-Q,0.35,4600,23000,5.126804139925791,6.263607903500317,1.1368037635745258
198,Dyna-Q,0.35,4700,23500,5.9704132523794256,6.263607903500317,0.29319465112089116
198,Dyna-Q,0.35,4800,24000,3.4008970609916958,6.263607903500317,2.862710842508621
198,Dyna-Q,0.35,4900,24500,6.165006198787381,6.263607903500317,0.0986017047129355
198,Dyna-Q,0.35,5000,25000,6.120366028352298,6.263607903500317,0.14324187514801867
209,Q-learning,0.0,0,0,-2.0000000000000013,6.263607903500317,8.263607903500318
209,Q-learning,0.0,100,0,-2.0673922111847216,6.263607903500317,8.331000114685038
209,Q-learning,0.0,200,0,-1.1187853216557833,6.263607903500317,7.3823932251561
209,Q-learning,0.0,300,0,-1.9140469530599624,6.263607903500317,8.17765485656028
209,Q-learning,0.0,400,0,-1.299943215230959,6.263607903500317,7.563551118731276
209,Q-learning,0.0,500,0,5.8705580311818535,6.263607903500317,0.3930498723184632
209,Q-learning,0.0,600,0,2.9069115766067863,6.263607903500317,3.3566963268935304
209,Q-learning,0.0,700,0,5.850901720891907,6.263607903500317,0.4127061826084093
209,Q-learning,0.0,800,0,5.844227669812541,6.263607903500317,0.4193802336877761
209,Q-learning,0.0,900,0,5.844227669812541,6.263607903500317,0.4193802336877761
209,Q-learning,0.0,1000,0,5.844227669812541,6.263607903500317,0.4193802336877761
209,Q-learning,0.0,1100,0,5.844227669812541,6.263607903500317,0.4193802336877761
209,Q-learning,0.0,1200,0,5.844227669812541,6.263607903500317,0.4193802336877761
209,Q-learning,0.0,1300,0,5.844227669812541,6.263607903500317,0.4193802336877761
209,Q-learning,0.0,1400,0,5.844227669812541,6.263607903500317,0.4193802336877761
209,Q-learning,0.0,1500,0,5.844227669812541,6.263607903500317,0.4193802336877761
209,Q-learning,0.0,1600,0,5.844227669812541,6.263607903500317,0.4193802336877761
209,Q-learning,0.0,1700,0,5.844227669812541,6.263607903500317,0.4193802336877761
209,Q-learning,0.0,1800,0,5.844227669812541,6.263607903500317,0.4193802336877761
209,Q-learning,0.0,1900,0,5.844227669812541,6.263607903500317,0.4193802336877761
209,Q-learning,0.0,2000,0,5.844227669812541,6.263607903500317,0.4193802336877761
209,Q-learning,0.0,2100,0,5.844227669812541,6.263607903500317,0.4193802336877761
209,Q-learning,0.0,2200,0,5.844227669812541,6.263607903500317,0.4193802336877761
209,Q-learning,0.0,2300,0,5.844227669812541,6.263607903500317,0.4193802336877761
209,Q-learning,0.0,2400,0,5.844227669812541,6.263607903500317,0.4193802336877761
209,Q-learning,0.0,2500,0,5.844227669812541,6.263607903500317,0.4193802336877761
209,Q-learning,0.0,2600,0,5.844227669812541,6.263607903500317,0.4193802336877761
209,Q-learning,0.0,2700,0,5.844227669812541,6.263607903500317,0.4193802336877761
209,Q-learning,0.0,2800,0,5.844227669812541,6.263607903500317,0.4193802336877761
209,Q-learning,0.0,2900,0,5.844227669812541,6.263607903500317,0.4193802336877761
209,Q-learning,0.0,3000,0,5.844227669812541,6.263607903500317,0.4193802336877761
209,Q-learning,0.0,3100,0,5.893294029122491,6.263607903500317,0.3703138743778256
209,Q-learning,0.0,3200,0,5.893294029122491,6.263607903500317,0.3703138743778256
209,Q-learning,0.0,3300,0,5.893294029122491,6.263607903500317,0.3703138743778256
209,Q-learning,0.0,3400,0,5.893294029122491,6.263607903500317,0.3703138743778256
209,Q-learning,0.0,3500,0,5.893294029122491,6.263607903500317,0.3703138743778256
209,Q-learning,0.0,3600,0,5.893294029122491,6.263607903500317,0.3703138743778256
209,Q-learning,0.0,3700,0,5.893294029122491,6.263607903500317,0.3703138743778256
209,Q-learning,0.0,3800,0,5.893294029122491,6.263607903500317,0.3703138743778256
209,Q-learning,0.0,3900,0,5.893294029122491,6.263607903500317,0.3703138743778256
209,Q-learning,0.0,4000,0,6.193846386018808,6.263607903500317,0.06976151748150894
209,Q-learning,0.0,4100,0,6.193846386018808,6.263607903500317,0.06976151748150894
209,Q-learning,0.0,4200,0,6.193846386018808,6.263607903500317,0.06976151748150894
209,Q-learning,0.0,4300,0,6.193846386018808,6.263607903500317,0.06976151748150894
209,Q-learning,0.0,4400,0,6.193846386018808,6.263607903500317,0.06976151748150894
209,Q-learning,0.0,4500,0,6.193846386018808,6.263607903500317,0.06976151748150894
209,Q-learning,0.0,4600,0,6.193846386018808,6.263607903500317,0.06976151748150894
209,Q-learning,0.0,4700,0,3.1922227487925734,6.263607903500317,3.0713851547077433
209,Q-learning,0.0,4800,0,6.193846386018808,6.263607903500317,0.06976151748150894
209,Q-learning,0.0,4900,0,6.193846386018808,6.263607903500317,0.06976151748150894
209,Q-learning,0.0,5000,0,6.193846386018808,6.263607903500317,0.06976151748150894
209,Dyna-Q,0.0,0,0,-2.0000000000000013,6.263607903500317,8.263607903500318
209,Dyna-Q,0.0,100,500,-7.5494383744291005,6.263607903500317,13.813046277929416
209,Dyna-Q,0.0,200,1000,3.0687765371302778,6.263607903500317,3.194831366370039
209,Dyna-Q,0.0,300,1500,6.211806779627448,6.263607903500317,0.051801123872868615
209,Dyna-Q,0.0,400,2000,6.164118273041513,6.263607903500317,0.09948963045880355
209,Dyna-Q,0.0,500,2500,6.223425183413039,6.263607903500317,0.040182720087277524
209,Dyna-Q,0.0,600,3000,6.223425183413039,6.263607903500317,0.040182720087277524
209,Dyna-Q,0.0,700,3500,6.231539167543261,6.263607903500317,0.03206873595705595
209,Dyna-Q,0.0,800,4000,6.206546556333086,6.263607903500317,0.05706134716723099
209,Dyna-Q,0.0,900,4500,6.237175951074367,6.263607903500317,0.026431952425949312
209,Dyna-Q,0.0,1000,5000,6.2253460094130855,6.263607903500317,0.03826189408723124
209,Dyna-Q,0.0,1100,5500,-1.9123086131703906,6.263607903500317,8.175916516670707
209,Dyna-Q,0.0,1200,6000,3.0592648467490484,6.263607903500317,3.2043430567512683
209,Dyna-Q,0.0,1300,6500,6.22272458098214,6.263607903500317,0.04088332251817661
209,Dyna-Q,0.0,1400,7000,-0.6380151221068312,6.263607903500317,6.901623025607148
209,Dyna-Q,0.0,1500,7500,2.984409732290795,6.263607903500317,3.2791981712095217
209,Dyna-Q,0.0,1600,8000,5.970945966434337,6.263607903500317,0.2926619370659793
209,Dyna-Q,0.0,1700,8500,5.970945966434337,6.263607903500317,0.2926619370659793
209,Dyna-Q,0.0,1800,9000,5.970945966434337,6.263607903500317,0.2926619370659793
209,Dyna-Q,0.0,1900,9500,6.256162817535298,6.263607903500317,0.007445085965018805
209,Dyna-Q,0.0,2000,10000,6.256162817535298,6.263607903500317,0.007445085965018805
209,Dyna-Q,0.0,2100,10500,3.245017292860767,6.263607903500317,3.0185906106395497
209,Dyna-Q,0.0,2200,11000,6.263607903500317,6.263607903500317,0.0
209,Dyna-Q,0.0,2300,11500,6.263607903500317,6.263607903500317,0.0
209,Dyna-Q,0.0,2400,12000,6.263607903500317,6.263607903500317,0.0
209,Dyna-Q,0.0,2500,12500,6.263607903500317,6.263607903500317,0.0
209,Dyna-Q,0.0,2600,13000,6.263607903500317,6.263607903500317,0.0
209,Dyna-Q,0.0,2700,13500,3.310599321923526,6.263607903500317,2.953008581576791
209,Dyna-Q,0.0,2800,14000,6.263607903500317,6.263607903500317,0.0
209,Dyna-Q,0.0,2900,14500,6.22272458098214,6.263607903500317,0.04088332251817661
209,Dyna-Q,0.0,3000,15000,6.205013768553916,6.263607903500317,0.05859413494640098
209,Dyna-Q,0.0,3100,15500,6.205013768553916,6.263607903500317,0.05859413494640098
209,Dyna-Q,0.0,3200,16000,-1.778865085156602,6.263607903500317,8.042472988656918
209,Dyna-Q,0.0,3300,16500,6.177470404374029,6.263607903500317,0.08613749912628776
209,Dyna-Q,0.0,3400,17000,6.205013768553916,6.263607903500317,0.05859413494640098
209,Dyna-Q,0.0,3500,17500,6.2254116253703256,6.263607903500317,0.03819627812999116
209,Dyna-Q,0.0,3600,18000,6.231539167543261,6.263607903500317,0.03206873595705595
209,Dyna-Q,0.0,3700,18500,0.7795272680849927,6.263607903500317,5.484080635415324
209,Dyna-Q,0.0,3800,19000,3.175095824454827,6.263607903500317,3.08851207904549
209,Dyna-Q,0.0,3900,19500,3.0096835236732904,6.263607903500317,3.2539243798270263
209,Dyna-Q,0.0,4000,20000,6.263607903500317,6.263607903500317,0.0
209,Dyna-Q,0.0,4100,20500,6.263607903500317,6.263607903500317,0.0
209,Dyna-Q,0.0,4200,21000,6.263607903500317,6.263607903500317,0.0
209,Dyna-Q,0.0,4300,21500,6.22272458098214,6.263607903500317,0.04088332251817661
209,Dyna-Q,0.0,4400,22000,6.256162817535298,6.263607903500317,0.007445085965018805
209,Dyna-Q,0.0,4500,22500,6.256162817535298,6.263607903500317,0.007445085965018805
209,Dyna-Q,0.0,4600,23000,6.256162817535298,6.263607903500317,0.007445085965018805
209,Dyna-Q,0.0,4700,23500,6.256162817535298,6.263607903500317,0.007445085965018805
209,Dyna-Q,0.0,4800,24000,6.01519846379977,6.263607903500317,0.24840943970054674
209,Dyna-Q,0.0,4900,24500,6.263607903500317,6.263607903500317,0.0
209,Dyna-Q,0.0,5000,25000,6.263607903500317,6.263607903500317,0.0
209,Dyna-Q,0.15,0,0,-2.0000000000000013,6.263607903500317,8.263607903500318
209,Dyna-Q,0.15,100,500,0.7237209824272525,6.263607903500317,5.539886921073064
209,Dyna-Q,0.15,200,1000,-1.9082379983336288,6.263607903500317,8.171845901833946
209,Dyna-Q,0.15,300,1500,-1.9642454984768045,6.263607903500317,8.227853401977121
209,Dyna-Q,0.15,400,2000,2.5022285193987606,6.263607903500317,3.761379384101556
209,Dyna-Q,0.15,500,2500,5.033464897944242,6.263607903500317,1.2301430055560747
209,Dyna-Q,0.15,600,3000,5.40226032020153,6.263607903500317,0.8613475832987865
209,Dyna-Q,0.15,700,3500,5.412659881012983,6.263607903500317,0.8509480224873336
209,Dyna-Q,0.15,800,4000,5.366941843095537,6.263607903500317,0.8966660604047796
209,Dyna-Q,0.15,900,4500,5.366439872831238,6.263607903500317,0.8971680306690786
209,Dyna-Q,0.15,1000,5000,2.0659521749782077,6.263607903500317,4.197655728522109
209,Dyna-Q,0.15,1100,5500,5.016708047008094,6.263607903500317,1.246899856492223
209,Dyna-Q,0.15,1200,6000,5.042607630911852,6.263607903500317,1.2210002725884648
209,Dyna-Q,0.15,1300,6500,4.472475210483475,6.263607903500317,1.7911326930168414
209,Dyna-Q,0.15,1400,7000,2.25040132253163,6.263607903500317,4.013206580968687
209,Dyna-Q,0.15,1500,7500,1.8549293867029364,6.263607903500317,4.40867851679738
209,Dyna-Q,0.15,1600,8000,5.181251440173363,6.263607903500317,1.0823564633269536
209,Dyna-Q,0.15,1700,8500,2.382029862917365,6.263607903500317,3.881578040582952
209,Dyna-Q,0.15,1800,9000,0.5746023524105962,6.263607903500317,5.68900555108972
209,Dyna-Q,0.15,1900,9500,0.7477667040843348,6.263607903500317,5.515841199415982
209,Dyna-Q,0.15,2000,10000,-0.4801128328881763,6.263607903500317,6.743720736388493
209,Dyna-Q,0.15,2100,10500,-1.8133303303185477,6.263607903500317,8.076938233818865
209,Dyna-Q,0.15,2200,11000,-1.9998020085387966,6.263607903500317,8.263409912039114
209,Dyna-Q,0.15,2300,11500,-2.0000000000000013,6.263607903500317,8.263607903500318
209,Dyna-Q,0.15,2400,12000,-1.9996959600142434,6.263607903500317,8.26330386351456
209,Dyna-Q,0.15,2500,12500,-1.9934840239634246,6.263607903500317,8.25709192746374
209,Dyna-Q,0.15,2600,13000,5.365843187414806,6.263607903500317,0.8977647160855105
209,Dyna-Q,0.15,2700,13500,5.37243066608083,6.263607903500317,0.8911772374194866
209,Dyna-Q,0.15,2800,14000,2.1576197071143324,6.263607903500317,4.105988196385985
209,Dyna-Q,0.15,2900,14500,1.668142932093235,6.263607903500317,4.595464971407082
209,Dyna-Q,0.15,3000,15000,4.8504604082278595,6.263607903500317,1.4131474952724572
209,Dyna-Q,0.15,3100,15500,4.848609892164076,6.263607903500317,1.414998011336241
209,Dyna-Q,0.15,3200,16000,2.4932168399836594,6.263607903500317,3.7703910635166573
209,Dyna-Q,0.15,3300,16500,4.243697575692479,6.263607903500317,2.019910327807838
209,Dyna-Q,0.15,3400,17000,4.662926748839138,6.263607903500317,1.6006811546611788
209,Dyna-Q,0.15,3500,17500,4.914740598156701,6.263607903500317,1.3488673053436155
209,Dyna-Q,0.15,3600,18000,0.8926579588650119,6.263607903500317,5.370949944635305
209,Dyna-Q,0.15,3700,18500,-1.312003979547039,6.263607903500317,7.5756118830473556
209,Dyna-Q,0.15,3800,19000,1.947454228328157,6.263607903500317,4.31615367517216
209,Dyna-Q,0.15,3900,19500,5.336381637571647,6.263607903500317,0.9272262659286694
209,Dyna-Q,0.15,4000,20000,-1.93630471581918,6.263607903500317,8.199912619319496
209,Dyna-Q,0.15,4100,20500,-1.9283231663350067,6.263607903500317,8.191931069835324
209,Dyna-Q,0.15,4200,21000,5.388961478434764,6.263607903500317,0.8746464250655528
209,Dyna-Q,0.15,4300,21500,5.356358835035411,6.263607903500317,0.9072490684649059
209,Dyna-Q,0.15,4400,22000,2.632150305953462,6.263607903500317,3.631457597546855
209,Dyna-Q,0.15,4500,22500,5.40631182939846,6.263607903500317,0.8572960741018569
209,Dyna-Q,0.15,4600,23000,5.402262998810573,6.263607903500317,0.8613449046897435
209,Dyna-Q,0.15,4700,23500,2.18603999435987,6.263607903500317,4.077567909140447
209,Dyna-Q,0.15,4800,24000,5.3957002516286945,6.263607903500317,0.8679076518716222
209,Dyna-Q,0.15,4900,24500,5.389667202971369,6.263607903500317,0.8739407005289479
209,Dyna-Q,0.15,5000,25000,5.383636669595621,6.263607903500317,0.8799712339046959
209,Dyna-Q,0.35,0,0,-2.0000000000000013,6.263607903500317,8.263607903500318
209,Dyna-Q,0.35,100,500,-1.9762655830852613,6.263607903500317,8.239873486585578
209,Dyna-Q,0.35,200,1000,-2.0355599261046056,6.263607903500317,8.299167829604922
209,Dyna-Q,0.35,300,1500,4.784278300876635,6.263607903500317,1.4793296026236815
209,Dyna-Q,0.35,400,2000,5.058998286381922,6.263607903500317,1.204609617118395
209,Dyna-Q,0.35,500,2500,-1.8500143809817802,6.263607903500317,8.113622284482098
209,Dyna-Q,0.35,600,3000,-1.6323996349016798,6.263607903500317,7.896007538401997
209,Dyna-Q,0.35,700,3500,2.2323809719929337,6.263607903500317,4.031226931507383
209,Dyna-Q,0.35,800,4000,2.316101650362615,6.263607903500317,3.9475062531377016
209,Dyna-Q,0.35,900,4500,-2.000237611429125,6.263607903500317,8.263845514929441
209,Dyna-Q,0.35,1000,5000,-2.0006581779186083,6.263607903500317,8.264266081418924
209,Dyna-Q,0.35,1100,5500,5.035316164495225,6.263607903500317,1.2282917390050914
209,Dyna-Q,0.35,1200,6000,-0.3887462657356358,6.263607903500317,6.652354169235952
209,Dyna-Q,0.35,1300,6500,6.1340144286468945,6.263607903500317,0.1295934748534222
209,Dyna-Q,0.35,1400,7000,2.418831065896429,6.263607903500317,3.8447768376038876
209,Dyna-Q,0.35,1500,7500,2.6465469311502123,6.263607903500317,3.6170609723501044
209,Dyna-Q,0.35,1600,8000,5.567857200290066,6.263607903500317,0.6957507032102503
209,Dyna-Q,0.35,1700,8500,5.430718870074437,6.263607903500317,0.8328890334258796
209,Dyna-Q,0.35,1800,9000,2.9623524132865917,6.263607903500317,3.301255490213725
209,Dyna-Q,0.35,1900,9500,2.647544695534321,6.263607903500317,3.6160632079659956
209,Dyna-Q,0.35,2000,10000,5.487302536306578,6.263607903500317,0.7763053671937383
209,Dyna-Q,0.35,2100,10500,6.073234981515036,6.263607903500317,0.190372921985281
209,Dyna-Q,0.35,2200,11000,1.6063931745947424,6.263607903500317,4.657214728905574
209,Dyna-Q,0.35,2300,11500,6.1167202541204935,6.263607903500317,0.14688764937982324
209,Dyna-Q,0.35,2400,12000,5.8846138327478155,6.263607903500317,0.37899407075250124
209,Dyna-Q,0.35,2500,12500,-1.2800166053323456,6.263607903500317,7.543624508832663
209,Dyna-Q,0.35,2600,13000,0.618494230551764,6.263607903500317,5.645113672948552
209,Dyna-Q,0.35,2700,13500,5.973505358928284,6.263607903500317,0.2901025445720329
209,Dyna-Q,0.35,2800,14000,6.232265444802723,6.263607903500317,0.03134245869759411
209,Dyna-Q,0.35,2900,14500,4.691121765481169,6.263607903500317,1.5724861380191477
209,Dyna-Q,0.35,3000,15000,3.5455071636343964,6.263607903500317,2.7181007398659203
209,Dyna-Q,0.35,3100,15500,-1.578269888909898,6.263607903500317,7.841877792410215
209,Dyna-Q,0.35,3200,16000,5.4910646703799015,6.263607903500317,0.7725432331204152
209,Dyna-Q,0.35,3300,16500,5.866316935496844,6.263607903500317,0.39729096800347286
209,Dyna-Q,0.35,3400,17000,2.2633827998022866,6.263607903500317,4.00022510369803
209,Dyna-Q,0.35,3500,17500,-0.36393313357301066,6.263607903500317,6.627541037073327
209,Dyna-Q,0.35,3600,18000,6.178504404186949,6.263607903500317,0.08510349931336769
209,Dyna-Q,0.35,3700,18500,-1.3133030008907307,6.263607903500317,7.576910904391047
209,Dyna-Q,0.35,3800,19000,6.211806779627448,6.263607903500317,0.051801123872868615
209,Dyna-Q,0.35,3900,19500,0.5962652518165148,6.263607903500317,5.667342651683802
209,Dyna-Q,0.35,4000,20000,6.08023790002849,6.263607903500317,0.18337000347182641
209,Dyna-Q,0.35,4100,20500,2.759953813418776,6.263607903500317,3.5036540900815405
209,Dyna-Q,0.35,4200,21000,3.0294014730480323,6.263607903500317,3.2342064304522844
209,Dyna-Q,0.35,4300,21500,1.471507312985079,6.263607903500317,4.792100590515238
209,Dyna-Q,0.35,4400,22000,2.314237349015681,6.263607903500317,3.9493705544846356
209,Dyna-Q,0.35,4500,22500,0.625371352326442,6.263607903500317,5.638236551173875
209,Dyna-Q,0.35,4600,23000,5.974099544311741,6.263607903500317,0.2895083591885754
209,Dyna-Q,0.35,4700,23500,2.4112673226611756,6.263607903500317,3.852340580839141
209,Dyna-Q,0.35,4800,24000,-0.946833272197093,6.263607903500317,7.21044117569741
209,Dyna-Q,0.35,4900,24500,2.377594951502178,6.263607903500317,3.8860129519981386
209,Dyna-Q,0.35,5000,25000,3.1228622387048293,6.263607903500317,3.1407456647954874
220,Q-learning,0.0,0,0,-2.0000000000000013,6.263607903500317,8.263607903500318
220,Q-learning,0.0,100,0,-1.6673888818135016,6.263607903500317,7.930996785313818
220,Q-learning,0.0,200,0,0.760013866164747,6.263607903500317,5.50359403733557
220,Q-learning,0.0,300,0,-2.0000000000000013,6.263607903500317,8.263607903500318
220,Q-learning,0.0,400,0,-1.6180585565078078,6.263607903500317,7.881666460008125
220,Q-learning,0.0,500,0,1.208817589274725,6.263607903500317,5.054790314225592
220,Q-learning,0.0,600,0,6.200877408616011,6.263607903500317,0.06273049488430527
220,Q-learning,0.0,700,0,6.208398301384701,6.263607903500317,0.05520960211561565
220,Q-learning,0.0,800,0,6.208398301384701,6.263607903500317,0.05520960211561565
220,Q-learning,0.0,900,0,6.208398301384701,6.263607903500317,0.05520960211561565
220,Q-learning,0.0,1000,0,6.208398301384701,6.263607903500317,0.05520960211561565
220,Q-learning,0.0,1100,0,6.2088345499831465,6.263607903500317,0.054773353517170165
220,Q-learning,0.0,1200,0,6.2088345499831465,6.263607903500317,0.054773353517170165
220,Q-learning,0.0,1300,0,6.200737340836183,6.263607903500317,0.06287056266413327
220,Q-learning,0.0,1400,0,6.212918072125948,6.263607903500317,0.050689831374368666
220,Q-learning,0.0,1500,0,6.212918072125948,6.263607903500317,0.050689831374368666
220,Q-learning,0.0,1600,0,6.212918072125948,6.263607903500317,0.050689831374368666
220,Q-learning,0.0,1700,0,6.212918072125948,6.263607903500317,0.050689831374368666
220,Q-learning,0.0,1800,0,6.212918072125948,6.263607903500317,0.050689831374368666
220,Q-learning,0.0,1900,0,6.212918072125948,6.263607903500317,0.050689831374368666
220,Q-learning,0.0,2000,0,6.212918072125948,6.263607903500317,0.050689831374368666
220,Q-learning,0.0,2100,0,6.212918072125948,6.263607903500317,0.050689831374368666
220,Q-learning,0.0,2200,0,6.212918072125948,6.263607903500317,0.050689831374368666
220,Q-learning,0.0,2300,0,6.212918072125948,6.263607903500317,0.050689831374368666
220,Q-learning,0.0,2400,0,6.212918072125948,6.263607903500317,0.050689831374368666
220,Q-learning,0.0,2500,0,3.1278899386981203,6.263607903500317,3.1357179648021964
220,Q-learning,0.0,2600,0,6.212918072125948,6.263607903500317,0.050689831374368666
220,Q-learning,0.0,2700,0,6.212918072125948,6.263607903500317,0.050689831374368666
220,Q-learning,0.0,2800,0,6.212918072125948,6.263607903500317,0.050689831374368666
220,Q-learning,0.0,2900,0,6.212918072125948,6.263607903500317,0.050689831374368666
220,Q-learning,0.0,3000,0,6.212918072125948,6.263607903500317,0.050689831374368666
220,Q-learning,0.0,3100,0,6.212918072125948,6.263607903500317,0.050689831374368666
220,Q-learning,0.0,3200,0,6.212918072125948,6.263607903500317,0.050689831374368666
220,Q-learning,0.0,3300,0,6.212918072125948,6.263607903500317,0.050689831374368666
220,Q-learning,0.0,3400,0,6.212918072125948,6.263607903500317,0.050689831374368666
220,Q-learning,0.0,3500,0,3.1278899386981203,6.263607903500317,3.1357179648021964
220,Q-learning,0.0,3600,0,6.212918072125948,6.263607903500317,0.050689831374368666
220,Q-learning,0.0,3700,0,6.212918072125948,6.263607903500317,0.050689831374368666
220,Q-learning,0.0,3800,0,6.212918072125948,6.263607903500317,0.050689831374368666
220,Q-learning,0.0,3900,0,6.212918072125948,6.263607903500317,0.050689831374368666
220,Q-learning,0.0,4000,0,6.212918072125948,6.263607903500317,0.050689831374368666
220,Q-learning,0.0,4100,0,6.212918072125948,6.263607903500317,0.050689831374368666
220,Q-learning,0.0,4200,0,6.212918072125948,6.263607903500317,0.050689831374368666
220,Q-learning,0.0,4300,0,6.212918072125948,6.263607903500317,0.050689831374368666
220,Q-learning,0.0,4400,0,6.212918072125948,6.263607903500317,0.050689831374368666
220,Q-learning,0.0,4500,0,6.212918072125948,6.263607903500317,0.050689831374368666
220,Q-learning,0.0,4600,0,6.212918072125948,6.263607903500317,0.050689831374368666
220,Q-learning,0.0,4700,0,6.212918072125948,6.263607903500317,0.050689831374368666
220,Q-learning,0.0,4800,0,6.212918072125948,6.263607903500317,0.050689831374368666
220,Q-learning,0.0,4900,0,6.212918072125948,6.263607903500317,0.050689831374368666
220,Q-learning,0.0,5000,0,6.212918072125948,6.263607903500317,0.050689831374368666
220,Dyna-Q,0.0,0,0,-2.0000000000000013,6.263607903500317,8.263607903500318
220,Dyna-Q,0.0,100,500,0.8809876825658963,6.263607903500317,5.38262022093442
220,Dyna-Q,0.0,200,1000,6.2239491006866325,6.263607903500317,0.03965880281368417
220,Dyna-Q,0.0,300,1500,6.205480720164309,6.263607903500317,0.058127183336007526
220,Dyna-Q,0.0,400,2000,6.2215376657788966,6.263607903500317,0.042070237721420156
220,Dyna-Q,0.0,500,2500,3.20240059809969,6.263607903500317,3.0612073054006266
220,Dyna-Q,0.0,600,3000,2.873980673499659,6.263607903500317,3.3896272300006576
220,Dyna-Q,0.0,700,3500,3.062165987729961,6.263607903500317,3.2014419157703555
220,Dyna-Q,0.0,800,4000,-1.8415230247203467,6.263607903500317,8.105130928220664
220,Dyna-Q,0.0,900,4500,6.003131097532736,6.263607903500317,0.2604768059675804
220,Dyna-Q,0.0,1000,5000,6.070427518475265,6.263607903500317,0.19318038502505175
220,Dyna-Q,0.0,1100,5500,6.086085969607805,6.263607903500317,0.17752193389251136
220,Dyna-Q,0.0,1200,6000,6.087239696824565,6.263607903500317,0.17636820667575215
220,Dyna-Q,0.0,1300,6500,1.0812643944962959,6.263607903500317,5.182343509004021
220,Dyna-Q,0.0,1400,7000,6.11592004185325,6.263607903500317,0.14768786164706693
220,Dyna-Q,0.0,1500,7500,6.094532002681889,6.263607903500317,0.16907590081842727
220,Dyna-Q,0.0,1600,8000,6.066313290557944,6.263607903500317,0.19729461294237272
220,Dyna-Q,0.0,1700,8500,6.066313290557944,6.263607903500317,0.19729461294237272
220,Dyna-Q,0.0,1800,9000,6.066313290557944,6.263607903500317,0.19729461294237272
220,Dyna-Q,0.0,1900,9500,3.2943759391828418,6.263607903500317,2.969231964317475
220,Dyna-Q,0.0,2000,10000,6.2254116253703256,6.263607903500317,0.03819627812999116
220,Dyna-Q,0.0,2100,10500,6.2254116253703256,6.263607903500317,0.03819627812999116
220,Dyna-Q,0.0,2200,11000,6.205013768553916,6.263607903500317,0.05859413494640098
220,Dyna-Q,0.0,2300,11500,6.211806779627448,6.263607903500317,0.051801123872868615
220,Dyna-Q,0.0,2400,12000,3.1284967809465707,6.263607903500317,3.135111122553746
220,Dyna-Q,0.0,2500,12500,6.193846386018808,6.263607903500317,0.06976151748150894
220,Dyna-Q,0.0,2600,13000,6.193846386018808,6.263607903500317,0.06976151748150894
220,Dyna-Q,0.0,2700,13500,6.193846386018808,6.263607903500317,0.06976151748150894
220,Dyna-Q,0.0,2800,14000,2.9817053551305963,6.263607903500317,3.2819025483697204
220,Dyna-Q,0.0,2900,14500,6.211806779627448,6.263607903500317,0.051801123872868615
220,Dyna-Q,0.0,3000,15000,3.235680191885285,6.263607903500317,3.027927711615032
220,Dyna-Q,0.0,3100,15500,-2.279919168703785,6.263607903500317,8.543527072204101
220,Dyna-Q,0.0,3200,16000,-3.3865171178710654,6.263607903500317,9.650125021371382
220,Dyna-Q,0.0,3300,16500,1.01615376525741,6.263607903500317,5.247454138242906
220,Dyna-Q,0.0,3400,17000,6.263607903500317,6.263607903500317,0.0
220,Dyna-Q,0.0,3500,17500,6.263607903500317,6.263607903500317,0.0
220,Dyna-Q,0.0,3600,18000,6.22272458098214,6.263607903500317,0.04088332251817661
220,Dyna-Q,0.0,3700,18500,6.263607903500317,6.263607903500317,0.0
220,Dyna-Q,0.0,3800,19000,3.175095824454827,6.263607903500317,3.08851207904549
220,Dyna-Q,0.0,3900,19500,3.748567050197792,6.263607903500317,2.5150408533025246
220,Dyna-Q,0.0,4000,20000,0.44721597407024627,6.263607903500317,5.81639192943007
220,Dyna-Q,0.0,4100,20500,6.233980616524453,6.263607903500317,0.02962728697586403
220,Dyna-Q,0.0,4200,21000,6.263607903500317,6.263607903500317,0.0
220,Dyna-Q,0.0,4300,21500,6.263607903500317,6.263607903500317,0.0
220,Dyna-Q,0.0,4400,22000,6.263607903500317,6.263607903500317,0.0
220,Dyna-Q,0.0,4500,22500,6.263607903500317,6.263607903500317,0.0
220,Dyna-Q,0.0,4600,23000,2.6723344593508287,6.263607903500317,3.591273444149488
220,Dyna-Q,0.0,4700,23500,6.231539167543261,6.263607903500317,0.03206873595705595
220,Dyna-Q,0.0,4800,24000,6.231539167543261,6.263607903500317,0.03206873595705595
220,Dyna-Q,0.0,4900,24500,6.193846386018808,6.263607903500317,0.06976151748150894
220,Dyna-Q,0.0,5000,25000,6.20177079250027,6.263607903500317,0.061837111000047074
220,Dyna-Q,0.15,0,0,-2.0000000000000013,6.263607903500317,8.263607903500318
220,Dyna-Q,0.15,100,500,-2.7238344832818338,6.263607903500317,8.987442386782151
220,Dyna-Q,0.15,200,1000,2.7749967586964424,6.263607903500317,3.4886111448038744
220,Dyna-Q,0.15,300,1500,5.295073733355225,6.263607903500317,0.9685341701450918
220,Dyna-Q,0.15,400,2000,2.9059266591486987,6.263607903500317,3.357681244351618
220,Dyna-Q,0.15,500,2500,5.862437259020169,6.263607903500317,0.40117064448014794
220,Dyna-Q,0.15,600,3000,5.83632940822823,6.263607903500317,0.4272784952720867
220,Dyna-Q,0.15,700,3500,6.173565817418905,6.263607903500317,0.09004208608141173
220,Dyna-Q,0.15,800,4000,6.167299327789059,6.263607903500317,0.09630857571125784
220,Dyna-Q,0.15,900,4500,6.17265827569968,6.263607903500317,0.09094962780063653
220,Dyna-Q,0.15,1000,5000,1.3562480485849413,6.263607903500317,4.907359854915375
220,Dyna-Q,0.15,1100,5500,6.181938104239764,6.263607903500317,0.08166979926055262
220,Dyna-Q,0.15,1200,6000,6.17297801048294,6.263607903500317,0.09062989301737634
220,Dyna-Q,0.15,1300,6500,5.862820277863404,6.263607903500317,0.4007876256369123
220,Dyna-Q,0.15,1400,7000,6.183127104702058,6.263607903500317,0.08048079879825831
220,Dyna-Q,0.15,1500,7500,6.059982273426135,6.263607903500317,0.20362563007418188
220,Dyna-Q,0.15,1600,8000,6.163529597902609,6.263607903500317,0.10007830559770792
220,Dyna-Q,0.15,1700,8500,3.1056051552201893,6.263607903500317,3.1580027482801274
220,Dyna-Q,0.15,1800,9000,2.949293549391541,6.263607903500317,3.3143143541087756
220,Dyna-Q,0.15,1900,9500,6.06242738631336,6.263607903500317,0.2011805171869563
220,Dyna-Q,0.15,2000,10000,5.24210605969708,6.263607903500317,1.0215018438032368
220,Dyna-Q,0.15,2100,10500,6.180430147160609,6.263607903500317,0.08317775633970736
220,Dyna-Q,0.15,2200,11000,6.1671640168565585,6.263607903500317,0.09644388664375825
220,Dyna-Q,0.15,2300,11500,6.172384158425697,6.263607903500317,0.09122374507462006
220,Dyna-Q,0.15,2400,12000,3.1169375515992805,6.263607903500317,3.146670351901036
220,Dyna-Q,0.15,2500,12500,5.828783101279458,6.263607903500317,0.4348248022208585
220,Dyna-Q,0.15,2600,13000,5.83632940822823,6.263607903500317,0.4272784952720867
220,Dyna-Q,0.15,2700,13500,6.166217142033242,6.263607903500317,0.09739076146707504
220,Dyna-Q,0.15,2800,14000,6.173351602999113,6.263607903500317,0.09025630050120359
220,Dyna-Q,0.15,2900,14500,5.89079154888971,6.263607903500317,0.3728163546106069
220,Dyna-Q,0.15,3000,15000,2.2999993861562875,6.263607903500317,3.963608517344029
220,Dyna-Q,0.15,3100,15500,6.166217142033242,6.263607903500317,0.09739076146707504
220,Dyna-Q,0.15,3200,16000,6.159409002000781,6.263607903500317,0.1041989014995357
220,Dyna-Q,0.15,3300,16500,6.159409002000781,6.263607903500317,0.1041989014995357
220,Dyna-Q,0.15,3400,17000,6.136056794555033,6.263607903500317,0.12755110894528343
220,Dyna-Q,0.15,3500,17500,6.158741164889287,6.263607903500317,0.10486673861102958
220,Dyna-Q,0.15,3600,18000,6.16072772756079,6.263607903500317,0.10288017593952681
220,Dyna-Q,0.15,3700,18500,6.161548914191843,6.263607903500317,0.10205898930847379
220,Dyna-Q,0.15,3800,19000,6.172761356810864,6.263607903500317,0.0908465466894528
220,Dyna-Q,0.15,3900,19500,2.6890439371604224,6.263607903500317,3.5745639663398943
220,Dyna-Q,0.15,4000,20000,5.910723851168355,6.263607903500317,0.3528840523319614
220,Dyna-Q,0.15,4100,20500,5.880674684099848,6.263607903500317,0.38293321940046887
220,Dyna-Q,0.15,4200,21000,5.844413397660955,6.263607903500317,0.4191945058393616
220,Dyna-Q,0.15,4300,21500,5.858810783626669,6.263607903500317,0.4047971198736473
220,Dyna-Q,0.15,4400,22000,2.5995417412711963,6.263607903500317,3.6640661622291204
220,Dyna-Q,0.15,4500,22500,6.211806779627448,6.263607903500317,0.051801123872868615
220,Dyna-Q,0.15,4600,23000,6.211806779627448,6.263607903500317,0.051801123872868615
220,Dyna-Q,0.15,4700,23500,6.237175951074367,6.263607903500317,0.026431952425949312
220,Dyna-Q,0.15,4800,24000,6.237175951074367,6.263607903500317,0.026431952425949312
220,Dyna-Q,0.15,4900,24500,6.237175951074367,6.263607903500317,0.026431952425949312
220,Dyna-Q,0.15,5000,25000,5.6911252174221465,6.263607903500317,0.5724826860781702
220,Dyna-Q,0.35,0,0,-2.0000000000000013,6.263607903500317,8.263607903500318
220,Dyna-Q,0.35,100,500,-0.307936335860431,6.263607903500317,6.5715442393607475
220,Dyna-Q,0.35,200,1000,-1.4906145899971792,6.263607903500317,7.754222493497496
220,Dyna-Q,0.35,300,1500,4.412302522279585,6.263607903500317,1.8513053812207314
220,Dyna-Q,0.35,400,2000,-1.9396921566732843,6.263607903500317,8.203300060173602
220,Dyna-Q,0.35,500,2500,-0.596212437944636,6.263607903500317,6.859820341444952
220,Dyna-Q,0.35,600,3000,2.325222106630682,6.263607903500317,3.9383857968696345
220,Dyna-Q,0.35,700,3500,5.183366845719498,6.263607903500317,1.0802410577808184
220,Dyna-Q,0.35,800,4000,2.647544695534321,6.263607903500317,3.6160632079659956
220,Dyna-Q,0.35,900,4500,3.1497945782710106,6.263607903500317,3.113813325229306
220,Dyna-Q,0.35,1000,5000,2.6529426104044598,6.263607903500317,3.610665293095857
220,Dyna-Q,0.35,1100,5500,5.803581327986189,6.263607903500317,0.46002657551412796
220,Dyna-Q,0.35,1200,6000,5.954416613148562,6.263607903500317,0.3091912903517544
220,Dyna-Q,0.35,1300,6500,-1.6759510842911107,6.263607903500317,7.939558987791427
220,Dyna-Q,0.35,1400,7000,-1.3105683964618307,6.263607903500317,7.574176299962147
220,Dyna-Q,0.35,1500,7500,5.866556056058374,6.263607903500317,0.39705184744194266
220,Dyna-Q,0.35,1600,8000,2.7395744657620296,6.263607903500317,3.524033437738287
220,Dyna-Q,0.35,1700,8500,5.548433927621844,6.263607903500317,0.7151739758784723
220,Dyna-Q,0.35,1800,9000,2.959661242286023,6.263607903500317,3.303946661214294
220,Dyna-Q,0.35,1900,9500,6.211806779627448,6.263607903500317,0.051801123872868615
220,Dyna-Q,0.35,2000,10000,5.233531777459605,6.263607903500317,1.0300761260407114
220,Dyna-Q,0.35,2100,10500,5.579277226493567,6.263607903500317,0.6843306770067494
220,Dyna-Q,0.35,2200,11000,6.121783887181976,6.263607903500317,0.14182401631834107
220,Dyna-Q,0.35,2300,11500,2.4877902846958726,6.263607903500317,3.775817618804444
220,Dyna-Q,0.35,2400,12000,4.763553985938712,6.263607903500317,1.5000539175616048
220,Dyna-Q,0.35,2500,12500,2.6660844263928656,6.263607903500317,3.597523477107451
220,Dyna-Q,0.35,2600,13000,2.540657020598567,6.263607903500317,3.72295088290175
220,Dyna-Q,0.35,2700,13500,5.303012929413582,6.263607903500317,0.9605949740867343
220,Dyna-Q,0.35,2800,14000,-2.5264182095711134,6.263607903500317,8.79002611307143
220,Dyna-Q,0.35,2900,14500,1.9255637925140827,6.263607903500317,4.3380441109862335
220,Dyna-Q,0.35,3000,15000,3.105205327155954,6.263607903500317,3.1584025763443626
220,Dyna-Q,0.35,3100,15500,3.080899069617914,6.263607903500317,3.1827088338824026
220,Dyna-Q,0.35,3200,16000,-0.05799649417550034,6.263607903500317,6.321604397675817
220,Dyna-Q,0.35,3300,16500,0.7384131560095407,6.263607903500317,5.525194747490776
220,Dyna-Q,0.35,3400,17000,6.174098180982841,6.263607903500317,0.08950972251747569
220,Dyna-Q,0.35,3500,17500,5.523785336994094,6.263607903500317,0.7398225665062226
220,Dyna-Q,0.35,3600,18000,5.959389607666907,6.263607903500317,0.30421829583340987
220,Dyna-Q,0.35,3700,18500,0.5320475221903396,6.263607903500317,5.731560381309977
220,Dyna-Q,0.35,3800,19000,6.104313684223727,6.263607903500317,0.15929421927658982
220,Dyna-Q,0.35,3900,19500,6.222586863809811,6.263607903500317,0.041021039690505745
220,Dyna-Q,0.35,4000,20000,5.5067883263567,6.263607903500317,0.7568195771436166
220,Dyna-Q,0.35,4100,20500,3.0492481261494233,6.263607903500317,3.2143597773508934
220,Dyna-Q,0.35,4200,21000,2.779886544369521,6.263607903500317,3.483721359130796
220,Dyna-Q,0.35,4300,21500,5.44177897820672,6.263607903500317,0.8218289252935964
220,Dyna-Q,0.35,4400,22000,3.1237292064016797,6.263607903500317,3.139878697098637
220,Dyna-Q,0.35,4500,22500,6.103476481273137,6.263607903500317,0.16013142222718013
220,Dyna-Q,0.35,4600,23000,6.103476481273137,6.263607903500317,0.16013142222718013
220,Dyna-Q,0.35,4700,23500,3.0582889565208644,6.263607903500317,3.2053189469794523
220,Dyna-Q,0.35,4800,24000,-0.13089023263878638,6.263607903500317,6.394498136139103
220,Dyna-Q,0.35,4900,24500,-1.838291918918294,6.263607903500317,8.101899822418611
220,Dyna-Q,0.35,5000,25000,2.7204776788495577,6.263607903500317,3.543130224650759
231,Q-learning,0.0,0,0,-2.0000000000000013,6.263607903500317,8.263607903500318
231,Q-learning,0.0,100,0,-2.8831402560453454,6.263607903500317,9.146748159545663
231,Q-learning,0.0,200,0,-1.0776746276972375,6.263607903500317,7.341282531197554
231,Q-learning,0.0,300,0,-1.9927210215538713,6.263607903500317,8.256328925054188
231,Q-learning,0.0,400,0,0.784793662525434,6.263607903500317,5.478814240974883
231,Q-learning,0.0,500,0,1.2211051842526284,6.263607903500317,5.042502719247688
231,Q-learning,0.0,600,0,-1.0114760587161982,6.263607903500317,7.275083962216515
231,Q-learning,0.0,700,0,3.1652004547780166,6.263607903500317,3.0984074487223
231,Q-learning,0.0,800,0,3.1652004547780166,6.263607903500317,3.0984074487223
231,Q-learning,0.0,900,0,6.1816341661141205,6.263607903500317,0.08197373738619618
231,Q-learning,0.0,1000,0,6.182263863024617,6.263607903500317,0.08134404047569976
231,Q-learning,0.0,1100,0,6.182263863024617,6.263607903500317,0.08134404047569976
231,Q-learning,0.0,1200,0,6.182263863024617,6.263607903500317,0.08134404047569976
231,Q-learning,0.0,1300,0,6.182263863024617,6.263607903500317,0.08134404047569976
231,Q-learning,0.0,1400,0,6.182263863024617,6.263607903500317,0.08134404047569976
231,Q-learning,0.0,1500,0,6.182263863024617,6.263607903500317,0.08134404047569976
231,Q-learning,0.0,1600,0,6.182263863024617,6.263607903500317,0.08134404047569976
231,Q-learning,0.0,1700,0,6.182263863024617,6.263607903500317,0.08134404047569976
231,Q-learning,0.0,1800,0,6.182263863024617,6.263607903500317,0.08134404047569976
231,Q-learning,0.0,1900,0,6.182263863024617,6.263607903500317,0.08134404047569976
231,Q-learning,0.0,2000,0,6.182263863024617,6.263607903500317,0.08134404047569976
231,Q-learning,0.0,2100,0,6.182263863024617,6.263607903500317,0.08134404047569976
231,Q-learning,0.0,2200,0,6.182263863024617,6.263607903500317,0.08134404047569976
231,Q-learning,0.0,2300,0,6.182263863024617,6.263607903500317,0.08134404047569976
231,Q-learning,0.0,2400,0,6.182263863024617,6.263607903500317,0.08134404047569976
231,Q-learning,0.0,2500,0,6.182263863024617,6.263607903500317,0.08134404047569976
231,Q-learning,0.0,2600,0,6.182263863024617,6.263607903500317,0.08134404047569976
231,Q-learning,0.0,2700,0,6.182263863024617,6.263607903500317,0.08134404047569976
231,Q-learning,0.0,2800,0,6.182545699866968,6.263607903500317,0.0810622036333486
231,Q-learning,0.0,2900,0,6.182545699866968,6.263607903500317,0.0810622036333486
231,Q-learning,0.0,3000,0,6.182545699866968,6.263607903500317,0.0810622036333486
231,Q-learning,0.0,3100,0,6.182545699866968,6.263607903500317,0.0810622036333486
231,Q-learning,0.0,3200,0,3.165305096263334,6.263607903500317,3.098302807236983
231,Q-learning,0.0,3300,0,6.182545699866968,6.263607903500317,0.0810622036333486
231,Q-learning,0.0,3400,0,6.182545699866968,6.263607903500317,0.0810622036333486
231,Q-learning,0.0,3500,0,6.182545699866968,6.263607903500317,0.0810622036333486
231,Q-learning,0.0,3600,0,6.182545699866968,6.263607903500317,0.0810622036333486
231,Q-learning,0.0,3700,0,6.182545699866968,6.263607903500317,0.0810622036333486
231,Q-learning,0.0,3800,0,6.182545699866968,6.263607903500317,0.0810622036333486
231,Q-learning,0.0,3900,0,6.182545699866968,6.263607903500317,0.0810622036333486
231,Q-learning,0.0,4000,0,6.182545699866968,6.263607903500317,0.0810622036333486
231,Q-learning,0.0,4100,0,6.182545699866968,6.263607903500317,0.0810622036333486
231,Q-learning,0.0,4200,0,6.182545699866968,6.263607903500317,0.0810622036333486
231,Q-learning,0.0,4300,0,6.182545699866968,6.263607903500317,0.0810622036333486
231,Q-learning,0.0,4400,0,6.182545699866968,6.263607903500317,0.0810622036333486
231,Q-learning,0.0,4500,0,6.182545699866968,6.263607903500317,0.0810622036333486
231,Q-learning,0.0,4600,0,6.182545699866968,6.263607903500317,0.0810622036333486
231,Q-learning,0.0,4700,0,6.182545699866968,6.263607903500317,0.0810622036333486
231,Q-learning,0.0,4800,0,6.182545699866968,6.263607903500317,0.0810622036333486
231,Q-learning,0.0,4900,0,6.182545699866968,6.263607903500317,0.0810622036333486
231,Q-learning,0.0,5000,0,6.182545699866968,6.263607903500317,0.0810622036333486
231,Dyna-Q,0.0,0,0,-2.0000000000000013,6.263607903500317,8.263607903500318
231,Dyna-Q,0.0,100,500,-0.8523448194827615,6.263607903500317,7.115952722983078
231,Dyna-Q,0.0,200,1000,5.059002243900647,6.263607903500317,1.20460565959967
231,Dyna-Q,0.0,300,1500,5.059002243900647,6.263607903500317,1.20460565959967
231,Dyna-Q,0.0,400,2000,5.284832070293548,6.263607903500317,0.9787758332067691
231,Dyna-Q,0.0,500,2500,5.3028697835239145,6.263607903500317,0.9607381199764022
231,Dyna-Q,0.0,600,3000,5.303012929413582,6.263607903500317,0.9605949740867343
231,Dyna-Q,0.0,700,3500,5.303012929413582,6.263607903500317,0.9605949740867343
231,Dyna-Q,0.0,800,4000,4.460809325176462,6.263607903500317,1.8027985783238547
231,Dyna-Q,0.0,900,4500,5.450115178469093,6.263607903500317,0.8134927250312236
231,Dyna-Q,0.0,1000,5000,2.7154873774699757,6.263607903500317,3.548120526030341
231,Dyna-Q,0.0,1100,5500,5.567857200290066,6.263607903500317,0.6957507032102503
231,Dyna-Q,0.0,1200,6000,6.240084712123412,6.263607903500317,0.023523191376904506
231,Dyna-Q,0.0,1300,6500,6.240084712123412,6.263607903500317,0.023523191376904506
231,Dyna-Q,0.0,1400,7000,6.252698803146877,6.263607903500317,0.01090910035344006
231,Dyna-Q,0.0,1500,7500,6.252698803146877,6.263607903500317,0.01090910035344006
231,Dyna-Q,0.0,1600,8000,6.07219218413244,6.263607903500317,0.1914157193678765
231,Dyna-Q,0.0,1700,8500,6.121783887181976,6.263607903500317,0.14182401631834107
231,Dyna-Q,0.0,1800,9000,6.121783887181976,6.263607903500317,0.14182401631834107
231,Dyna-Q,0.0,1900,9500,6.121783887181976,6.263607903500317,0.14182401631834107
231,Dyna-Q,0.0,2000,10000,5.831853721527734,6.263607903500317,0.43175418197258253
231,Dyna-Q,0.0,2100,10500,6.231134176262761,6.263607903500317,0.03247372723755593
231,Dyna-Q,0.0,2200,11000,6.252698803146877,6.263607903500317,0.01090910035344006
231,Dyna-Q,0.0,2300,11500,1.2104578579900431,6.263607903500317,5.053150045510273
231,Dyna-Q,0.0,2400,12000,6.237175951074367,6.263607903500317,0.026431952425949312
231,Dyna-Q,0.0,2500,12500,6.263607903500317,6.263607903500317,0.0
231,Dyna-Q,0.0,2600,13000,6.256162817535298,6.263607903500317,0.007445085965018805
231,Dyna-Q,0.0,2700,13500,3.350721382418583,6.263607903500317,2.9128865210817336
231,Dyna-Q,0.0,2800,14000,-1.9142438853114552,6.263607903500317,8.177851788811772
231,Dyna-Q,0.0,2900,14500,5.932625922595315,6.263607903500317,0.3309819809050021
231,Dyna-Q,0.0,3000,15000,6.263607903500317,6.263607903500317,0.0
231,Dyna-Q,0.0,3100,15500,3.175095824454827,6.263607903500317,3.08851207904549
231,Dyna-Q,0.0,3200,16000,6.263607903500317,6.263607903500317,0.0
231,Dyna-Q,0.0,3300,16500,6.263607903500317,6.263607903500317,0.0
231,Dyna-Q,0.0,3400,17000,6.263607903500317,6.263607903500317,0.0
231,Dyna-Q,0.0,3500,17500,6.01519846379977,6.263607903500317,0.24840943970054674
231,Dyna-Q,0.0,3600,18000,6.01519846379977,6.263607903500317,0.24840943970054674
231,Dyna-Q,0.0,3700,18500,6.01519846379977,6.263607903500317,0.24840943970054674
231,Dyna-Q,0.0,3800,19000,6.01519846379977,6.263607903500317,0.24840943970054674
231,Dyna-Q,0.0,3900,19500,6.01519846379977,6.263607903500317,0.24840943970054674
231,Dyna-Q,0.0,4000,20000,6.263607903500317,6.263607903500317,0.0
231,Dyna-Q,0.0,4100,20500,6.263607903500317,6.263607903500317,0.0
231,Dyna-Q,0.0,4200,21000,6.252698803146877,6.263607903500317,0.01090910035344006
231,Dyna-Q,0.0,4300,21500,6.252698803146877,6.263607903500317,0.01090910035344006
231,Dyna-Q,0.0,4400,22000,6.252698803146877,6.263607903500317,0.01090910035344006
231,Dyna-Q,0.0,4500,22500,3.0439249233315873,6.263607903500317,3.2196829801687294
231,Dyna-Q,0.0,4600,23000,6.252698803146877,6.263607903500317,0.01090910035344006
231,Dyna-Q,0.0,4700,23500,6.221729430851686,6.263607903500317,0.04187847264863098
231,Dyna-Q,0.0,4800,24000,6.252698803146877,6.263607903500317,0.01090910035344006
231,Dyna-Q,0.0,4900,24500,6.263607903500317,6.263607903500317,0.0
231,Dyna-Q,0.0,5000,25000,6.263607903500317,6.263607903500317,0.0
231,Dyna-Q,0.15,0,0,-2.0000000000000013,6.263607903500317,8.263607903500318
231,Dyna-Q,0.15,100,500,-1.4734208349971232,6.263607903500317,7.73702873849744
231,Dyna-Q,0.15,200,1000,3.0497355437444984,6.263607903500317,3.2138723597558183
231,Dyna-Q,0.15,300,1500,3.048434370442349,6.263607903500317,3.2151735330579676
231,Dyna-Q,0.15,400,2000,6.143935123889165,6.263607903500317,0.11967277961115208
231,Dyna-Q,0.15,500,2500,5.814867531893969,6.263607903500317,0.4487403716063474
231,Dyna-Q,0.15,600,3000,3.1269574420210358,6.263607903500317,3.136650461479281
231,Dyna-Q,0.15,700,3500,3.1158845671453568,6.263607903500317,3.14772333635496
231,Dyna-Q,0.15,800,4000,5.491702266166863,6.263607903500317,0.7719056373334539
231,Dyna-Q,0.15,900,4500,5.875681580884397,6.263607903500317,0.38792632261591997
231,Dyna-Q,0.15,1000,5000,6.182149142751865,6.263607903500317,0.08145876074845138
231,Dyna-Q,0.15,1100,5500,6.16896302930501,6.263607903500317,0.09464487419530698
231,Dyna-Q,0.15,1200,6000,6.166223660822395,6.263607903500317,0.09738424267792212
231,Dyna-Q,0.15,1300,6500,6.17297801048294,6.263607903500317,0.09062989301737634
231,Dyna-Q,0.15,1400,7000,3.119673285000475,6.263607903500317,3.143934618499842
231,Dyna-Q,0.15,1500,7500,3.354911498643433,6.263607903500317,2.9086964048568835
231,Dyna-Q,0.15,1600,8000,1.9408807209999916,6.263607903500317,4.322727182500325
231,Dyna-Q,0.15,1700,8500,6.187970630176959,6.263607903500317,0.07563727332335812
231,Dyna-Q,0.15,1800,9000,6.1765823603313725,6.263607903500317,0.08702554316894417
231,Dyna-Q,0.15,1900,9500,5.8967895124011624,6.263607903500317,0.36681839109915426
231,Dyna-Q,0.15,2000,10000,5.87942983198063,6.263607903500317,0.3841780715196865
231,Dyna-Q,0.15,2100,10500,5.87942983198063,6.263607903500317,0.3841780715196865
231,Dyna-Q,0.15,2200,11000,6.157070927211404,6.263607903500317,0.10653697628891301
231,Dyna-Q,0.15,2300,11500,6.210539532939168,6.263607903500317,0.05306837056114855
231,Dyna-Q,0.15,2400,12000,5.924589757119877,6.263607903500317,0.3390181463804396
231,Dyna-Q,0.15,2500,12500,6.198576241639021,6.263607903500317,0.06503166186129583
231,Dyna-Q,0.15,2600,13000,6.169723395068867,6.263607903500317,0.09388450843144991
231,Dyna-Q,0.15,2700,13500,5.086033927513366,6.263607903500317,1.1775739759869506
231,Dyna-Q,0.15,2800,14000,2.8230284344927563,6.263607903500317,3.4405794690075604
231,Dyna-Q,0.15,2900,14500,6.199908112481054,6.263607903500317,0.06369979101926315
231,Dyna-Q,0.15,3000,15000,6.166608930164483,6.263607903500317,0.0969989733358334
231,Dyna-Q,0.15,3100,15500,3.118403325792627,6.263607903500317,3.14520457770769
231,Dyna-Q,0.15,3200,16000,2.8667331442841943,6.263607903500317,3.3968747592161224
231,Dyna-Q,0.15,3300,16500,5.862820277863404,6.263607903500317,0.4007876256369123
231,Dyna-Q,0.15,3400,17000,6.166608930164483,6.263607903500317,0.0969989733358334
231,Dyna-Q,0.15,3500,17500,0.03260007877403653,6.263607903500317,6.23100782472628
231,Dyna-Q,0.15,3600,18000,6.210539532939168,6.263607903500317,0.05306837056114855
231,Dyna-Q,0.15,3700,18500,6.199908112481054,6.263607903500317,0.06369979101926315
231,Dyna-Q,0.15,3800,19000,6.194383616197963,6.263607903500317,0.06922428730235364
231,Dyna-Q,0.15,3900,19500,2.746767348730638,6.263607903500317,3.516840554769679
231,Dyna-Q,0.15,4000,20000,5.941359565076921,6.263607903500317,0.32224833842339606
231,Dyna-Q,0.15,4100,20500,5.409156003208206,6.263607903500317,0.8544519002921103
231,Dyna-Q,0.15,4200,21000,3.69569500968529,6.263607903500317,2.5679128938150266
231,Dyna-Q,0.15,4300,21500,5.907277185458249,6.263607903500317,0.3563307180420674
231,Dyna-Q,0.15,4400,22000,2.9678128516753786,6.263607903500317,3.295795051824938
231,Dyna-Q,0.15,4500,22500,6.182149142751865,6.263607903500317,0.08145876074845138
231,Dyna-Q,0.15,4600,23000,3.1038422497294134,6.263607903500317,3.1597656537709033
231,Dyna-Q,0.15,4700,23500,6.060107051129929,6.263607903500317,0.20350085237038762
231,Dyna-Q,0.15,4800,24000,6.078381337793653,6.263607903500317,0.18522656570666385
231,Dyna-Q,0.15,4900,24500,6.078381337793653,6.263607903500317,0.18522656570666385
231,Dyna-Q,0.15,5000,25000,6.075992428311893,6.263607903500317,0.1876154751884238
231,Dyna-Q,0.35,0,0,-2.0000000000000013,6.263607903500317,8.263607903500318
231,Dyna-Q,0.35,100,500,-40.51988659245873,6.263607903500317,46.78349449595905
231,Dyna-Q,0.35,200,1000,3.0687765371302778,6.263607903500317,3.194831366370039
231,Dyna-Q,0.35,300,1500,0.4054398590943114,6.263607903500317,5.858168044406005
231,Dyna-Q,0.35,400,2000,4.915516365564901,6.263607903500317,1.3480915379354155
231,Dyna-Q,0.35,500,2500,5.1880543467139075,6.263607903500317,1.0755535567864092
231,Dyna-Q,0.35,600,3000,5.4258738067854,6.263607903500317,0.8377340967149163
231,Dyna-Q,0.35,700,3500,2.8666495832092105,6.263607903500317,3.3969583202911062
231,Dyna-Q,0.35,800,4000,2.37274110302962,6.263607903500317,3.8908668004706968
231,Dyna-Q,0.35,900,4500,5.773794057550812,6.263607903500317,0.48981384594950494
231,Dyna-Q,0.35,1000,5000,1.1275373774502722,6.263607903500317,5.1360705260500445
231,Dyna-Q,0.35,1100,5500,6.197856483546392,6.263607903500317,0.06575141995392464
231,Dyna-Q,0.35,1200,6000,2.5385514851835924,6.263607903500317,3.7250564183167243
231,Dyna-Q,0.35,1300,6500,2.806283797256111,6.263607903500317,3.4573241062442057
231,Dyna-Q,0.35,1400,7000,5.9002911020306925,6.263607903500317,0.3633168014696242
231,Dyna-Q,0.35,1500,7500,2.769847514859519,6.263607903500317,3.4937603886407977
231,Dyna-Q,0.35,1600,8000,-1.9359889582575898,6.263607903500317,8.199596861757907
231,Dyna-Q,0.35,1700,8500,2.5836034585276413,6.263607903500317,3.6800044449726754
231,Dyna-Q,0.35,1800,9000,-1.0542321806239443,6.263607903500317,7.317840084124261
231,Dyna-Q,0.35,1900,9500,4.711085732290212,6.263607903500317,1.5525221712101045
231,Dyna-Q,0.35,2000,10000,3.3125576302651805,6.263607903500317,2.9510502732351362
231,Dyna-Q,0.35,2100,10500,3.1313762678180064,6.263607903500317,3.1322316356823103
231,Dyna-Q,0.35,2200,11000,3.301348026361955,6.263607903500317,2.962259877138362
231,Dyna-Q,0.35,2300,11500,2.758863452586583,6.263607903500317,3.5047444509137335
231,Dyna-Q,0.35,2400,12000,6.221729430851686,6.263607903500317,0.04187847264863098
231,Dyna-Q,0.35,2500,12500,5.944813322948942,6.263607903500317,0.31879458055137455
231,Dyna-Q,0.35,2600,13000,4.709493588956167,6.263607903500317,1.55411431454415
231,Dyna-Q,0.35,2700,13500,5.818587032804317,6.263607903500317,0.44502087069599927
231,Dyna-Q,0.35,2800,14000,1.1120548411143893,6.263607903500317,5.151553062385927
231,Dyna-Q,0.35,2900,14500,5.523646615241169,6.263607903500317,0.7399612882591473
231,Dyna-Q,0.35,3000,15000,0.5962652518165145,6.263607903500317,5.667342651683803
231,Dyna-Q,0.35,3100,15500,-3.3549212969618223,6.263607903500317,9.618529200462138
231,Dyna-Q,0.35,3200,16000,2.9290699323445435,6.263607903500317,3.334537971155773
231,Dyna-Q,0.35,3300,16500,0.9149258161244521,6.263607903500317,5.348682087375865
231,Dyna-Q,0.35,3400,17000,1.2899450504674101,6.263607903500317,4.973662853032907
231,Dyna-Q,0.35,3500,17500,-1.302990661153815,6.263607903500317,7.566598564654131
231,Dyna-Q,0.35,3600,18000,2.6653783034884615,6.263607903500317,3.598229600011855
231,Dyna-Q,0.35,3700,18500,6.185026441200215,6.263607903500317,0.07858146230010199
231,Dyna-Q,0.35,3800,19000,6.17513557093133,6.263607903500317,0.0884723325689869
231,Dyna-Q,0.35,3900,19500,0.16546144143024386,6.263607903500317,6.098146462070073
231,Dyna-Q,0.35,4000,20000,5.954416613148562,6.263607903500317,0.3091912903517544
231,Dyna-Q,0.35,4100,20500,1.095471568576656,6.263607903500317,5.168136334923661
231,Dyna-Q,0.35,4200,21000,5.703408124189783,6.263607903500317,0.5601997793105333
231,Dyna-Q,0.35,4300,21500,5.9601721692665155,6.263607903500317,0.3034357342338012
231,Dyna-Q,0.35,4400,22000,-1.3029906611538107,6.263607903500317,7.566598564654127
231,Dyna-Q,0.35,4500,22500,2.454519697039819,6.263607903500317,3.8090882064604976
231,Dyna-Q,0.35,4600,23000,2.479725215431088,6.263607903500317,3.783882688069229
231,Dyna-Q,0.35,4700,23500,2.44266051758759,6.263607903500317,3.8209473859127265
231,Dyna-Q,0.35,4800,24000,4.947749046091374,6.263607903500317,1.3158588574089425
231,Dyna-Q,0.35,4900,24500,3.2052655579160616,6.263607903500317,3.058342345584255
231,Dyna-Q,0.35,5000,25000,5.9704132523794256,6.263607903500317,0.29319465112089116
242,Q-learning,0.0,0,0,-2.0000000000000013,6.263607903500317,8.263607903500318
242,Q-learning,0.0,100,0,-7.96146831605837,6.263607903500317,14.225076219558687
242,Q-learning,0.0,200,0,-1.1238083289102834,6.263607903500317,7.3874162324106
242,Q-learning,0.0,300,0,2.8890041716854564,6.263607903500317,3.3746037318148603
242,Q-learning,0.0,400,0,5.228116628088615,6.263607903500317,1.0354912754117018
242,Q-learning,0.0,500,0,5.905806602899981,6.263607903500317,0.357801300600336
242,Q-learning,0.0,600,0,5.905806602899981,6.263607903500317,0.357801300600336
242,Q-learning,0.0,700,0,6.189802799997038,6.263607903500317,0.07380510350327896
242,Q-learning,0.0,800,0,6.189802799997038,6.263607903500317,0.07380510350327896
242,Q-learning,0.0,900,0,6.189802799997038,6.263607903500317,0.07380510350327896
242,Q-learning,0.0,1000,0,6.189802799997038,6.263607903500317,0.07380510350327896
242,Q-learning,0.0,1100,0,6.189802799997038,6.263607903500317,0.07380510350327896
242,Q-learning,0.0,1200,0,6.189802799997038,6.263607903500317,0.07380510350327896
242,Q-learning,0.0,1300,0,6.189802799997038,6.263607903500317,0.07380510350327896
242,Q-learning,0.0,1400,0,6.189802799997038,6.263607903500317,0.07380510350327896
242,Q-learning,0.0,1500,0,6.189802799997038,6.263607903500317,0.07380510350327896
242,Q-learning,0.0,1600,0,6.189802799997038,6.263607903500317,0.07380510350327896
242,Q-learning,0.0,1700,0,6.189802799997038,6.263607903500317,0.07380510350327896
242,Q-learning,0.0,1800,0,6.189802799997038,6.263607903500317,0.07380510350327896
242,Q-learning,0.0,1900,0,6.189802799997038,6.263607903500317,0.07380510350327896
242,Q-learning,0.0,2000,0,6.189831537294406,6.263607903500317,0.07377636620591055
242,Q-learning,0.0,2100,0,6.189831537294406,6.263607903500317,0.07377636620591055
242,Q-learning,0.0,2200,0,6.189831537294406,6.263607903500317,0.07377636620591055
242,Q-learning,0.0,2300,0,6.189831537294406,6.263607903500317,0.07377636620591055
242,Q-learning,0.0,2400,0,6.189831537294406,6.263607903500317,0.07377636620591055
242,Q-learning,0.0,2500,0,6.189831537294406,6.263607903500317,0.07377636620591055
242,Q-learning,0.0,2600,0,6.189831537294406,6.263607903500317,0.07377636620591055
242,Q-learning,0.0,2700,0,6.189831537294406,6.263607903500317,0.07377636620591055
242,Q-learning,0.0,2800,0,6.189831537294406,6.263607903500317,0.07377636620591055
242,Q-learning,0.0,2900,0,6.189831537294406,6.263607903500317,0.07377636620591055
242,Q-learning,0.0,3000,0,6.189831537294406,6.263607903500317,0.07377636620591055
242,Q-learning,0.0,3100,0,6.189831537294406,6.263607903500317,0.07377636620591055
242,Q-learning,0.0,3200,0,6.189831537294406,6.263607903500317,0.07377636620591055
242,Q-learning,0.0,3300,0,6.189831537294406,6.263607903500317,0.07377636620591055
242,Q-learning,0.0,3400,0,6.189831537294406,6.263607903500317,0.07377636620591055
242,Q-learning,0.0,3500,0,6.189831537294406,6.263607903500317,0.07377636620591055
242,Q-learning,0.0,3600,0,6.189831537294406,6.263607903500317,0.07377636620591055
242,Q-learning,0.0,3700,0,6.189831537294406,6.263607903500317,0.07377636620591055
242,Q-learning,0.0,3800,0,6.189831537294406,6.263607903500317,0.07377636620591055
242,Q-learning,0.0,3900,0,6.189831537294406,6.263607903500317,0.07377636620591055
242,Q-learning,0.0,4000,0,3.1250303752516846,6.263607903500317,3.138577528248632
242,Q-learning,0.0,4100,0,6.189831537294406,6.263607903500317,0.07377636620591055
242,Q-learning,0.0,4200,0,3.1250303752516846,6.263607903500317,3.138577528248632
242,Q-learning,0.0,4300,0,6.189831537294406,6.263607903500317,0.07377636620591055
242,Q-learning,0.0,4400,0,6.189831537294406,6.263607903500317,0.07377636620591055
242,Q-learning,0.0,4500,0,6.189831537294406,6.263607903500317,0.07377636620591055
242,Q-learning,0.0,4600,0,6.189831537294406,6.263607903500317,0.07377636620591055
242,Q-learning,0.0,4700,0,6.189831537294406,6.263607903500317,0.07377636620591055
242,Q-learning,0.0,4800,0,6.189831537294406,6.263607903500317,0.07377636620591055
242,Q-learning,0.0,4900,0,6.189831537294406,6.263607903500317,0.07377636620591055
242,Q-learning,0.0,5000,0,6.189831537294406,6.263607903500317,0.07377636620591055
242,Dyna-Q,0.0,0,0,-2.0000000000000013,6.263607903500317,8.263607903500318
242,Dyna-Q,0.0,100,500,-1.678600774303373,6.263607903500317,7.9422086778036896
242,Dyna-Q,0.0,200,1000,2.9389885531740116,6.263607903500317,3.324619350326305
242,Dyna-Q,0.0,300,1500,5.386205357290252,6.263607903500317,0.8774025462100647
242,Dyna-Q,0.0,400,2000,5.391273265991788,6.263607903500317,0.872334637508529
242,Dyna-Q,0.0,500,2500,5.4169199644865,6.263607903500317,0.8466879390138171
242,Dyna-Q,0.0,600,3000,2.4746385565249653,6.263607903500317,3.7889693469753514
242,Dyna-Q,0.0,700,3500,6.210539532939168,6.263607903500317,0.05306837056114855
242,Dyna-Q,0.0,800,4000,6.210539532939168,6.263607903500317,0.05306837056114855
242,Dyna-Q,0.0,900,4500,6.183127104702058,6.263607903500317,0.08048079879825831
242,Dyna-Q,0.0,1000,5000,6.16896302930501,6.263607903500317,0.09464487419530698
242,Dyna-Q,0.0,1100,5500,6.168089652831238,6.263607903500317,0.0955182506690786
242,Dyna-Q,0.0,1200,6000,2.950995769634806,6.263607903500317,3.312612133865511
242,Dyna-Q,0.0,1300,6500,6.168089652831238,6.263607903500317,0.0955182506690786
242,Dyna-Q,0.0,1400,7000,6.078381337793653,6.263607903500317,0.18522656570666385
242,Dyna-Q,0.0,1500,7500,2.957109077717559,6.263607903500317,3.3064988257827577
242,Dyna-Q,0.0,1600,8000,5.821875098379708,6.263607903500317,0.4417328051206084
242,Dyna-Q,0.0,1700,8500,5.656803692030378,6.263607903500317,0.6068042114699388
242,Dyna-Q,0.0,1800,9000,6.183127104702058,6.263607903500317,0.08048079879825831
242,Dyna-Q,0.0,1900,9500,3.1204140782803838,6.263607903500317,3.143193825219933
242,Dyna-Q,0.0,2000,10000,6.183127104702058,6.263607903500317,0.08048079879825831
242,Dyna-Q,0.0,2100,10500,6.210539532939168,6.263607903500317,0.05306837056114855
242,Dyna-Q,0.0,2200,11000,6.210539532939168,6.263607903500317,0.05306837056114855
242,Dyna-Q,0.0,2300,11500,6.210539532939168,6.263607903500317,0.05306837056114855
242,Dyna-Q,0.0,2400,12000,5.941359565076921,6.263607903500317,0.32224833842339606
242,Dyna-Q,0.0,2500,12500,6.210539532939168,6.263607903500317,0.05306837056114855
242,Dyna-Q,0.0,2600,13000,6.210539532939168,6.263607903500317,0.05306837056114855
242,Dyna-Q,0.0,2700,13500,6.078381337793653,6.263607903500317,0.18522656570666385
242,Dyna-Q,0.0,2800,14000,6.078381337793653,6.263607903500317,0.18522656570666385
242,Dyna-Q,0.0,2900,14500,2.9124602609311108,6.263607903500317,3.351147642569206
242,Dyna-Q,0.0,3000,15000,-1.965210085870039,6.263607903500317,8.228817989370356
242,Dyna-Q,0.0,3100,15500,6.04824146881685,6.263607903500317,0.2153664346834665
242,Dyna-Q,0.0,3200,16000,6.078381337793653,6.263607903500317,0.18522656570666385
242,Dyna-Q,0.0,3300,16500,6.04824146881685,6.263607903500317,0.2153664346834665
242,Dyna-Q,0.0,3400,17000,6.04824146881685,6.263607903500317,0.2153664346834665
242,Dyna-Q,0.0,3500,17500,6.04824146881685,6.263607903500317,0.2153664346834665
242,Dyna-Q,0.0,3600,18000,6.04824146881685,6.263607903500317,0.2153664346834665
242,Dyna-Q,0.0,3700,18500,3.12149502654555,6.263607903500317,3.1421128769547666
242,Dyna-Q,0.0,3800,19000,6.181938104239764,6.263607903500317,0.08166979926055262
242,Dyna-Q,0.0,3900,19500,6.181501868491796,6.263607903500317,0.08210603500852098
242,Dyna-Q,0.0,4000,20000,6.181938104239764,6.263607903500317,0.08166979926055262
242,Dyna-Q,0.0,4100,20500,5.876618614221691,6.263607903500317,0.38698928927862575
242,Dyna-Q,0.0,4200,21000,6.181938104239764,6.263607903500317,0.08166979926055262
242,Dyna-Q,0.0,4300,21500,6.181938104239764,6.263607903500317,0.08166979926055262
242,Dyna-Q,0.0,4400,22000,6.181938104239764,6.263607903500317,0.08166979926055262
242,Dyna-Q,0.0,4500,22500,6.198576241639021,6.263607903500317,0.06503166186129583
242,Dyna-Q,0.0,4600,23000,6.198576241639021,6.263607903500317,0.06503166186129583
242,Dyna-Q,0.0,4700,23500,3.0948090742538983,6.263607903500317,3.1687988292464184
242,Dyna-Q,0.0,4800,24000,6.0634561693841205,6.263607903500317,0.20015173411619624
242,Dyna-Q,0.0,4900,24500,6.066838664725142,6.263607903500317,0.1967692387751745
242,Dyna-Q,0.0,5000,25000,6.181938104239764,6.263607903500317,0.08166979926055262
242,Dyna-Q,0.15,0,0,-2.0000000000000013,6.263607903500317,8.263607903500318
242,Dyna-Q,0.15,100,500,-1.4305817717573748,6.263607903500317,7.694189675257691
242,Dyna-Q,0.15,200,1000,5.142117827465459,6.263607903500317,1.121490076034858
242,Dyna-Q,0.15,300,1500,5.407574472232837,6.263607903500317,0.8560334312674795
242,Dyna-Q,0.15,400,2000,5.362366017375987,6.263607903500317,0.9012418861243301
242,Dyna-Q,0.15,500,2500,5.3890831128358405,6.263607903500317,0.8745247906644762
242,Dyna-Q,0.15,600,3000,6.163697074655861,6.263607903500317,0.09991082884445568
242,Dyna-Q,0.15,700,3500,6.163697074655861,6.263607903500317,0.09991082884445568
242,Dyna-Q,0.15,800,4000,-1.6642507238326323,6.263607903500317,7.927858627332949
242,Dyna-Q,0.15,900,4500,3.1044920936256424,6.263607903500317,3.1591158098746743
242,Dyna-Q,0.15,1000,5000,5.8461979900711984,6.263607903500317,0.41740991342911826
242,Dyna-Q,0.15,1100,5500,5.899725834512062,6.263607903500317,0.3638820689882545
242,Dyna-Q,0.15,1200,6000,2.4193815584920535,6.263607903500317,3.844226345008263
242,Dyna-Q,0.15,1300,6500,6.060004751898418,6.263607903500317,0.20360315160189835
242,Dyna-Q,0.15,1400,7000,6.041082284869391,6.263607903500317,0.22252561863092613
242,Dyna-Q,0.15,1500,7500,6.0052750583991275,6.263607903500317,0.25833284510118926
242,Dyna-Q,0.15,1600,8000,6.070448087331786,6.263607903500317,0.19315981616853062
242,Dyna-Q,0.15,1700,8500,-2.000000000000002,6.263607903500317,8.263607903500318
242,Dyna-Q,0.15,1800,9000,2.8521414644671226,6.263607903500317,3.411466439033194
242,Dyna-Q,0.15,1900,9500,0.9179055648457546,6.263607903500317,5.345702338654562
242,Dyna-Q,0.15,2000,10000,6.062186500839151,6.263607903500317,0.2014214026611656
242,Dyna-Q,0.15,2100,10500,6.059982273426135,6.263607903500317,0.20362563007418188
242,Dyna-Q,0.15,2200,11000,6.150799983092067,6.263607903500317,0.11280792040824927
242,Dyna-Q,0.15,2300,11500,6.013816415955113,6.263607903500317,0.24979148754520342
242,Dyna-Q,0.15,2400,12000,2.5966274481962524,6.263607903500317,3.6669804553040644
242,Dyna-Q,0.15,2500,12500,0.577202002372188,6.263607903500317,5.686405901128129
242,Dyna-Q,0.15,2600,13000,0.9613878464897335,6.263607903500317,5.302220057010583
242,Dyna-Q,0.15,2700,13500,0.8233388397529042,6.263607903500317,5.4402690637474125
242,Dyna-Q,0.15,2800,14000,6.133210132288181,6.263607903500317,0.13039777121213536
242,Dyna-Q,0.15,2900,14500,5.777059021982483,6.263607903500317,0.4865488815178338
242,Dyna-Q,0.15,3000,15000,5.863234580166346,6.263607903500317,0.40037332333397035
242,Dyna-Q,0.15,3100,15500,5.569831691507589,6.263607903500317,0.693776211992728
242,Dyna-Q,0.15,3200,16000,5.764688191260931,6.263607903500317,0.4989197122393856
242,Dyna-Q,0.15,3300,16500,6.062168358880935,6.263607903500317,0.2014395446193813
242,Dyna-Q,0.15,3400,17000,6.1835463473492,6.263607903500317,0.08006155615111687
242,Dyna-Q,0.15,3500,17500,6.185291503245088,6.263607903500317,0.07831640025522901
242,Dyna-Q,0.15,3600,18000,5.5419612349434635,6.263607903500317,0.7216466685568532
242,Dyna-Q,0.15,3700,18500,5.353967673128624,6.263607903500317,0.9096402303716928
242,Dyna-Q,0.15,3800,19000,5.847252277031835,6.263607903500317,0.4163556264684818
242,Dyna-Q,0.15,3900,19500,6.189622811847982,6.263607903500317,0.07398509165233502
242,Dyna-Q,0.15,4000,20000,6.190585369607046,6.263607903500317,0.07302253389327085
242,Dyna-Q,0.15,4100,20500,6.063697052065777,6.263607903500317,0.1999108514345398
242,Dyna-Q,0.15,4200,21000,3.1247942465776184,6.263607903500317,3.1388136569226983
242,Dyna-Q,0.15,4300,21500,6.165370600519155,6.263607903500317,0.09823730298116207
242,Dyna-Q,0.15,4400,22000,6.165370600519155,6.263607903500317,0.09823730298116207
242,Dyna-Q,0.15,4500,22500,6.034167000097312,6.263607903500317,0.22944090340300427
242,Dyna-Q,0.15,4600,23000,6.179908386840861,6.263607903500317,0.08369951665945585
242,Dyna-Q,0.15,4700,23500,5.829377071855728,6.263607903500317,0.4342308316445891
242,Dyna-Q,0.15,4800,24000,5.130471046146429,6.263607903500317,1.1331368573538878
242,Dyna-Q,0.15,4900,24500,5.733440877951512,6.263607903500317,0.5301670255488045
242,Dyna-Q,0.15,5000,25000,5.988988094799176,6.263607903500317,0.2746198087011411
242,Dyna-Q,0.35,0,0,-2.0000000000000013,6.263607903500317,8.263607903500318
242,Dyna-Q,0.35,100,500,-6.099766646885907,6.263607903500317,12.363374550386224
242,Dyna-Q,0.35,200,1000,2.443701492946957,6.263607903500317,3.8199064105533598
242,Dyna-Q,0.35,300,1500,2.3613359863778953,6.263607903500317,3.9022719171224214
242,Dyna-Q,0.35,400,2000,-0.5517060953507612,6.263607903500317,6.815313998851078
242,Dyna-Q,0.35,500,2500,5.335280050327207,6.263607903500317,0.9283278531731094
242,Dyna-Q,0.35,600,3000,-0.28095884943678073,6.263607903500317,6.544566752937097
242,Dyna-Q,0.35,700,3500,0.38625667181557016,6.263607903500317,5.877351231684747
242,Dyna-Q,0.35,800,4000,-1.3113485238598421,6.263607903500317,7.574956427360159
242,Dyna-Q,0.35,900,4500,-0.3256918464381138,6.263607903500317,6.58929974993843
242,Dyna-Q,0.35,1000,5000,5.860290703884234,6.263607903500317,0.40331719961608314
242,Dyna-Q,0.35,1100,5500,6.146593173444725,6.263607903500317,0.11701473005559215
242,Dyna-Q,0.35,1200,6000,3.109948953557453,6.263607903500317,3.1536589499428636
242,Dyna-Q,0.35,1300,6500,5.59192247842233,6.263607903500317,0.6716854250779871
242,Dyna-Q,0.35,1400,7000,0.6498775029246365,6.263607903500317,5.6137304005756805
242,Dyna-Q,0.35,1500,7500,5.8484549336547795,6.263607903500317,0.4151529698455372
242,Dyna-Q,0.35,1600,8000,6.170248370827495,6.263607903500317,0.09335953267282182
242,Dyna-Q,0.35,1700,8500,5.897784655235117,6.263607903500317,0.3658232482651993
242,Dyna-Q,0.35,1800,9000,5.860472149101856,6.263607903500317,0.40313575439846083
242,Dyna-Q,0.35,1900,9500,6.210539532939168,6.263607903500317,0.05306837056114855
242,Dyna-Q,0.35,2000,10000,5.672866865487479,6.263607903500317,0.5907410380128377
242,Dyna-Q,0.35,2100,10500,1.9189494793810098,6.263607903500317,4.344658424119307
242,Dyna-Q,0.35,2200,11000,6.164391335914211,6.263607903500317,0.09921656758610542
242,Dyna-Q,0.35,2300,11500,6.143935123889165,6.263607903500317,0.11967277961115208
242,Dyna-Q,0.35,2400,12000,5.143079019879933,6.263607903500317,1.1205288836203833
242,Dyna-Q,0.35,2500,12500,-0.3805674556740279,6.263607903500317,6.644175359174344
242,Dyna-Q,0.35,2600,13000,-1.2259656005808433,6.263607903500317,7.48957350408116
242,Dyna-Q,0.35,2700,13500,6.172149398861677,6.263607903500317,0.09145850463863958
242,Dyna-Q,0.35,2800,14000,6.156564448718502,6.263607903500317,0.10704345478181487
242,Dyna-Q,0.35,2900,14500,5.834816271215977,6.263607903500317,0.4287916322843399
242,Dyna-Q,0.35,3000,15000,6.143935123889165,6.263607903500317,0.11967277961115208
242,Dyna-Q,0.35,3100,15500,6.1674831522841735,6.263607903500317,0.09612475121614317
242,Dyna-Q,0.35,3200,16000,5.202718142239805,6.263607903500317,1.060889761260512
242,Dyna-Q,0.35,3300,16500,3.1272206958561863,6.263607903500317,3.1363872076441304
242,Dyna-Q,0.35,3400,17000,1.9417479946766287,6.263607903500317,4.321859908823688
242,Dyna-Q,0.35,3500,17500,6.113054417511182,6.263607903500317,0.15055348598913465
242,Dyna-Q,0.35,3600,18000,6.199908112481054,6.263607903500317,0.06369979101926315
242,Dyna-Q,0.35,3700,18500,-1.2094853549240465,6.263607903500317,7.473093258424363
242,Dyna-Q,0.35,3800,19000,6.172761356810864,6.263607903500317,0.0908465466894528
242,Dyna-Q,0.35,3900,19500,5.576508073410198,6.263607903500317,0.6870998300901183
242,Dyna-Q,0.35,4000,20000,6.058489482591838,6.263607903500317,0.20511842090847843
242,Dyna-Q,0.35,4100,20500,6.152970134830615,6.263607903500317,0.11063776866970176
242,Dyna-Q,0.35,4200,21000,5.801881947330126,6.263607903500317,0.4617259561701905
242,Dyna-Q,0.35,4300,21500,5.841644918945811,6.263607903500317,0.4219629845545061
242,Dyna-Q,0.35,4400,22000,5.9312227251422645,6.263607903500317,0.33238517835805226
242,Dyna-Q,0.35,4500,22500,6.211806779627448,6.263607903500317,0.051801123872868615
242,Dyna-Q,0.35,4600,23000,3.1274672839804247,6.263607903500317,3.136140619519892
242,Dyna-Q,0.35,4700,23500,2.9313672976841083,6.263607903500317,3.3322406058162084
242,Dyna-Q,0.35,4800,24000,2.603560713159102,6.263607903500317,3.660047190341215
242,Dyna-Q,0.35,4900,24500,-2.0086101139203936,6.263607903500317,8.27221801742071
242,Dyna-Q,0.35,5000,25000,-0.6389346821359412,6.263607903500317,6.902542585636258
253,Q-learning,0.0,0,0,-2.0000000000000013,6.263607903500317,8.263607903500318
253,Q-learning,0.0,100,0,-4.204113376413985,6.263607903500317,10.4677212799143
253,Q-learning,0.0,200,0,0.7194442239543478,6.263607903500317,5.544163679545969
253,Q-learning,0.0,300,0,2.9029707936989295,6.263607903500317,3.360637109801387
253,Q-learning,0.0,400,0,2.3170125536484782,6.263607903500317,3.9465953498518385
253,Q-learning,0.0,500,0,5.920589879936965,6.263607903500317,0.343018023563352
253,Q-learning,0.0,600,0,5.920589879936965,6.263607903500317,0.343018023563352
253,Q-learning,0.0,700,0,5.928553628151875,6.263607903500317,0.33505427534844134
253,Q-learning,0.0,800,0,5.928553628151875,6.263607903500317,0.33505427534844134
253,Q-learning,0.0,900,0,5.928553628151875,6.263607903500317,0.33505427534844134
253,Q-learning,0.0,1000,0,5.928553628151875,6.263607903500317,0.33505427534844134
253,Q-learning,0.0,1100,0,5.928553628151875,6.263607903500317,0.33505427534844134
253,Q-learning,0.0,1200,0,5.928553628151875,6.263607903500317,0.33505427534844134
253,Q-learning,0.0,1300,0,5.928553628151875,6.263607903500317,0.33505427534844134
253,Q-learning,0.0,1400,0,5.928553628151875,6.263607903500317,0.33505427534844134
253,Q-learning,0.0,1500,0,5.928553628151875,6.263607903500317,0.33505427534844134
253,Q-learning,0.0,1600,0,5.928553628151875,6.263607903500317,0.33505427534844134
253,Q-learning,0.0,1700,0,5.928553628151875,6.263607903500317,0.33505427534844134
253,Q-learning,0.0,1800,0,5.928553628151875,6.263607903500317,0.33505427534844134
253,Q-learning,0.0,1900,0,5.928553628151875,6.263607903500317,0.33505427534844134
253,Q-learning,0.0,2000,0,5.928553628151875,6.263607903500317,0.33505427534844134
253,Q-learning,0.0,2100,0,5.943084001889441,6.263607903500317,0.3205239016108754
253,Q-learning,0.0,2200,0,5.943084001889441,6.263607903500317,0.3205239016108754
253,Q-learning,0.0,2300,0,5.943084001889441,6.263607903500317,0.3205239016108754
253,Q-learning,0.0,2400,0,5.943084001889441,6.263607903500317,0.3205239016108754
253,Q-learning,0.0,2500,0,5.943084001889441,6.263607903500317,0.3205239016108754
253,Q-learning,0.0,2600,0,5.943084001889441,6.263607903500317,0.3205239016108754
253,Q-learning,0.0,2700,0,2.8894662203958066,6.263607903500317,3.37414168310451
253,Q-learning,0.0,2800,0,5.943084001889441,6.263607903500317,0.3205239016108754
253,Q-learning,0.0,2900,0,5.943084001889441,6.263607903500317,0.3205239016108754
253,Q-learning,0.0,3000,0,5.943084001889441,6.263607903500317,0.3205239016108754
253,Q-learning,0.0,3100,0,5.943084001889441,6.263607903500317,0.3205239016108754
253,Q-learning,0.0,3200,0,5.943084001889441,6.263607903500317,0.3205239016108754
253,Q-learning,0.0,3300,0,5.943084001889441,6.263607903500317,0.3205239016108754
253,Q-learning,0.0,3400,0,5.943084001889441,6.263607903500317,0.3205239016108754
253,Q-learning,0.0,3500,0,5.943084001889441,6.263607903500317,0.3205239016108754
253,Q-learning,0.0,3600,0,5.943084001889441,6.263607903500317,0.3205239016108754
253,Q-learning,0.0,3700,0,5.943084001889441,6.263607903500317,0.3205239016108754
253,Q-learning,0.0,3800,0,5.943084001889441,6.263607903500317,0.3205239016108754
253,Q-learning,0.0,3900,0,5.943084001889441,6.263607903500317,0.3205239016108754
253,Q-learning,0.0,4000,0,5.943084001889441,6.263607903500317,0.3205239016108754
253,Q-learning,0.0,4100,0,5.943084001889441,6.263607903500317,0.3205239016108754
253,Q-learning,0.0,4200,0,5.943084001889441,6.263607903500317,0.3205239016108754
253,Q-learning,0.0,4300,0,5.943084001889441,6.263607903500317,0.3205239016108754
253,Q-learning,0.0,4400,0,5.943084001889441,6.263607903500317,0.3205239016108754
253,Q-learning,0.0,4500,0,5.943084001889441,6.263607903500317,0.3205239016108754
253,Q-learning,0.0,4600,0,5.943084001889441,6.263607903500317,0.3205239016108754
253,Q-learning,0.0,4700,0,5.943084001889441,6.263607903500317,0.3205239016108754
253,Q-learning,0.0,4800,0,5.943084001889441,6.263607903500317,0.3205239016108754
253,Q-learning,0.0,4900,0,5.943084001889441,6.263607903500317,0.3205239016108754
253,Q-learning,0.0,5000,0,5.943084001889441,6.263607903500317,0.3205239016108754
253,Dyna-Q,0.0,0,0,-2.0000000000000013,6.263607903500317,8.263607903500318
253,Dyna-Q,0.0,100,500,-2.2762435505194794,6.263607903500317,8.539851454019797
253,Dyna-Q,0.0,200,1000,6.2088345499831465,6.263607903500317,0.054773353517170165
253,Dyna-Q,0.0,300,1500,6.0307534709591435,6.263607903500317,0.23285443254117322
253,Dyna-Q,0.0,400,2000,3.1714578401611226,6.263607903500317,3.092150063339194
253,Dyna-Q,0.0,500,2500,6.206546556333086,6.263607903500317,0.05706134716723099
253,Dyna-Q,0.0,600,3000,3.0053040486469573,6.263607903500317,3.2583038548533594
253,Dyna-Q,0.0,700,3500,6.231539167543261,6.263607903500317,0.03206873595705595
253,Dyna-Q,0.0,800,4000,6.231539167543261,6.263607903500317,0.03206873595705595
253,Dyna-Q,0.0,900,4500,6.231539167543261,6.263607903500317,0.03206873595705595
253,Dyna-Q,0.0,1000,5000,6.193846386018808,6.263607903500317,0.06976151748150894
253,Dyna-Q,0.0,1100,5500,3.003304705192532,6.263607903500317,3.260303198307785
253,Dyna-Q,0.0,1200,6000,6.193846386018808,6.263607903500317,0.06976151748150894
253,Dyna-Q,0.0,1300,6500,6.193846386018808,6.263607903500317,0.06976151748150894
253,Dyna-Q,0.0,1400,7000,6.205013768553916,6.263607903500317,0.05859413494640098
253,Dyna-Q,0.0,1500,7500,6.112085868409676,6.263607903500317,0.15152203509064055
253,Dyna-Q,0.0,1600,8000,6.082728641267732,6.263607903500317,0.180879262232585
253,Dyna-Q,0.0,1700,8500,6.1831086627684435,6.263607903500317,0.0804992407318732
253,Dyna-Q,0.0,1800,9000,6.066313290557944,6.263607903500317,0.19729461294237272
253,Dyna-Q,0.0,1900,9500,6.066313290557944,6.263607903500317,0.19729461294237272
253,Dyna-Q,0.0,2000,10000,6.066313290557944,6.263607903500317,0.19729461294237272
253,Dyna-Q,0.0,2100,10500,3.067744831325037,6.263607903500317,3.1958630721752797
253,Dyna-Q,0.0,2200,11000,6.082728641267732,6.263607903500317,0.180879262232585
253,Dyna-Q,0.0,2300,11500,6.103476481273137,6.263607903500317,0.16013142222718013
253,Dyna-Q,0.0,2400,12000,6.263607903500317,6.263607903500317,0.0
253,Dyna-Q,0.0,2500,12500,6.22272458098214,6.263607903500317,0.04088332251817661
253,Dyna-Q,0.0,2600,13000,6.263607903500317,6.263607903500317,0.0
253,Dyna-Q,0.0,2700,13500,6.263607903500317,6.263607903500317,0.0
253,Dyna-Q,0.0,2800,14000,6.231539167543261,6.263607903500317,0.03206873595705595
253,Dyna-Q,0.0,2900,14500,6.231539167543261,6.263607903500317,0.03206873595705595
253,Dyna-Q,0.0,3000,15000,6.256162817535298,6.263607903500317,0.007445085965018805
253,Dyna-Q,0.0,3100,15500,6.263607903500317,6.263607903500317,0.0
253,Dyna-Q,0.0,3200,16000,6.22272458098214,6.263607903500317,0.04088332251817661
253,Dyna-Q,0.0,3300,16500,5.667315485552984,6.263607903500317,0.5962924179473328
253,Dyna-Q,0.0,3400,17000,6.237175951074367,6.263607903500317,0.026431952425949312
253,Dyna-Q,0.0,3500,17500,6.240084712123412,6.263607903500317,0.023523191376904506
253,Dyna-Q,0.0,3600,18000,5.70784103125686,6.263607903500317,0.5557668722434563
253,Dyna-Q,0.0,3700,18500,6.263607903500317,6.263607903500317,0.0
253,Dyna-Q,0.0,3800,19000,3.175095824454827,6.263607903500317,3.08851207904549
253,Dyna-Q,0.0,3900,19500,6.237175951074367,6.263607903500317,0.026431952425949312
253,Dyna-Q,0.0,4000,20000,6.237175951074367,6.263607903500317,0.026431952425949312
253,Dyna-Q,0.0,4100,20500,6.237175951074367,6.263607903500317,0.026431952425949312
253,Dyna-Q,0.0,4200,21000,6.211806779627448,6.263607903500317,0.051801123872868615
253,Dyna-Q,0.0,4300,21500,6.237175951074367,6.263607903500317,0.026431952425949312
253,Dyna-Q,0.0,4400,22000,6.211806779627448,6.263607903500317,0.051801123872868615
253,Dyna-Q,0.0,4500,22500,6.211806779627448,6.263607903500317,0.051801123872868615
253,Dyna-Q,0.0,4600,23000,2.9666543959205964,6.263607903500317,3.2969535075797203
253,Dyna-Q,0.0,4700,23500,6.103476481273137,6.263607903500317,0.16013142222718013
253,Dyna-Q,0.0,4800,24000,6.203507370148266,6.263607903500317,0.06010053335205079
253,Dyna-Q,0.0,4900,24500,6.203507370148266,6.263607903500317,0.06010053335205079
253,Dyna-Q,0.0,5000,25000,6.203507370148266,6.263607903500317,0.06010053335205079
253,Dyna-Q,0.15,0,0,-2.0000000000000013,6.263607903500317,8.263607903500318
253,Dyna-Q,0.15,100,500,2.234430223255869,6.263607903500317,4.029177680244448
253,Dyna-Q,0.15,200,1000,2.805221472796818,6.263607903500317,3.4583864307034986
253,Dyna-Q,0.15,300,1500,6.082909177116406,6.263607903500317,0.18069872638391082
253,Dyna-Q,0.15,400,2000,6.082909177116406,6.263607903500317,0.18069872638391082
253,Dyna-Q,0.15,500,2500,6.240084712123412,6.263607903500317,0.023523191376904506
253,Dyna-Q,0.15,600,3000,4.895583474446484,6.263607903500317,1.3680244290538326
253,Dyna-Q,0.15,700,3500,6.121783887181976,6.263607903500317,0.14182401631834107
253,Dyna-Q,0.15,800,4000,5.947512029118372,6.263607903500317,0.3160958743819444
253,Dyna-Q,0.15,900,4500,2.6234238839627397,6.263607903500317,3.640184019537577
253,Dyna-Q,0.15,1000,5000,6.222586863809811,6.263607903500317,0.041021039690505745
253,Dyna-Q,0.15,1100,5500,3.38162558255454,6.263607903500317,2.881982320945777
253,Dyna-Q,0.15,1200,6000,6.103476481273137,6.263607903500317,0.16013142222718013
253,Dyna-Q,0.15,1300,6500,6.211806779627448,6.263607903500317,0.051801123872868615
253,Dyna-Q,0.15,1400,7000,5.94206472003944,6.263607903500317,0.32154318346087685
253,Dyna-Q,0.15,1500,7500,6.0640406495318215,6.263607903500317,0.19956725396849517
253,Dyna-Q,0.15,1600,8000,2.603560713159102,6.263607903500317,3.660047190341215
253,Dyna-Q,0.15,1700,8500,3.018366960075836,6.263607903500317,3.2452409434244807
253,Dyna-Q,0.15,1800,9000,6.215103524416071,6.263607903500317,0.048504379084246096
253,Dyna-Q,0.15,1900,9500,5.6223017550769265,6.263607903500317,0.6413061484233902
253,Dyna-Q,0.15,2000,10000,3.27757987372356,6.263607903500317,2.9860280297767567
253,Dyna-Q,0.15,2100,10500,2.3172046542296822,6.263607903500317,3.9464032492706345
253,Dyna-Q,0.15,2200,11000,6.1874760173705745,6.263607903500317,0.0761318861297422
253,Dyna-Q,0.15,2300,11500,6.252698803146877,6.263607903500317,0.01090910035344006
253,Dyna-Q,0.15,2400,12000,5.675031455997569,6.263607903500317,0.5885764475027475
253,Dyna-Q,0.15,2500,12500,6.222586863809811,6.263607903500317,0.041021039690505745
253,Dyna-Q,0.15,2600,13000,5.4910646703799015,6.263607903500317,0.7725432331204152
253,Dyna-Q,0.15,2700,13500,6.208398301384701,6.263607903500317,0.05520960211561565
253,Dyna-Q,0.15,2800,14000,3.136251502772883,6.263607903500317,3.1273564007274337
253,Dyna-Q,0.15,2900,14500,6.240084712123412,6.263607903500317,0.023523191376904506
253,Dyna-Q,0.15,3000,15000,6.240084712123412,6.263607903500317,0.023523191376904506
253,Dyna-Q,0.15,3100,15500,2.570510301302138,6.263607903500317,3.6930976021981787
253,Dyna-Q,0.15,3200,16000,6.194239886615761,6.263607903500317,0.06936801688455585
253,Dyna-Q,0.15,3300,16500,2.7233459013492207,6.263607903500317,3.540262002151096
253,Dyna-Q,0.15,3400,17000,-1.928858703118451,6.263607903500317,8.192466606618767
253,Dyna-Q,0.15,3500,17500,2.9375946339931747,6.263607903500317,3.326013269507142
253,Dyna-Q,0.15,3600,18000,1.0925837730833603,6.263607903500317,5.171024130416956
253,Dyna-Q,0.15,3700,18500,1.0447196428099397,6.263607903500317,5.2188882606903775
253,Dyna-Q,0.15,3800,19000,5.865787409791033,6.263607903500317,0.3978204937092835
253,Dyna-Q,0.15,3900,19500,2.8545273987828117,6.263607903500317,3.409080504717505
253,Dyna-Q,0.15,4000,20000,5.845701414593301,6.263607903500317,0.41790648890701565
253,Dyna-Q,0.15,4100,20500,6.03932902794355,6.263607903500317,0.22427887555676662
253,Dyna-Q,0.15,4200,21000,6.211806779627448,6.263607903500317,0.051801123872868615
253,Dyna-Q,0.15,4300,21500,5.929250817986956,6.263607903500317,0.33435708551336063
253,Dyna-Q,0.15,4400,22000,3.136251502772883,6.263607903500317,3.1273564007274337
253,Dyna-Q,0.15,4500,22500,6.2253460094130855,6.263607903500317,0.03826189408723124
253,Dyna-Q,0.15,4600,23000,6.221729430851686,6.263607903500317,0.04187847264863098
253,Dyna-Q,0.15,4700,23500,0.866029927296939,6.263607903500317,5.397577976203378
253,Dyna-Q,0.15,4800,24000,6.240084712123412,6.263607903500317,0.023523191376904506
253,Dyna-Q,0.15,4900,24500,5.84711431814872,6.263607903500317,0.41649358535159653
253,Dyna-Q,0.15,5000,25000,5.62188146081507,6.263607903500317,0.6417264426852469
253,Dyna-Q,0.35,0,0,-2.0000000000000013,6.263607903500317,8.263607903500318
253,Dyna-Q,0.35,100,500,-1.6316865723818643,6.263607903500317,7.8952944758821815
253,Dyna-Q,0.35,200,1000,-0.9388791963475178,6.263607903500317,7.2024870998478345
253,Dyna-Q,0.35,300,1500,6.211806779627448,6.263607903500317,0.051801123872868615
253,Dyna-Q,0.35,400,2000,5.177863870002774,6.263607903500317,1.0857440334975426
253,Dyna-Q,0.35,500,2500,6.228366371515132,6.263607903500317,0.03524153198518487
253,Dyna-Q,0.35,600,3000,1.561738931187694,6.263607903500317,4.701868972312623
253,Dyna-Q,0.35,700,3500,6.214807223157745,6.263607903500317,0.04880068034257157
253,Dyna-Q,0.35,800,4000,5.982589078672184,6.263607903500317,0.28101882482813245
253,Dyna-Q,0.35,900,4500,-0.10999869232058324,6.263607903500317,6.3736065958209
253,Dyna-Q,0.35,1000,5000,5.142424281586292,6.263607903500317,1.1211836219140245
253,Dyna-Q,0.35,1100,5500,2.3901626241643235,6.263607903500317,3.8734452793359933
253,Dyna-Q,0.35,1200,6000,-0.7493055364636272,6.263607903500317,7.012913439963944
253,Dyna-Q,0.35,1300,6500,6.0899079085171754,6.263607903500317,0.17369999498314126
253,Dyna-Q,0.35,1400,7000,5.338314058340316,6.263607903500317,0.9252938451600006
253,Dyna-Q,0.35,1500,7500,-0.7076864313090935,6.263607903500317,6.97129433480941
253,Dyna-Q,0.35,1600,8000,5.263263368123837,6.263607903500317,1.0003445353764793
253,Dyna-Q,0.35,1700,8500,3.084451176331428,6.263607903500317,3.1791567271688885
253,Dyna-Q,0.35,1800,9000,6.007392111286505,6.263607903500317,0.25621579221381197
253,Dyna-Q,0.35,1900,9500,5.079730729301354,6.263607903500317,1.1838771741989627
253,Dyna-Q,0.35,2000,10000,-1.2077572617601082,6.263607903500317,7.4713651652604245
253,Dyna-Q,0.35,2100,10500,0.5962652518165148,6.263607903500317,5.667342651683802
253,Dyna-Q,0.35,2200,11000,5.987684230679734,6.263607903500317,0.27592367282058294
253,Dyna-Q,0.35,2300,11500,4.5536072539705925,6.263607903500317,1.7100006495297242
253,Dyna-Q,0.35,2400,12000,2.8792290192211527,6.263607903500317,3.384378884279164
253,Dyna-Q,0.35,2500,12500,-1.8996037043048353,6.263607903500317,8.163211607805152
253,Dyna-Q,0.35,2600,13000,6.2088345499831465,6.263607903500317,0.054773353517170165
253,Dyna-Q,0.35,2700,13500,3.137617186164074,6.263607903500317,3.1259907173362427
253,Dyna-Q,0.35,2800,14000,6.04974511389244,6.263607903500317,0.21386278960787664
253,Dyna-Q,0.35,2900,14500,5.971825070698282,6.263607903500317,0.2917828328020349
253,Dyna-Q,0.35,3000,15000,6.256162817535298,6.263607903500317,0.007445085965018805
253,Dyna-Q,0.35,3100,15500,6.237175951074367,6.263607903500317,0.026431952425949312
253,Dyna-Q,0.35,3200,16000,3.16152790592798,6.263607903500317,3.1020799975723365
253,Dyna-Q,0.35,3300,16500,5.929250817986956,6.263607903500317,0.33435708551336063
253,Dyna-Q,0.35,3400,17000,6.20177079250027,6.263607903500317,0.061837111000047074
253,Dyna-Q,0.35,3500,17500,6.086085969607805,6.263607903500317,0.17752193389251136
253,Dyna-Q,0.35,3600,18000,5.869100265750879,6.263607903500317,0.3945076377494381
253,Dyna-Q,0.35,3700,18500,2.9375294308853923,6.263607903500317,3.3260784726149244
253,Dyna-Q,0.35,3800,19000,5.8610420031681665,6.263607903500317,0.40256590033215023
253,Dyna-Q,0.35,3900,19500,3.0040741213538324,6.263607903500317,3.2595337821464843
253,Dyna-Q,0.35,4000,20000,3.1409793085878546,6.263607903500317,3.122628594912462
253,Dyna-Q,0.35,4100,20500,-0.2767171384024733,6.263607903500317,6.54032504190279
253,Dyna-Q,0.35,4200,21000,-2.791702040050037,6.263607903500317,9.055309943550354
253,Dyna-Q,0.35,4300,21500,6.172719704761762,6.263607903500317,0.09088819873855503
253,Dyna-Q,0.35,4400,22000,3.7774261805866214,6.263607903500317,2.4861817229136953
253,Dyna-Q,0.35,4500,22500,0.3686360861205232,6.263607903500317,5.894971817379793
253,Dyna-Q,0.35,4600,23000,-0.6491068239413746,6.263607903500317,6.912714727441691
253,Dyna-Q,0.35,4700,23500,5.993935234599538,6.263607903500317,0.2696726689007791
253,Dyna-Q,0.35,4800,24000,-1.6669016768285208,6.263607903500317,7.930509580328837
253,Dyna-Q,0.35,4900,24500,2.230963220586583,6.263607903500317,4.032644682913734
253,Dyna-Q,0.35,5000,25000,0.5405703274394404,6.263607903500317,5.723037576060876
264,Q-learning,0.0,0,0,-2.0000000000000013,6.263607903500317,8.263607903500318
264,Q-learning,0.0,100,0,-1.8327836279973826,6.263607903500317,8.0963915314977
264,Q-learning,0.0,200,0,-0.4998581444566965,6.263607903500317,6.763466047957014
264,Q-learning,0.0,300,0,-0.5664655097302266,6.263607903500317,6.830073413230544
264,Q-learning,0.0,400,0,3.0186701470638893,6.263607903500317,3.2449377564364275
264,Q-learning,0.0,500,0,5.742559316973675,6.263607903500317,0.5210485865266419
264,Q-learning,0.0,600,0,6.0411580274680325,6.263607903500317,0.22244987603228417
264,Q-learning,0.0,700,0,6.061015914754382,6.263607903500317,0.20259198874593487
264,Q-learning,0.0,800,0,6.061015914754382,6.263607903500317,0.20259198874593487
264,Q-learning,0.0,900,0,6.061015914754382,6.263607903500317,0.20259198874593487
264,Q-learning,0.0,1000,0,6.061015914754382,6.263607903500317,0.20259198874593487
264,Q-learning,0.0,1100,0,6.061015914754382,6.263607903500317,0.20259198874593487
264,Q-learning,0.0,1200,0,6.061015914754382,6.263607903500317,0.20259198874593487
264,Q-learning,0.0,1300,0,6.061015914754382,6.263607903500317,0.20259198874593487
264,Q-learning,0.0,1400,0,6.061015914754382,6.263607903500317,0.20259198874593487
264,Q-learning,0.0,1500,0,6.061015914754382,6.263607903500317,0.20259198874593487
264,Q-learning,0.0,1600,0,6.061015914754382,6.263607903500317,0.20259198874593487
264,Q-learning,0.0,1700,0,6.061015914754382,6.263607903500317,0.20259198874593487
264,Q-learning,0.0,1800,0,6.061015914754382,6.263607903500317,0.20259198874593487
264,Q-learning,0.0,1900,0,6.061015914754382,6.263607903500317,0.20259198874593487
264,Q-learning,0.0,2000,0,6.061015914754382,6.263607903500317,0.20259198874593487
264,Q-learning,0.0,2100,0,6.061015914754382,6.263607903500317,0.20259198874593487
264,Q-learning,0.0,2200,0,6.061015914754382,6.263607903500317,0.20259198874593487
264,Q-learning,0.0,2300,0,6.061015914754382,6.263607903500317,0.20259198874593487
264,Q-learning,0.0,2400,0,6.061015914754382,6.263607903500317,0.20259198874593487
264,Q-learning,0.0,2500,0,6.061015914754382,6.263607903500317,0.20259198874593487
264,Q-learning,0.0,2600,0,6.061015914754382,6.263607903500317,0.20259198874593487
264,Q-learning,0.0,2700,0,6.061015914754382,6.263607903500317,0.20259198874593487
264,Q-learning,0.0,2800,0,3.0650025468262365,6.263607903500317,3.19860535667408
264,Q-learning,0.0,2900,0,6.061015914754382,6.263607903500317,0.20259198874593487
264,Q-learning,0.0,3000,0,6.061015914754382,6.263607903500317,0.20259198874593487
264,Q-learning,0.0,3100,0,6.061015914754382,6.263607903500317,0.20259198874593487
264,Q-learning,0.0,3200,0,6.061015914754382,6.263607903500317,0.20259198874593487
264,Q-learning,0.0,3300,0,6.061015914754382,6.263607903500317,0.20259198874593487
264,Q-learning,0.0,3400,0,6.061015914754382,6.263607903500317,0.20259198874593487
264,Q-learning,0.0,3500,0,6.061015914754382,6.263607903500317,0.20259198874593487
264,Q-learning,0.0,3600,0,6.061015914754382,6.263607903500317,0.20259198874593487
264,Q-learning,0.0,3700,0,6.061015914754382,6.263607903500317,0.20259198874593487
264,Q-learning,0.0,3800,0,6.073173492206565,6.263607903500317,0.19043441129375172
264,Q-learning,0.0,3900,0,6.073173492206565,6.263607903500317,0.19043441129375172
264,Q-learning,0.0,4000,0,6.073173492206565,6.263607903500317,0.19043441129375172
264,Q-learning,0.0,4100,0,6.073173492206565,6.263607903500317,0.19043441129375172
264,Q-learning,0.0,4200,0,6.073173492206565,6.263607903500317,0.19043441129375172
264,Q-learning,0.0,4300,0,6.073173492206565,6.263607903500317,0.19043441129375172
264,Q-learning,0.0,4400,0,6.073173492206565,6.263607903500317,0.19043441129375172
264,Q-learning,0.0,4500,0,6.073173492206565,6.263607903500317,0.19043441129375172
264,Q-learning,0.0,4600,0,6.073173492206565,6.263607903500317,0.19043441129375172
264,Q-learning,0.0,4700,0,6.073173492206565,6.263607903500317,0.19043441129375172
264,Q-learning,0.0,4800,0,6.073173492206565,6.263607903500317,0.19043441129375172
264,Q-learning,0.0,4900,0,6.073173492206565,6.263607903500317,0.19043441129375172
264,Q-learning,0.0,5000,0,6.073173492206565,6.263607903500317,0.19043441129375172
264,Dyna-Q,0.0,0,0,-2.0000000000000013,6.263607903500317,8.263607903500318
264,Dyna-Q,0.0,100,500,1.0125211866241777,6.263607903500317,5.251086716876139
264,Dyna-Q,0.0,200,1000,-1.3958318878793308,6.263607903500317,7.659439791379647
264,Dyna-Q,0.0,300,1500,2.497250764329979,6.263607903500317,3.7663571391703377
264,Dyna-Q,0.0,400,2000,5.380010468307652,6.263607903500317,0.883597435192665
264,Dyna-Q,0.0,500,2500,5.401740673592777,6.263607903500317,0.8618672299075394
264,Dyna-Q,0.0,600,3000,5.401740673592777,6.263607903500317,0.8618672299075394
264,Dyna-Q,0.0,700,3500,2.1860402109751185,6.263607903500317,4.077567692525198
264,Dyna-Q,0.0,800,4000,5.106263520575408,6.263607903500317,1.1573443829249088
264,Dyna-Q,0.0,900,4500,5.3030581595761275,6.263607903500317,0.9605497439241892
264,Dyna-Q,0.0,1000,5000,5.069531944124343,6.263607903500317,1.194075959375974
264,Dyna-Q,0.0,1100,5500,5.380846898664142,6.263607903500317,0.8827610048361745
264,Dyna-Q,0.0,1200,6000,5.401794898258784,6.263607903500317,0.8618130052415331
264,Dyna-Q,0.0,1300,6500,5.401794898258784,6.263607903500317,0.8618130052415331
264,Dyna-Q,0.0,1400,7000,5.402348194524989,6.263607903500317,0.8612597089753278
264,Dyna-Q,0.0,1500,7500,5.401808388969113,6.263607903500317,0.8617995145312038
264,Dyna-Q,0.0,1600,8000,5.401808388969113,6.263607903500317,0.8617995145312038
264,Dyna-Q,0.0,1700,8500,5.402284682925563,6.263607903500317,0.8613232205747536
264,Dyna-Q,0.0,1800,9000,5.402284682925563,6.263607903500317,0.8613232205747536
264,Dyna-Q,0.0,1900,9500,2.497714081647016,6.263607903500317,3.7658938218533007
264,Dyna-Q,0.0,2000,10000,-0.6361057998723247,6.263607903500317,6.899713703372641
264,Dyna-Q,0.0,2100,10500,2.733377130610179,6.263607903500317,3.5302307728901376
264,Dyna-Q,0.0,2200,11000,-1.5349839799540674,6.263607903500317,7.798591883454384
264,Dyna-Q,0.0,2300,11500,4.975546416738342,6.263607903500317,1.2880614867619746
264,Dyna-Q,0.0,2400,12000,2.052343087275869,6.263607903500317,4.211264816224448
264,Dyna-Q,0.0,2500,12500,5.163194739918693,6.263607903500317,1.1004131635816234
264,Dyna-Q,0.0,2600,13000,5.131553874861201,6.263607903500317,1.132054028639116
264,Dyna-Q,0.0,2700,13500,5.136550041506599,6.263607903500317,1.127057861993718
264,Dyna-Q,0.0,2800,14000,5.0910640626717685,6.263607903500317,1.1725438408285482
264,Dyna-Q,0.0,2900,14500,2.144957712710305,6.263607903500317,4.118650190790012
264,Dyna-Q,0.0,3000,15000,2.2782278463464056,6.263607903500317,3.985380057153911
264,Dyna-Q,0.0,3100,15500,2.103422702966826,6.263607903500317,4.1601852005334905
264,Dyna-Q,0.0,3200,16000,5.021106028143253,6.263607903500317,1.242501875357064
264,Dyna-Q,0.0,3300,16500,5.016228895790545,6.263607903500317,1.247379007709772
264,Dyna-Q,0.0,3400,17000,5.021106028143253,6.263607903500317,1.242501875357064
264,Dyna-Q,0.0,3500,17500,5.016043408337892,6.263607903500317,1.2475644951624245
264,Dyna-Q,0.0,3600,18000,4.977851977512439,6.263607903500317,1.2857559259878775
264,Dyna-Q,0.0,3700,18500,5.136550041506599,6.263607903500317,1.127057861993718
264,Dyna-Q,0.0,3800,19000,5.136550041506599,6.263607903500317,1.127057861993718
264,Dyna-Q,0.0,3900,19500,-1.980382989137407,6.263607903500317,8.243990892637724
264,Dyna-Q,0.0,4000,20000,5.13093558869225,6.263607903500317,1.132672314808067
264,Dyna-Q,0.0,4100,20500,5.136550041506599,6.263607903500317,1.127057861993718
264,Dyna-Q,0.0,4200,21000,5.13093558869225,6.263607903500317,1.132672314808067
264,Dyna-Q,0.0,4300,21500,5.136550041506599,6.263607903500317,1.127057861993718
264,Dyna-Q,0.0,4400,22000,5.153944634728425,6.263607903500317,1.1096632687718921
264,Dyna-Q,0.0,4500,22500,2.5499580034726743,6.263607903500317,3.7136499000276424
264,Dyna-Q,0.0,4600,23000,5.413483971938511,6.263607903500317,0.8501239315618054
264,Dyna-Q,0.0,4700,23500,5.413422749446991,6.263607903500317,0.8501851540533254
264,Dyna-Q,0.0,4800,24000,5.413422749446991,6.263607903500317,0.8501851540533254
264,Dyna-Q,0.0,4900,24500,2.189832131569695,6.263607903500317,4.073775771930622
264,Dyna-Q,0.0,5000,25000,5.074022291663333,6.263607903500317,1.1895856118369839
264,Dyna-Q,0.15,0,0,-2.0000000000000013,6.263607903500317,8.263607903500318
264,Dyna-Q,0.15,100,500,-0.26041168831716016,6.263607903500317,6.524019591817477
264,Dyna-Q,0.15,200,1000,0.7801448564018973,6.263607903500317,5.48346304709842
264,Dyna-Q,0.15,300,1500,5.345412646104191,6.263607903500317,0.9181952573961256
264,Dyna-Q,0.15,400,2000,2.9478749807727924,6.263607903500317,3.3157329227275243
264,Dyna-Q,0.15,500,2500,3.0710271003847027,6.263607903500317,3.192580803115614
264,Dyna-Q,0.15,600,3000,6.07219218413244,6.263607903500317,0.1914157193678765
264,Dyna-Q,0.15,700,3500,6.079613336090674,6.263607903500317,0.18399456740964304
264,Dyna-Q,0.15,800,4000,6.103476481273137,6.263607903500317,0.16013142222718013
264,Dyna-Q,0.15,900,4500,6.034712595949651,6.263607903500317,0.22889530755066545
264,Dyna-Q,0.15,1000,5000,6.11194300924973,6.263607903500317,0.1516648942505867
264,Dyna-Q,0.15,1100,5500,6.11194300924973,6.263607903500317,0.1516648942505867
264,Dyna-Q,0.15,1200,6000,6.11194300924973,6.263607903500317,0.1516648942505867
264,Dyna-Q,0.15,1300,6500,6.233980616524453,6.263607903500317,0.02962728697586403
264,Dyna-Q,0.15,1400,7000,6.203507370148266,6.263607903500317,0.06010053335205079
264,Dyna-Q,0.15,1500,7500,3.0096835236732904,6.263607903500317,3.2539243798270263
264,Dyna-Q,0.15,1600,8000,5.353573731822888,6.263607903500317,0.9100341716774283
264,Dyna-Q,0.15,1700,8500,0.10344508730709086,6.263607903500317,6.160162816193226
264,Dyna-Q,0.15,1800,9000,6.244533912994323,6.263607903500317,0.019073990505993343
264,Dyna-Q,0.15,1900,9500,6.263607903500317,6.263607903500317,0.0
264,Dyna-Q,0.15,2000,10000,2.00626767155228,6.263607903500317,4.257340231948037
264,Dyna-Q,0.15,2100,10500,2.9817053551305963,6.263607903500317,3.2819025483697204
264,Dyna-Q,0.15,2200,11000,1.3544370835604156,6.263607903500317,4.909170819939901
264,Dyna-Q,0.15,2300,11500,3.1624552687848637,6.263607903500317,3.101152634715453
264,Dyna-Q,0.15,2400,12000,5.6588442267778065,6.263607903500317,0.6047636767225102
264,Dyna-Q,0.15,2500,12500,5.913902812041652,6.263607903500317,0.3497050914586648
264,Dyna-Q,0.15,2600,13000,6.211806779627448,6.263607903500317,0.051801123872868615
264,Dyna-Q,0.15,2700,13500,6.191746974574256,6.263607903500317,0.07186092892606055
264,Dyna-Q,0.15,2800,14000,2.625112974692888,6.263607903500317,3.638494928807429
264,Dyna-Q,0.15,2900,14500,-0.04445413525283549,6.263607903500317,6.308062038753152
264,Dyna-Q,0.15,3000,15000,-1.2800166053323458,6.263607903500317,7.543624508832663
264,Dyna-Q,0.15,3100,15500,6.08023790002849,6.263607903500317,0.18337000347182641
264,Dyna-Q,0.15,3200,16000,6.103476481273137,6.263607903500317,0.16013142222718013
264,Dyna-Q,0.15,3300,16500,5.864349352577823,6.263607903500317,0.39925855092249396
264,Dyna-Q,0.15,3400,17000,0.3173427286511346,6.263607903500317,5.946265174849182
264,Dyna-Q,0.15,3500,17500,2.9923225495313464,6.263607903500317,3.2712853539689704
264,Dyna-Q,0.15,3600,18000,2.806283797256111,6.263607903500317,3.4573241062442057
264,Dyna-Q,0.15,3700,18500,2.251255777994959,6.263607903500317,4.012352125505357
264,Dyna-Q,0.15,3800,19000,2.9693063747346513,6.263607903500317,3.2943015287656654
264,Dyna-Q,0.15,3900,19500,5.982980115737108,6.263607903500317,0.2806277877632084
264,Dyna-Q,0.15,4000,20000,5.574849562396988,6.263607903500317,0.6887583411033287
264,Dyna-Q,0.15,4100,20500,6.243203409411358,6.263607903500317,0.02040449408895828
264,Dyna-Q,0.15,4200,21000,6.243203409411358,6.263607903500317,0.02040449408895828
264,Dyna-Q,0.15,4300,21500,6.232265444802723,6.263607903500317,0.03134245869759411
264,Dyna-Q,0.15,4400,22000,6.20177079250027,6.263607903500317,0.061837111000047074
264,Dyna-Q,0.15,4500,22500,3.000559287294557,6.263607903500317,3.2630486162057597
264,Dyna-Q,0.15,4600,23000,5.4910646703799015,6.263607903500317,0.7725432331204152
264,Dyna-Q,0.15,4700,23500,4.844123783410124,6.263607903500317,1.4194841200901926
264,Dyna-Q,0.15,4800,24000,5.487247448578319,6.263607903500317,0.7763604549219973
264,Dyna-Q,0.15,4900,24500,3.025539186862646,6.263607903500317,3.2380687166376707
264,Dyna-Q,0.15,5000,25000,-1.5624317693301994,6.263607903500317,7.826039672830516
264,Dyna-Q,0.35,0,0,-2.0000000000000013,6.263607903500317,8.263607903500318
264,Dyna-Q,0.35,100,500,-1.3079159448727953,6.263607903500317,7.571523848373112
264,Dyna-Q,0.35,200,1000,-2.2797068543043566,6.263607903500317,8.543314757804673
264,Dyna-Q,0.35,300,1500,3.115514805917518,6.263607903500317,3.1480930975827985
264,Dyna-Q,0.35,400,2000,5.93454554344239,6.263607903500317,0.329062360057927
264,Dyna-Q,0.35,500,2500,5.52709479109038,6.263607903500317,0.7365131124099369
264,Dyna-Q,0.35,600,3000,6.057746304022212,6.263607903500317,0.205861599478105
264,Dyna-Q,0.35,700,3500,6.181938104239764,6.263607903500317,0.08166979926055262
264,Dyna-Q,0.35,800,4000,6.144974712303779,6.263607903500317,0.1186331911965377
264,Dyna-Q,0.35,900,4500,6.166432297042055,6.263607903500317,0.0971756064582614
264,Dyna-Q,0.35,1000,5000,2.6569697574074036,6.263607903500317,3.606638146092913
264,Dyna-Q,0.35,1100,5500,-1.941534184964958,6.263607903500317,8.205142088465275
264,Dyna-Q,0.35,1200,6000,1.8105408566461532,6.263607903500317,4.453067046854164
264,Dyna-Q,0.35,1300,6500,5.257020609193868,6.263607903500317,1.006587294306449
264,Dyna-Q,0.35,1400,7000,4.918122707555557,6.263607903500317,1.34548519594476
264,Dyna-Q,0.35,1500,7500,5.286628648528416,6.263607903500317,0.9769792549719005
264,Dyna-Q,0.35,1600,8000,5.096430823891556,6.263607903500317,1.167177079608761
264,Dyna-Q,0.35,1700,8500,4.830314406089326,6.263607903500317,1.4332934974109905
264,Dyna-Q,0.35,1800,9000,4.771059672635925,6.263607903500317,1.4925482308643918
264,Dyna-Q,0.35,1900,9500,2.3537522527605312,6.263607903500317,3.9098556507397855
264,Dyna-Q,0.35,2000,10000,6.158025896511529,6.263607903500317,0.10558200698878739
264,Dyna-Q,0.35,2100,10500,0.9214939073077505,6.263607903500317,5.342113996192566
264,Dyna-Q,0.35,2200,11000,0.5347852847416149,6.263607903500317,5.728822618758702
264,Dyna-Q,0.35,2300,11500,-1.6179226082113034,6.263607903500317,7.88153051171162
264,Dyna-Q,0.35,2400,12000,3.045154773013877,6.263607903500317,3.2184531304864397
264,Dyna-Q,0.35,2500,12500,2.5998674606413124,6.263607903500317,3.6637404428590044
264,Dyna-Q,0.35,2600,13000,2.1706561506621775,6.263607903500317,4.09295175283814
264,Dyna-Q,0.35,2700,13500,-0.4836247814731578,6.263607903500317,6.747232684973475
264,Dyna-Q,0.35,2800,14000,6.1550126578660285,6.263607903500317,0.10859524563428824
264,Dyna-Q,0.35,2900,14500,-2.1942719104196406,6.263607903500317,8.457879813919957
264,Dyna-Q,0.35,3000,15000,6.142388391376374,6.263607903500317,0.12121951212394233
264,Dyna-Q,0.35,3100,15500,6.180074734665318,6.263607903500317,0.0835331688349985
264,Dyna-Q,0.35,3200,16000,-2.064127626391681,6.263607903500317,8.327735529891998
264,Dyna-Q,0.35,3300,16500,2.129228864017757,6.263607903500317,4.13437903948256
264,Dyna-Q,0.35,3400,17000,2.7967521082298576,6.263607903500317,3.466855795270459
264,Dyna-Q,0.35,3500,17500,1.5333766062722514,6.263607903500317,4.730231297228065
264,Dyna-Q,0.35,3600,18000,4.081660798600551,6.263607903500317,2.1819471048997654
264,Dyna-Q,0.35,3700,18500,2.7400789018478493,6.263607903500317,3.5235290016524674
264,Dyna-Q,0.35,3800,19000,4.333643774892123,6.263607903500317,1.9299641286081934
264,Dyna-Q,0.35,3900,19500,4.269178205738152,6.263607903500317,1.9944296977621647
264,Dyna-Q,0.35,4000,20000,2.9961139606378517,6.263607903500317,3.267493942862465
264,Dyna-Q,0.35,4100,20500,5.207208185990262,6.263607903500317,1.0563997175100548
264,Dyna-Q,0.35,4200,21000,-0.9453575533651157,6.263607903500317,7.208965456865433
264,Dyna-Q,0.35,4300,21500,5.613343549018394,6.263607903500317,0.6502643544819229
264,Dyna-Q,0.35,4400,22000,5.222581914136037,6.263607903500317,1.0410259893642797
264,Dyna-Q,0.35,4500,22500,3.0751949508881324,6.263607903500317,3.1884129526121843
264,Dyna-Q,0.35,4600,23000,6.04308257257976,6.263607903500317,0.22052533092055704
264,Dyna-Q,0.35,4700,23500,3.114722746128795,6.263607903500317,3.1488851573715215
264,Dyna-Q,0.35,4800,24000,5.834816271215977,6.263607903500317,0.4287916322843399
264,Dyna-Q,0.35,4900,24500,6.152875073106646,6.263607903500317,0.11073283039367077
264,Dyna-Q,0.35,5000,25000,6.171950361320891,6.263607903500317,0.09165754217942546
275,Q-learning,0.0,0,0,-2.0000000000000013,6.263607903500317,8.263607903500318
275,Q-learning,0.0,100,0,-1.4141561785900956,6.263607903500317,7.6777640820904125
275,Q-learning,0.0,200,0,-0.5203337828912453,6.263607903500317,6.783941686391562
275,Q-learning,0.0,300,0,-1.9282428860004441,6.263607903500317,8.19185078950076
275,Q-learning,0.0,400,0,2.3350954527975865,6.263607903500317,3.9285124507027303
275,Q-learning,0.0,500,0,5.938605769100938,6.263607903500317,0.3250021343993783
275,Q-learning,0.0,600,0,5.936167679399564,6.263607903500317,0.32744022410075235
275,Q-learning,0.0,700,0,6.1748990878942305,6.263607903500317,0.08870881560608623
275,Q-learning,0.0,800,0,6.1748990878942305,6.263607903500317,0.08870881560608623
275,Q-learning,0.0,900,0,6.1748990878942305,6.263607903500317,0.08870881560608623
275,Q-learning,0.0,1000,0,6.1748990878942305,6.263607903500317,0.08870881560608623
275,Q-learning,0.0,1100,0,6.1748990878942305,6.263607903500317,0.08870881560608623
275,Q-learning,0.0,1200,0,6.1748990878942305,6.263607903500317,0.08870881560608623
275,Q-learning,0.0,1300,0,6.1748990878942305,6.263607903500317,0.08870881560608623
275,Q-learning,0.0,1400,0,6.1748990878942305,6.263607903500317,0.08870881560608623
275,Q-learning,0.0,1500,0,6.1748990878942305,6.263607903500317,0.08870881560608623
275,Q-learning,0.0,1600,0,6.1748990878942305,6.263607903500317,0.08870881560608623
275,Q-learning,0.0,1700,0,6.1748990878942305,6.263607903500317,0.08870881560608623
275,Q-learning,0.0,1800,0,6.1748990878942305,6.263607903500317,0.08870881560608623
275,Q-learning,0.0,1900,0,6.1748990878942305,6.263607903500317,0.08870881560608623
275,Q-learning,0.0,2000,0,6.1748990878942305,6.263607903500317,0.08870881560608623
275,Q-learning,0.0,2100,0,6.1748990878942305,6.263607903500317,0.08870881560608623
275,Q-learning,0.0,2200,0,6.1748990878942305,6.263607903500317,0.08870881560608623
275,Q-learning,0.0,2300,0,6.1748990878942305,6.263607903500317,0.08870881560608623
275,Q-learning,0.0,2400,0,6.1748990878942305,6.263607903500317,0.08870881560608623
275,Q-learning,0.0,2500,0,6.1748990878942305,6.263607903500317,0.08870881560608623
275,Q-learning,0.0,2600,0,6.1748990878942305,6.263607903500317,0.08870881560608623
275,Q-learning,0.0,2700,0,6.1748990878942305,6.263607903500317,0.08870881560608623
275,Q-learning,0.0,2800,0,6.1748990878942305,6.263607903500317,0.08870881560608623
275,Q-learning,0.0,2900,0,6.1748990878942305,6.263607903500317,0.08870881560608623
275,Q-learning,0.0,3000,0,6.1748990878942305,6.263607903500317,0.08870881560608623
275,Q-learning,0.0,3100,0,6.1748990878942305,6.263607903500317,0.08870881560608623
275,Q-learning,0.0,3200,0,6.1748990878942305,6.263607903500317,0.08870881560608623
275,Q-learning,0.0,3300,0,6.1748990878942305,6.263607903500317,0.08870881560608623
275,Q-learning,0.0,3400,0,6.1748990878942305,6.263607903500317,0.08870881560608623
275,Q-learning,0.0,3500,0,6.1748990878942305,6.263607903500317,0.08870881560608623
275,Q-learning,0.0,3600,0,6.1748990878942305,6.263607903500317,0.08870881560608623
275,Q-learning,0.0,3700,0,6.1748990878942305,6.263607903500317,0.08870881560608623
275,Q-learning,0.0,3800,0,6.1748990878942305,6.263607903500317,0.08870881560608623
275,Q-learning,0.0,3900,0,6.1748990878942305,6.263607903500317,0.08870881560608623
275,Q-learning,0.0,4000,0,6.1748990878942305,6.263607903500317,0.08870881560608623
275,Q-learning,0.0,4100,0,6.1748990878942305,6.263607903500317,0.08870881560608623
275,Q-learning,0.0,4200,0,6.1748990878942305,6.263607903500317,0.08870881560608623
275,Q-learning,0.0,4300,0,6.1748990878942305,6.263607903500317,0.08870881560608623
275,Q-learning,0.0,4400,0,6.1748990878942305,6.263607903500317,0.08870881560608623
275,Q-learning,0.0,4500,0,6.1748990878942305,6.263607903500317,0.08870881560608623
275,Q-learning,0.0,4600,0,6.1748990878942305,6.263607903500317,0.08870881560608623
275,Q-learning,0.0,4700,0,6.1748990878942305,6.263607903500317,0.08870881560608623
275,Q-learning,0.0,4800,0,6.1748990878942305,6.263607903500317,0.08870881560608623
275,Q-learning,0.0,4900,0,6.1748990878942305,6.263607903500317,0.08870881560608623
275,Q-learning,0.0,5000,0,6.1748990878942305,6.263607903500317,0.08870881560608623
275,Dyna-Q,0.0,0,0,-2.0000000000000013,6.263607903500317,8.263607903500318
275,Dyna-Q,0.0,100,500,-6.323151240724253,6.263607903500317,12.586759144224569
275,Dyna-Q,0.0,200,1000,5.551122590846808,6.263607903500317,0.7124853126535085
275,Dyna-Q,0.0,300,1500,5.363418034968595,6.263607903500317,0.9001898685317213
275,Dyna-Q,0.0,400,2000,5.532154487132363,6.263607903500317,0.7314534163679536
275,Dyna-Q,0.0,500,2500,5.584140796039175,6.263607903500317,0.679467107461142
275,Dyna-Q,0.0,600,3000,5.450115178469093,6.263607903500317,0.8134927250312236
275,Dyna-Q,0.0,700,3500,5.691808285343068,6.263607903500317,0.5717996181572484
275,Dyna-Q,0.0,800,4000,6.256162817535298,6.263607903500317,0.007445085965018805
275,Dyna-Q,0.0,900,4500,6.019423886843977,6.263607903500317,0.24418401665634004
275,Dyna-Q,0.0,1000,5000,6.04974511389244,6.263607903500317,0.21386278960787664
275,Dyna-Q,0.0,1100,5500,6.256162817535298,6.263607903500317,0.007445085965018805
275,Dyna-Q,0.0,1200,6000,6.237175951074367,6.263607903500317,0.026431952425949312
275,Dyna-Q,0.0,1300,6500,6.237175951074367,6.263607903500317,0.026431952425949312
275,Dyna-Q,0.0,1400,7000,2.592562921413292,6.263607903500317,3.671044982087025
275,Dyna-Q,0.0,1500,7500,5.642954859941968,6.263607903500317,0.6206530435583488
275,Dyna-Q,0.0,1600,8000,5.750746216024247,6.263607903500317,0.5128616874760699
275,Dyna-Q,0.0,1700,8500,6.22272458098214,6.263607903500317,0.04088332251817661
275,Dyna-Q,0.0,1800,9000,6.256162817535298,6.263607903500317,0.007445085965018805
275,Dyna-Q,0.0,1900,9500,3.1591921658571307,6.263607903500317,3.104415737643186
275,Dyna-Q,0.0,2000,10000,5.573788371392828,6.263607903500317,0.6898195321074887
275,Dyna-Q,0.0,2100,10500,5.667461835650877,6.263607903500317,0.5961460678494399
275,Dyna-Q,0.0,2200,11000,5.667461835650877,6.263607903500317,0.5961460678494399
275,Dyna-Q,0.0,2300,11500,5.9132433057876685,6.263607903500317,0.35036459771264816
275,Dyna-Q,0.0,2400,12000,6.003878015889222,6.263607903500317,0.25972988761109495
275,Dyna-Q,0.0,2500,12500,3.1646409687568617,6.263607903500317,3.098966934743455
275,Dyna-Q,0.0,2600,13000,6.250616328840213,6.263607903500317,0.012991574660103922
275,Dyna-Q,0.0,2700,13500,6.110483831780786,6.263607903500317,0.1531240717195308
275,Dyna-Q,0.0,2800,14000,6.005326298194305,6.263607903500317,0.25828160530601174
275,Dyna-Q,0.0,2900,14500,6.0791707882807655,6.263607903500317,0.1844371152195512
275,Dyna-Q,0.0,3000,15000,5.916167872172742,6.263607903500317,0.34744003132757495
275,Dyna-Q,0.0,3100,15500,2.611089172827554,6.263607903500317,3.652518730672763
275,Dyna-Q,0.0,3200,16000,6.221729430851686,6.263607903500317,0.04187847264863098
275,Dyna-Q,0.0,3300,16500,6.201488631575669,6.263607903500317,0.06211927192464728
275,Dyna-Q,0.0,3400,17000,6.157225129143029,6.263607903500317,0.1063827743572876
275,Dyna-Q,0.0,3500,17500,2.9305685824517242,6.263607903500317,3.3330393210485925
275,Dyna-Q,0.0,3600,18000,6.220257035047872,6.263607903500317,0.0433508684524444
275,Dyna-Q,0.0,3700,18500,6.167560417981563,6.263607903500317,0.09604748551875364
275,Dyna-Q,0.0,3800,19000,6.252698803146877,6.263607903500317,0.01090910035344006
275,Dyna-Q,0.0,3900,19500,6.240084712123412,6.263607903500317,0.023523191376904506
275,Dyna-Q,0.0,4000,20000,6.240084712123412,6.263607903500317,0.023523191376904506
275,Dyna-Q,0.0,4100,20500,5.826615379003492,6.263607903500317,0.4369925244968247
275,Dyna-Q,0.0,4200,21000,3.412668478763257,6.263607903500317,2.8509394247370596
275,Dyna-Q,0.0,4300,21500,1.2194619691099216,6.263607903500317,5.044145934390395
275,Dyna-Q,0.0,4400,22000,-1.6759510842911105,6.263607903500317,7.939558987791427
275,Dyna-Q,0.0,4500,22500,5.971825070698282,6.263607903500317,0.2917828328020349
275,Dyna-Q,0.0,4600,23000,6.01519846379977,6.263607903500317,0.24840943970054674
275,Dyna-Q,0.0,4700,23500,5.970945966434337,6.263607903500317,0.2926619370659793
275,Dyna-Q,0.0,4800,24000,5.970945966434337,6.263607903500317,0.2926619370659793
275,Dyna-Q,0.0,4900,24500,5.617491975852951,6.263607903500317,0.646115927647366
275,Dyna-Q,0.0,5000,25000,5.72280239631119,6.263607903500317,0.5408055071891269
275,Dyna-Q,0.15,0,0,-2.0000000000000013,6.263607903500317,8.263607903500318
275,Dyna-Q,0.15,100,500,-2.2568892953164426,6.263607903500317,8.52049719881676
275,Dyna-Q,0.15,200,1000,-2.452294311398167,6.263607903500317,8.715902214898485
275,Dyna-Q,0.15,300,1500,-2.209461564778274,6.263607903500317,8.473069468278592
275,Dyna-Q,0.15,400,2000,-1.992704394320849,6.263607903500317,8.256312297821166
275,Dyna-Q,0.15,500,2500,2.3100262022327493,6.263607903500317,3.9535817012675674
275,Dyna-Q,0.15,600,3000,5.096458471481209,6.263607903500317,1.1671494320191078
275,Dyna-Q,0.15,700,3500,5.179275608357274,6.263607903500317,1.0843322951430423
275,Dyna-Q,0.15,800,4000,4.9736148845830455,6.263607903500317,1.2899930189172713
275,Dyna-Q,0.15,900,4500,5.208417714713644,6.263607903500317,1.055190188786673
275,Dyna-Q,0.15,1000,5000,5.033237561376972,6.263607903500317,1.2303703421233445
275,Dyna-Q,0.15,1100,5500,0.7139032409197358,6.263607903500317,5.549704662580581
275,Dyna-Q,0.15,1200,6000,5.0078007269277816,6.263607903500317,1.2558071765725352
275,Dyna-Q,0.15,1300,6500,-0.8119218741835348,6.263607903500317,7.075529777683851
275,Dyna-Q,0.15,1400,7000,5.428420992519481,6.263607903500317,0.8351869109808359
275,Dyna-Q,0.15,1500,7500,2.6679237581191195,6.263607903500317,3.595684145381197
275,Dyna-Q,0.15,1600,8000,5.21564082749313,6.263607903500317,1.047967076007187
275,Dyna-Q,0.15,1700,8500,5.171003298911908,6.263607903500317,1.0926046045884084
275,Dyna-Q,0.15,1800,9000,5.4466207075053195,6.263607903500317,0.8169871959949973
275,Dyna-Q,0.15,1900,9500,5.446681531565726,6.263607903500317,0.8169263719345903
275,Dyna-Q,0.15,2000,10000,4.5134672344721745,6.263607903500317,1.7501406690281422
275,Dyna-Q,0.15,2100,10500,5.4368702104057105,6.263607903500317,0.8267376930946062
275,Dyna-Q,0.15,2200,11000,5.398625490892199,6.263607903500317,0.8649824126081178
275,Dyna-Q,0.15,2300,11500,5.400680032421211,6.263607903500317,0.8629278710791057
275,Dyna-Q,0.15,2400,12000,-1.1777549453170113,6.263607903500317,7.441362848817328
275,Dyna-Q,0.15,2500,12500,5.400680032421211,6.263607903500317,0.8629278710791057
275,Dyna-Q,0.15,2600,13000,-0.6252761412422639,6.263607903500317,6.88888404474258
275,Dyna-Q,0.15,2700,13500,5.0953863239916,6.263607903500317,1.1682215795087165
275,Dyna-Q,0.15,2800,14000,5.195604454071415,6.263607903500317,1.0680034494289021
275,Dyna-Q,0.15,2900,14500,5.1903852344515995,6.263607903500317,1.0732226690487172
275,Dyna-Q,0.15,3000,15000,2.5499580034726743,6.263607903500317,3.7136499000276424
275,Dyna-Q,0.15,3100,15500,0.943974809283291,6.263607903500317,5.319633094217026
275,Dyna-Q,0.15,3200,16000,4.516761143165627,6.263607903500317,1.74684676033469
275,Dyna-Q,0.15,3300,16500,4.336645752942967,6.263607903500317,1.9269621505573493
275,Dyna-Q,0.15,3400,17000,5.435387963222575,6.263607903500317,0.8282199402777417
275,Dyna-Q,0.15,3500,17500,5.128221811256025,6.263607903500317,1.1353860922442918
275,Dyna-Q,0.15,3600,18000,1.6966767716887374,6.263607903500317,4.566931131811579
275,Dyna-Q,0.15,3700,18500,5.427898591176245,6.263607903500317,0.835709312324072
275,Dyna-Q,0.15,3800,19000,5.3919048464417205,6.263607903500317,0.8717030570585962
275,Dyna-Q,0.15,3900,19500,2.1595018522906013,6.263607903500317,4.104106051209715
275,Dyna-Q,0.15,4000,20000,-2.016376223550002,6.263607903500317,8.27998412705032
275,Dyna-Q,0.15,4100,20500,2.494988256155844,6.263607903500317,3.768619647344473
275,Dyna-Q,0.15,4200,21000,-1.6664424756088678,6.263607903500317,7.9300503791091845
275,Dyna-Q,0.15,4300,21500,4.932249941913956,6.263607903500317,1.3313579615863604
275,Dyna-Q,0.15,4400,22000,-0.15099449368259663,6.263607903500317,6.414602397182914
275,Dyna-Q,0.15,4500,22500,2.3900340988288877,6.263607903500317,3.873573804671429
275,Dyna-Q,0.15,4600,23000,-0.4139318572959317,6.263607903500317,6.677539760796249
275,Dyna-Q,0.15,4700,23500,0.314308764409968,6.263607903500317,5.949299139090349
275,Dyna-Q,0.15,4800,24000,5.346886845905243,6.263607903500317,0.9167210575950735
275,Dyna-Q,0.15,4900,24500,-0.697639749894528,6.263607903500317,6.961247653394845
275,Dyna-Q,0.15,5000,25000,5.9748652528564765,6.263607903500317,0.2887426506438402
275,Dyna-Q,0.35,0,0,-2.0000000000000013,6.263607903500317,8.263607903500318
275,Dyna-Q,0.35,100,500,-0.5329543417104075,6.263607903500317,6.796562245210724
275,Dyna-Q,0.35,200,1000,-1.7164043594231069,6.263607903500317,7.980012262923424
275,Dyna-Q,0.35,300,1500,4.130088002659075,6.263607903500317,2.1335199008412413
275,Dyna-Q,0.35,400,2000,5.343497202975893,6.263607903500317,0.9201107005244236
275,Dyna-Q,0.35,500,2500,2.2894724894780554,6.263607903500317,3.9741354140222613
275,Dyna-Q,0.35,600,3000,6.198576241639021,6.263607903500317,0.06503166186129583
275,Dyna-Q,0.35,700,3500,-1.2852083591049244,6.263607903500317,7.548816262605241
275,Dyna-Q,0.35,800,4000,5.815982849696862,6.263607903500317,0.4476250538034545
275,Dyna-Q,0.35,900,4500,3.097072644402052,6.263607903500317,3.1665352590982647
275,Dyna-Q,0.35,1000,5000,-1.831642813897618,6.263607903500317,8.095250717397935
275,Dyna-Q,0.35,1100,5500,5.048365735922671,6.263607903500317,1.215242167577646
275,Dyna-Q,0.35,1200,6000,-0.8768748126810286,6.263607903500317,7.140482716181346
275,Dyna-Q,0.35,1300,6500,1.1631526126443579,6.263607903500317,5.100455290855959
275,Dyna-Q,0.35,1400,7000,3.091296692342303,6.263607903500317,3.172311211158014
275,Dyna-Q,0.35,1500,7500,5.8716892651216215,6.263607903500317,0.3919186383786952
275,Dyna-Q,0.35,1600,8000,2.6017327422592813,6.263607903500317,3.6618751612410354
275,Dyna-Q,0.35,1700,8500,-1.8808377895542077,6.263607903500317,8.144445693054525
275,Dyna-Q,0.35,1800,9000,6.046752637250373,6.263607903500317,0.21685526624994367
275,Dyna-Q,0.35,1900,9500,6.0299085841002436,6.263607903500317,0.23369931940007316
275,Dyna-Q,0.35,2000,10000,6.030776532460163,6.263607903500317,0.23283137104015328
275,Dyna-Q,0.35,2100,10500,6.023270253118871,6.263607903500317,0.24033765038144583
275,Dyna-Q,0.35,2200,11000,-0.7344224657178036,6.263607903500317,6.99803036921812
275,Dyna-Q,0.35,2300,11500,0.855574434803654,6.263607903500317,5.4080334686966625
275,Dyna-Q,0.35,2400,12000,2.9215009605170486,6.263607903500317,3.342106942983268
275,Dyna-Q,0.35,2500,12500,-1.991734038159476,6.263607903500317,8.255341941659793
275,Dyna-Q,0.35,2600,13000,5.28839630697357,6.263607903500317,0.9752115965267469
275,Dyna-Q,0.35,2700,13500,6.057893539071543,6.263607903500317,0.20571436442877378
275,Dyna-Q,0.35,2800,14000,-2.0064532219836466,6.263607903500317,8.270061125483963
275,Dyna-Q,0.35,2900,14500,1.3186286153734275,6.263607903500317,4.9449792881268895
275,Dyna-Q,0.35,3000,15000,-1.298846869381344,6.263607903500317,7.562454772881661
275,Dyna-Q,0.35,3100,15500,5.876275073553946,6.263607903500317,0.38733282994637097
275,Dyna-Q,0.35,3200,16000,2.756864161674738,6.263607903500317,3.506743741825579
275,Dyna-Q,0.35,3300,16500,5.88332653411847,6.263607903500317,0.380281369381847
275,Dyna-Q,0.35,3400,17000,2.8196905114999575,6.263607903500317,3.443917392000359
275,Dyna-Q,0.35,3500,17500,5.9975069585467065,6.263607903500317,0.26610094495361025
275,Dyna-Q,0.35,3600,18000,-1.9261381938535256,6.263607903500317,8.189746097353842
275,Dyna-Q,0.35,3700,18500,2.687543048928881,6.263607903500317,3.5760648545714355
275,Dyna-Q,0.35,3800,19000,-0.9080240238889553,6.263607903500317,7.171631927389272
275,Dyna-Q,0.35,3900,19500,4.87068892660809,6.263607903500317,1.3929189768922265
275,Dyna-Q,0.35,4000,20000,4.7423812082184265,6.263607903500317,1.5212266952818903
275,Dyna-Q,0.35,4100,20500,5.605321129366116,6.263607903500317,0.6582867741342007
275,Dyna-Q,0.35,4200,21000,2.867403431952187,6.263607903500317,3.39620447154813
275,Dyna-Q,0.35,4300,21500,5.988988094799176,6.263607903500317,0.2746198087011411
275,Dyna-Q,0.35,4400,22000,-1.414372839807037,6.263607903500317,7.677980743307353
275,Dyna-Q,0.35,4500,22500,1.8742316433451867,6.263607903500317,4.38937626015513
275,Dyna-Q,0.35,4600,23000,0.34483525543825755,6.263607903500317,5.918772648062059
275,Dyna-Q,0.35,4700,23500,2.6967937382938696,6.263607903500317,3.566814165206447
275,Dyna-Q,0.35,4800,24000,6.067376935643282,6.263607903500317,0.19623096785703442
275,Dyna-Q,0.35,4900,24500,6.157939103185776,6.263607903500317,0.10566880031454051
275,Dyna-Q,0.35,5000,25000,1.1030209709705334,6.263607903500317,5.1605869325297835
286,Q-learning,0.0,0,0,-2.0000000000000013,6.263607903500317,8.263607903500318
286,Q-learning,0.0,100,0,-2.589960388224833,6.263607903500317,8.85356829172515
286,Q-learning,0.0,200,0,-0.5404989594034068,6.263607903500317,6.804106862903724
286,Q-learning,0.0,300,0,-0.807891892968811,6.263607903500317,7.071499796469128
286,Q-learning,0.0,400,0,5.503058382876938,6.263607903500317,0.7605495206233783
286,Q-learning,0.0,500,0,6.089176179122975,6.263607903500317,0.17443172437734145
286,Q-learning,0.0,600,0,6.089176179122975,6.263607903500317,0.17443172437734145
286,Q-learning,0.0,700,0,6.089176179122975,6.263607903500317,0.17443172437734145
286,Q-learning,0.0,800,0,6.089176179122975,6.263607903500317,0.17443172437734145
286,Q-learning,0.0,900,0,6.089176179122975,6.263607903500317,0.17443172437734145
286,Q-learning,0.0,1000,0,6.089176179122975,6.263607903500317,0.17443172437734145
286,Q-learning,0.0,1100,0,6.100817044325447,6.263607903500317,0.16279085917487013
286,Q-learning,0.0,1200,0,6.100817044325447,6.263607903500317,0.16279085917487013
286,Q-learning,0.0,1300,0,6.100817044325447,6.263607903500317,0.16279085917487013
286,Q-learning,0.0,1400,0,6.100817044325447,6.263607903500317,0.16279085917487013
286,Q-learning,0.0,1500,0,6.100817044325447,6.263607903500317,0.16279085917487013
286,Q-learning,0.0,1600,0,6.100817044325447,6.263607903500317,0.16279085917487013
286,Q-learning,0.0,1700,0,6.100817044325447,6.263607903500317,0.16279085917487013
286,Q-learning,0.0,1800,0,6.101179986705829,6.263607903500317,0.16242791679448754
286,Q-learning,0.0,1900,0,6.101179986705829,6.263607903500317,0.16242791679448754
286,Q-learning,0.0,2000,0,6.101179986705829,6.263607903500317,0.16242791679448754
286,Q-learning,0.0,2100,0,6.101179986705829,6.263607903500317,0.16242791679448754
286,Q-learning,0.0,2200,0,6.101179986705829,6.263607903500317,0.16242791679448754
286,Q-learning,0.0,2300,0,6.101179986705829,6.263607903500317,0.16242791679448754
286,Q-learning,0.0,2400,0,6.101179986705829,6.263607903500317,0.16242791679448754
286,Q-learning,0.0,2500,0,6.101179986705829,6.263607903500317,0.16242791679448754
286,Q-learning,0.0,2600,0,6.101179986705829,6.263607903500317,0.16242791679448754
286,Q-learning,0.0,2700,0,6.101179986705829,6.263607903500317,0.16242791679448754
286,Q-learning,0.0,2800,0,6.101179986705829,6.263607903500317,0.16242791679448754
286,Q-learning,0.0,2900,0,6.101179986705829,6.263607903500317,0.16242791679448754
286,Q-learning,0.0,3000,0,6.101179986705829,6.263607903500317,0.16242791679448754
286,Q-learning,0.0,3100,0,6.101179986705829,6.263607903500317,0.16242791679448754
286,Q-learning,0.0,3200,0,6.101179986705829,6.263607903500317,0.16242791679448754
286,Q-learning,0.0,3300,0,6.101179986705829,6.263607903500317,0.16242791679448754
286,Q-learning,0.0,3400,0,6.101179986705829,6.263607903500317,0.16242791679448754
286,Q-learning,0.0,3500,0,6.101179986705829,6.263607903500317,0.16242791679448754
286,Q-learning,0.0,3600,0,6.101179986705829,6.263607903500317,0.16242791679448754
286,Q-learning,0.0,3700,0,6.101179986705829,6.263607903500317,0.16242791679448754
286,Q-learning,0.0,3800,0,6.101179986705829,6.263607903500317,0.16242791679448754
286,Q-learning,0.0,3900,0,6.101179986705829,6.263607903500317,0.16242791679448754
286,Q-learning,0.0,4000,0,6.101179986705829,6.263607903500317,0.16242791679448754
286,Q-learning,0.0,4100,0,6.101179986705829,6.263607903500317,0.16242791679448754
286,Q-learning,0.0,4200,0,6.101179986705829,6.263607903500317,0.16242791679448754
286,Q-learning,0.0,4300,0,6.101179986705829,6.263607903500317,0.16242791679448754
286,Q-learning,0.0,4400,0,6.101179986705829,6.263607903500317,0.16242791679448754
286,Q-learning,0.0,4500,0,6.101179986705829,6.263607903500317,0.16242791679448754
286,Q-learning,0.0,4600,0,6.101179986705829,6.263607903500317,0.16242791679448754
286,Q-learning,0.0,4700,0,6.101179986705829,6.263607903500317,0.16242791679448754
286,Q-learning,0.0,4800,0,6.101179986705829,6.263607903500317,0.16242791679448754
286,Q-learning,0.0,4900,0,6.101179986705829,6.263607903500317,0.16242791679448754
286,Q-learning,0.0,5000,0,6.101179986705829,6.263607903500317,0.16242791679448754
286,Dyna-Q,0.0,0,0,-2.0000000000000013,6.263607903500317,8.263607903500318
286,Dyna-Q,0.0,100,500,0.3503301683354664,6.263607903500317,5.913277735164851
286,Dyna-Q,0.0,200,1000,5.328002749961664,6.263607903500317,0.9356051535386527
286,Dyna-Q,0.0,300,1500,5.462123616750227,6.263607903500317,0.8014842867500898
286,Dyna-Q,0.0,400,2000,5.458171362407633,6.263607903500317,0.8054365410926838
286,Dyna-Q,0.0,500,2500,4.9895258923781665,6.263607903500317,1.2740820111221502
286,Dyna-Q,0.0,600,3000,2.9002850091604833,6.263607903500317,3.3633228943398334
286,Dyna-Q,0.0,700,3500,5.691808285343068,6.263607903500317,0.5717996181572484
286,Dyna-Q,0.0,800,4000,5.669626084332223,6.263607903500317,0.5939818191680937
286,Dyna-Q,0.0,900,4500,3.2643699822198373,6.263607903500317,2.9992379212804794
286,Dyna-Q,0.0,1000,5000,5.743996973263125,6.263607903500317,0.5196109302371914
286,Dyna-Q,0.0,1100,5500,5.743996973263125,6.263607903500317,0.5196109302371914
286,Dyna-Q,0.0,1200,6000,6.263607903500317,6.263607903500317,0.0
286,Dyna-Q,0.0,1300,6500,6.263607903500317,6.263607903500317,0.0
286,Dyna-Q,0.0,1400,7000,6.263607903500317,6.263607903500317,0.0
286,Dyna-Q,0.0,1500,7500,6.263607903500317,6.263607903500317,0.0
286,Dyna-Q,0.0,1600,8000,6.263607903500317,6.263607903500317,0.0
286,Dyna-Q,0.0,1700,8500,6.263607903500317,6.263607903500317,0.0
286,Dyna-Q,0.0,1800,9000,6.234799011401642,6.263607903500317,0.028808892098674654
286,Dyna-Q,0.0,1900,9500,6.234799011401642,6.263607903500317,0.028808892098674654
286,Dyna-Q,0.0,2000,10000,6.263607903500317,6.263607903500317,0.0
286,Dyna-Q,0.0,2100,10500,6.263607903500317,6.263607903500317,0.0
286,Dyna-Q,0.0,2200,11000,6.263607903500317,6.263607903500317,0.0
286,Dyna-Q,0.0,2300,11500,6.237015509317011,6.263607903500317,0.0265923941833055
286,Dyna-Q,0.0,2400,12000,6.250616328840213,6.263607903500317,0.012991574660103922
286,Dyna-Q,0.0,2500,12500,6.221729430851686,6.263607903500317,0.04187847264863098
286,Dyna-Q,0.0,2600,13000,6.221729430851686,6.263607903500317,0.04187847264863098
286,Dyna-Q,0.0,2700,13500,6.221729430851686,6.263607903500317,0.04187847264863098
286,Dyna-Q,0.0,2800,14000,6.222586863809811,6.263607903500317,0.041021039690505745
286,Dyna-Q,0.0,2900,14500,6.211806779627448,6.263607903500317,0.051801123872868615
286,Dyna-Q,0.0,3000,15000,6.211806779627448,6.263607903500317,0.051801123872868615
286,Dyna-Q,0.0,3100,15500,6.211806779627448,6.263607903500317,0.051801123872868615
286,Dyna-Q,0.0,3200,16000,6.222586863809811,6.263607903500317,0.041021039690505745
286,Dyna-Q,0.0,3300,16500,6.222586863809811,6.263607903500317,0.041021039690505745
286,Dyna-Q,0.0,3400,17000,6.221729430851686,6.263607903500317,0.04187847264863098
286,Dyna-Q,0.0,3500,17500,6.222586863809811,6.263607903500317,0.041021039690505745
286,Dyna-Q,0.0,3600,18000,5.9601721692665155,6.263607903500317,0.3034357342338012
286,Dyna-Q,0.0,3700,18500,5.9601721692665155,6.263607903500317,0.3034357342338012
286,Dyna-Q,0.0,3800,19000,6.222586863809811,6.263607903500317,0.041021039690505745
286,Dyna-Q,0.0,3900,19500,6.221729430851686,6.263607903500317,0.04187847264863098
286,Dyna-Q,0.0,4000,20000,6.222586863809811,6.263607903500317,0.041021039690505745
286,Dyna-Q,0.0,4100,20500,6.2213949688312935,6.263607903500317,0.042212934669023205
286,Dyna-Q,0.0,4200,21000,5.941554295531783,6.263607903500317,0.32205360796853366
286,Dyna-Q,0.0,4300,21500,6.2213949688312935,6.263607903500317,0.042212934669023205
286,Dyna-Q,0.0,4400,22000,6.2213949688312935,6.263607903500317,0.042212934669023205
286,Dyna-Q,0.0,4500,22500,6.2213949688312935,6.263607903500317,0.042212934669023205
286,Dyna-Q,0.0,4600,23000,6.250616328840213,6.263607903500317,0.012991574660103922
286,Dyna-Q,0.0,4700,23500,3.1361470868059786,6.263607903500317,3.127460816694338
286,Dyna-Q,0.0,4800,24000,6.250616328840213,6.263607903500317,0.012991574660103922
286,Dyna-Q,0.0,4900,24500,6.1109300810667975,6.263607903500317,0.15267782243351924
286,Dyna-Q,0.0,5000,25000,6.1109300810667975,6.263607903500317,0.15267782243351924
286,Dyna-Q,0.15,0,0,-2.0000000000000013,6.263607903500317,8.263607903500318
286,Dyna-Q,0.15,100,500,-2.6077734002488238,6.263607903500317,8.871381303749141
286,Dyna-Q,0.15,200,1000,5.559461208055883,6.263607903500317,0.7041466954444333
286,Dyna-Q,0.15,300,1500,5.07815220499866,6.263607903500317,1.1854556985016567
286,Dyna-Q,0.15,400,2000,5.641792919927898,6.263607903500317,0.6218149835724187
286,Dyna-Q,0.15,500,2500,5.913105092678102,6.263607903500317,0.35050281082221435
286,Dyna-Q,0.15,600,3000,5.884665567665783,6.263607903500317,0.37894233583453385
286,Dyna-Q,0.15,700,3500,5.786107120613605,6.263607903500317,0.47750078288671194
286,Dyna-Q,0.15,800,4000,2.600111233071894,6.263607903500317,3.663496670428423
286,Dyna-Q,0.15,900,4500,5.872940682867183,6.263607903500317,0.39066722063313364
286,Dyna-Q,0.15,1000,5000,2.7693377893705557,6.263607903500317,3.494270114129761
286,Dyna-Q,0.15,1100,5500,3.7373424015483256,6.263607903500317,2.526265501951991
286,Dyna-Q,0.15,1200,6000,1.1767997091633597,6.263607903500317,5.086808194336957
286,Dyna-Q,0.15,1300,6500,5.920950773534658,6.263607903500317,0.34265712996565867
286,Dyna-Q,0.15,1400,7000,5.440044186484332,6.263607903500317,0.8235637170159844
286,Dyna-Q,0.15,1500,7500,5.368582486117024,6.263607903500317,0.8950254173832928
286,Dyna-Q,0.15,1600,8000,5.223983492751984,6.263607903500317,1.039624410748333
286,Dyna-Q,0.15,1700,8500,2.931336111627574,6.263607903500317,3.332271791872743
286,Dyna-Q,0.15,1800,9000,2.9349032069921237,6.263607903500317,3.328704696508193
286,Dyna-Q,0.15,1900,9500,4.593570898849351,6.263607903500317,1.6700370046509656
286,Dyna-Q,0.15,2000,10000,2.9950033423786744,6.263607903500317,3.2686045611216423
286,Dyna-Q,0.15,2100,10500,5.773483255141204,6.263607903500317,0.49012464835911285
286,Dyna-Q,0.15,2200,11000,5.909468463748233,6.263607903500317,0.3541394397520836
286,Dyna-Q,0.15,2300,11500,5.393613986055965,6.263607903500317,0.8699939174443516
286,Dyna-Q,0.15,2400,12000,1.7237392171109454,6.263607903500317,4.539868686389371
286,Dyna-Q,0.15,2500,12500,2.6726576211831694,6.263607903500317,3.5909502823171473
286,Dyna-Q,0.15,2600,13000,5.348896270197667,6.263607903500317,0.9147116333026499
286,Dyna-Q,0.15,2700,13500,5.5043729729036945,6.263607903500317,0.7592349305966222
286,Dyna-Q,0.15,2800,14000,5.940786073689271,6.263607903500317,0.3228218298110459
286,Dyna-Q,0.15,2900,14500,2.8654365122393592,6.263607903500317,3.3981713912609575
286,Dyna-Q,0.15,3000,15000,6.203507370148266,6.263607903500317,0.06010053335205079
286,Dyna-Q,0.15,3100,15500,6.213975699195224,6.263607903500317,0.04963220430509274
286,Dyna-Q,0.15,3200,16000,-1.8974833262497897,6.263607903500317,8.161091229750106
286,Dyna-Q,0.15,3300,16500,2.996225293382996,6.263607903500317,3.2673826101173207
286,Dyna-Q,0.15,3400,17000,5.695834526808263,6.263607903500317,0.5677733766920534
286,Dyna-Q,0.15,3500,17500,6.22272458098214,6.263607903500317,0.04088332251817661
286,Dyna-Q,0.15,3600,18000,6.221729430851686,6.263607903500317,0.04187847264863098
286,Dyna-Q,0.15,3700,18500,6.240084712123412,6.263607903500317,0.023523191376904506
286,Dyna-Q,0.15,3800,19000,6.231134176262761,6.263607903500317,0.03247372723755593
286,Dyna-Q,0.15,3900,19500,5.867013914191536,6.263607903500317,0.39659398930878087
286,Dyna-Q,0.15,4000,20000,2.9411952440333597,6.263607903500317,3.322412659466957
286,Dyna-Q,0.15,4100,20500,2.7814232607036904,6.263607903500317,3.4821846427966263
286,Dyna-Q,0.15,4200,21000,0.8882697383801326,6.263607903500317,5.375338165120184
286,Dyna-Q,0.15,4300,21500,4.723102743172961,6.263607903500317,1.5405051603273554
286,Dyna-Q,0.15,4400,22000,-0.700511588791521,6.263607903500317,6.964119492291838
286,Dyna-Q,0.15,4500,22500,5.924521727237855,6.263607903500317,0.3390861762624615
286,Dyna-Q,0.15,4600,23000,3.209018474779263,6.263607903500317,3.0545894287210538
286,Dyna-Q,0.15,4700,23500,6.18861173741721,6.263607903500317,0.07499616608310689
286,Dyna-Q,0.15,4800,24000,6.169121988199561,6.263607903500317,0.09448591530075579
286,Dyna-Q,0.15,4900,24500,5.892683331500633,6.263607903500317,0.37092457199968365
286,Dyna-Q,0.15,5000,25000,6.231134176262761,6.263607903500317,0.03247372723755593
286,Dyna-Q,0.35,0,0,-2.0000000000000013,6.263607903500317,8.263607903500318
286,Dyna-Q,0.35,100,500,-2.2466528771654564,6.263607903500317,8.510260780665773
286,Dyna-Q,0.35,200,1000,-1.8825145663477445,6.263607903500317,8.146122469848061
286,Dyna-Q,0.35,300,1500,5.932308240828743,6.263607903500317,0.33129966267157407
286,Dyna-Q,0.35,400,2000,6.01519846379977,6.263607903500317,0.24840943970054674
286,Dyna-Q,0.35,500,2500,3.5813907157323133,6.263607903500317,2.6822171877680034
286,Dyna-Q,0.35,600,3000,2.9666543959205964,6.263607903500317,3.2969535075797203
286,Dyna-Q,0.35,700,3500,-1.5317952125390797,6.263607903500317,7.795403116039396
286,Dyna-Q,0.35,800,4000,1.3419544211315089,6.263607903500317,4.921653482368808
286,Dyna-Q,0.35,900,4500,5.647424104171733,6.263607903500317,0.6161837993285841
286,Dyna-Q,0.35,1000,5000,5.108967957118503,6.263607903500317,1.1546399463818133
286,Dyna-Q,0.35,1100,5500,5.612845141886717,6.263607903500317,0.6507627616136
286,Dyna-Q,0.35,1200,6000,2.7662879971694143,6.263607903500317,3.4973199063309024
286,Dyna-Q,0.35,1300,6500,6.2088345499831465,6.263607903500317,0.054773353517170165
286,Dyna-Q,0.35,1400,7000,5.974099544311741,6.263607903500317,0.2895083591885754
286,Dyna-Q,0.35,1500,7500,2.3719982326897693,6.263607903500317,3.8916096708105474
286,Dyna-Q,0.35,1600,8000,-1.9161109535363854,6.263607903500317,8.179718857036702
286,Dyna-Q,0.35,1700,8500,1.6063931745947424,6.263607903500317,4.657214728905574
286,Dyna-Q,0.35,1800,9000,3.90308349508146,6.263607903500317,2.360524408418857
286,Dyna-Q,0.35,1900,9500,0.4139544727771542,6.263607903500317,5.849653430723163
286,Dyna-Q,0.35,2000,10000,6.22272458098214,6.263607903500317,0.04088332251817661
286,Dyna-Q,0.35,2100,10500,6.103476481273137,6.263607903500317,0.16013142222718013
286,Dyna-Q,0.35,2200,11000,3.120923398850895,6.263607903500317,3.142684504649422
286,Dyna-Q,0.35,2300,11500,6.046148599324082,6.263607903500317,0.21745930417623427
286,Dyna-Q,0.35,2400,12000,5.916691952393603,6.263607903500317,0.34691595110671347
286,Dyna-Q,0.35,2500,12500,2.928459349166834,6.263607903500317,3.335148554333483
286,Dyna-Q,0.35,2600,13000,1.2150930018900126,6.263607903500317,5.048514901610304
286,Dyna-Q,0.35,2700,13500,-1.1457416461292655,6.263607903500317,7.4093495496295825
286,Dyna-Q,0.35,2800,14000,-1.2314156763727944,6.263607903500317,7.495023579873111
286,Dyna-Q,0.35,2900,14500,0.8589448657359733,6.263607903500317,5.404663037764344
286,Dyna-Q,0.35,3000,15000,1.0473426576214235,6.263607903500317,5.216265245878893
286,Dyna-Q,0.35,3100,15500,2.7404364289137386,6.263607903500317,3.523171474586578
286,Dyna-Q,0.35,3200,16000,5.691808285343068,6.263607903500317,0.5717996181572484
286,Dyna-Q,0.35,3300,16500,6.237175951074367,6.263607903500317,0.026431952425949312
286,Dyna-Q,0.35,3400,17000,3.151019467655583,6.263607903500317,3.1125884358447338
286,Dyna-Q,0.35,3500,17500,6.099259355646086,6.263607903500317,0.1643485478542308
286,Dyna-Q,0.35,3600,18000,5.620280682662216,6.263607903500317,0.6433272208381009
286,Dyna-Q,0.35,3700,18500,6.237175951074367,6.263607903500317,0.026431952425949312
286,Dyna-Q,0.35,3800,19000,3.1487978317653527,6.263607903500317,3.114810071734964
286,Dyna-Q,0.35,3900,19500,3.300202845449501,6.263607903500317,2.9634050580508156
286,Dyna-Q,0.35,4000,20000,0.1709761963417,6.263607903500317,6.092631707158617
286,Dyna-Q,0.35,4100,20500,1.641207404396829,6.263607903500317,4.622400499103488
286,Dyna-Q,0.35,4200,21000,1.2878662369630323,6.263607903500317,4.975741666537284
286,Dyna-Q,0.35,4300,21500,0.7705258778315496,6.263607903500317,5.493082025668767
286,Dyna-Q,0.35,4400,22000,6.208595641065394,6.263607903500317,0.0550122624349223
286,Dyna-Q,0.35,4500,22500,-2.0089501983336064,6.263607903500317,8.272558101833923
286,Dyna-Q,0.35,4600,23000,6.103476481273137,6.263607903500317,0.16013142222718013
286,Dyna-Q,0.35,4700,23500,6.215973672960425,6.263607903500317,0.047634230539891576
286,Dyna-Q,0.35,4800,24000,2.8575096017563335,6.263607903500317,3.406098301743983
286,Dyna-Q,0.35,4900,24500,-1.6172650523332133,6.263607903500317,7.88087295583353
286,Dyna-Q,0.35,5000,25000,2.0446125694715427,6.263607903500317,4.218995334028774
297,Q-learning,0.0,0,0,-2.0000000000000013,6.263607903500317,8.263607903500318
297,Q-learning,0.0,100,0,-1.9786214857130402,6.263607903500317,8.242229389213357
297,Q-learning,0.0,200,0,-1.3306201270922278,6.263607903500317,7.594228030592545
297,Q-learning,0.0,300,0,-0.8608572439144089,6.263607903500317,7.124465147414726
297,Q-learning,0.0,400,0,5.869100265750879,6.263607903500317,0.3945076377494381
297,Q-learning,0.0,500,0,5.869100265750879,6.263607903500317,0.3945076377494381
297,Q-learning,0.0,600,0,6.097582888838274,6.263607903500317,0.16602501466204256
297,Q-learning,0.0,700,0,6.097582888838274,6.263607903500317,0.16602501466204256
297,Q-learning,0.0,800,0,6.097582888838274,6.263607903500317,0.16602501466204256
297,Q-learning,0.0,900,0,6.097582888838274,6.263607903500317,0.16602501466204256
297,Q-learning,0.0,1000,0,6.097582888838274,6.263607903500317,0.16602501466204256
297,Q-learning,0.0,1100,0,6.102006878472126,6.263607903500317,0.1616010250281903
297,Q-learning,0.0,1200,0,6.102006878472126,6.263607903500317,0.1616010250281903
297,Q-learning,0.0,1300,0,6.102006878472126,6.263607903500317,0.1616010250281903
297,Q-learning,0.0,1400,0,6.102006878472126,6.263607903500317,0.1616010250281903
297,Q-learning,0.0,1500,0,6.102006878472126,6.263607903500317,0.1616010250281903
297,Q-learning,0.0,1600,0,6.102006878472126,6.263607903500317,0.1616010250281903
297,Q-learning,0.0,1700,0,6.102006878472126,6.263607903500317,0.1616010250281903
297,Q-learning,0.0,1800,0,6.102006878472126,6.263607903500317,0.1616010250281903
297,Q-learning,0.0,1900,0,6.102006878472126,6.263607903500317,0.1616010250281903
297,Q-learning,0.0,2000,0,6.102006878472126,6.263607903500317,0.1616010250281903
297,Q-learning,0.0,2100,0,6.102006878472126,6.263607903500317,0.1616010250281903
297,Q-learning,0.0,2200,0,6.102006878472126,6.263607903500317,0.1616010250281903
297,Q-learning,0.0,2300,0,6.102006878472126,6.263607903500317,0.1616010250281903
297,Q-learning,0.0,2400,0,6.102006878472126,6.263607903500317,0.1616010250281903
297,Q-learning,0.0,2500,0,6.102006878472126,6.263607903500317,0.1616010250281903
297,Q-learning,0.0,2600,0,6.102006878472126,6.263607903500317,0.1616010250281903
297,Q-learning,0.0,2700,0,6.102006878472126,6.263607903500317,0.1616010250281903
297,Q-learning,0.0,2800,0,6.102006878472126,6.263607903500317,0.1616010250281903
297,Q-learning,0.0,2900,0,6.102006878472126,6.263607903500317,0.1616010250281903
297,Q-learning,0.0,3000,0,6.102006878472126,6.263607903500317,0.1616010250281903
297,Q-learning,0.0,3100,0,6.102006878472126,6.263607903500317,0.1616010250281903
297,Q-learning,0.0,3200,0,6.102006878472126,6.263607903500317,0.1616010250281903
297,Q-learning,0.0,3300,0,6.102006878472126,6.263607903500317,0.1616010250281903
297,Q-learning,0.0,3400,0,6.102006878472126,6.263607903500317,0.1616010250281903
297,Q-learning,0.0,3500,0,6.102006878472126,6.263607903500317,0.1616010250281903
297,Q-learning,0.0,3600,0,6.102006878472126,6.263607903500317,0.1616010250281903
297,Q-learning,0.0,3700,0,6.102006878472126,6.263607903500317,0.1616010250281903
297,Q-learning,0.0,3800,0,6.102006878472126,6.263607903500317,0.1616010250281903
297,Q-learning,0.0,3900,0,6.102006878472126,6.263607903500317,0.1616010250281903
297,Q-learning,0.0,4000,0,6.102006878472126,6.263607903500317,0.1616010250281903
297,Q-learning,0.0,4100,0,6.102006878472126,6.263607903500317,0.1616010250281903
297,Q-learning,0.0,4200,0,6.102006878472126,6.263607903500317,0.1616010250281903
297,Q-learning,0.0,4300,0,6.102006878472126,6.263607903500317,0.1616010250281903
297,Q-learning,0.0,4400,0,6.102006878472126,6.263607903500317,0.1616010250281903
297,Q-learning,0.0,4500,0,6.102006878472126,6.263607903500317,0.1616010250281903
297,Q-learning,0.0,4600,0,6.102006878472126,6.263607903500317,0.1616010250281903
297,Q-learning,0.0,4700,0,6.102006878472126,6.263607903500317,0.1616010250281903
297,Q-learning,0.0,4800,0,6.102006878472126,6.263607903500317,0.1616010250281903
297,Q-learning,0.0,4900,0,6.102006878472126,6.263607903500317,0.1616010250281903
297,Q-learning,0.0,5000,0,3.068235253974922,6.263607903500317,3.1953726495253947
297,Dyna-Q,0.0,0,0,-2.0000000000000013,6.263607903500317,8.263607903500318
297,Dyna-Q,0.0,100,500,-1.1192372136727506,6.263607903500317,7.382845117173067
297,Dyna-Q,0.0,200,1000,6.16210812478837,6.263607903500317,0.10149977871194693
297,Dyna-Q,0.0,300,1500,6.193846386018808,6.263607903500317,0.06976151748150894
297,Dyna-Q,0.0,400,2000,6.1748990878942305,6.263607903500317,0.08870881560608623
297,Dyna-Q,0.0,500,2500,6.169121988199561,6.263607903500317,0.09448591530075579
297,Dyna-Q,0.0,600,3000,6.169121988199561,6.263607903500317,0.09448591530075579
297,Dyna-Q,0.0,700,3500,6.169121988199561,6.263607903500317,0.09448591530075579
297,Dyna-Q,0.0,800,4000,6.16547998254478,6.263607903500317,0.09812792095553657
297,Dyna-Q,0.0,900,4500,6.221729430851686,6.263607903500317,0.04187847264863098
297,Dyna-Q,0.0,1000,5000,3.128823764640267,6.263607903500317,3.13478413886005
297,Dyna-Q,0.0,1100,5500,2.4447724542580933,6.263607903500317,3.8188354492422234
297,Dyna-Q,0.0,1200,6000,6.221729430851686,6.263607903500317,0.04187847264863098
297,Dyna-Q,0.0,1300,6500,6.221729430851686,6.263607903500317,0.04187847264863098
297,Dyna-Q,0.0,1400,7000,6.221729430851686,6.263607903500317,0.04187847264863098
297,Dyna-Q,0.0,1500,7500,6.221729430851686,6.263607903500317,0.04187847264863098
297,Dyna-Q,0.0,1600,8000,6.103476481273137,6.263607903500317,0.16013142222718013
297,Dyna-Q,0.0,1700,8500,6.177726855809544,6.263607903500317,0.08588104769077276
297,Dyna-Q,0.0,1800,9000,6.1874760173705745,6.263607903500317,0.0761318861297422
297,Dyna-Q,0.0,1900,9500,6.18861173741721,6.263607903500317,0.07499616608310689
297,Dyna-Q,0.0,2000,10000,5.548433927621844,6.263607903500317,0.7151739758784723
297,Dyna-Q,0.0,2100,10500,5.548433927621844,6.263607903500317,0.7151739758784723
297,Dyna-Q,0.0,2200,11000,4.839932540912757,6.263607903500317,1.4236753625875593
297,Dyna-Q,0.0,2300,11500,5.4910646703799015,6.263607903500317,0.7725432331204152
297,Dyna-Q,0.0,2400,12000,6.221729430851686,6.263607903500317,0.04187847264863098
297,Dyna-Q,0.0,2500,12500,6.221729430851686,6.263607903500317,0.04187847264863098
297,Dyna-Q,0.0,2600,13000,6.222586863809811,6.263607903500317,0.041021039690505745
297,Dyna-Q,0.0,2700,13500,6.231134176262761,6.263607903500317,0.03247372723755593
297,Dyna-Q,0.0,2800,14000,6.252698803146877,6.263607903500317,0.01090910035344006
297,Dyna-Q,0.0,2900,14500,6.011942862569435,6.263607903500317,0.2516650409308818
297,Dyna-Q,0.0,3000,15000,-1.3951715664408815,6.263607903500317,7.658779469941198
297,Dyna-Q,0.0,3100,15500,6.02495564846107,6.263607903500317,0.2386522550392467
297,Dyna-Q,0.0,3200,16000,6.07219218413244,6.263607903500317,0.1914157193678765
297,Dyna-Q,0.0,3300,16500,-1.7374862297818323,6.263607903500317,8.001094133282148
297,Dyna-Q,0.0,3400,17000,5.5015251509484395,6.263607903500317,0.7620827525518772
297,Dyna-Q,0.0,3500,17500,5.891112656533468,6.263607903500317,0.37249524696684855
297,Dyna-Q,0.0,3600,18000,2.4194289792982464,6.263607903500317,3.8441789242020703
297,Dyna-Q,0.0,3700,18500,6.16760237798975,6.263607903500317,0.09600552551056651
297,Dyna-Q,0.0,3800,19000,3.108056488061708,6.263607903500317,3.155551415438609
297,Dyna-Q,0.0,3900,19500,6.212548523117145,6.263607903500317,0.05105938038317159
297,Dyna-Q,0.0,4000,20000,6.172262101086541,6.263607903500317,0.09134580241377588
297,Dyna-Q,0.0,4100,20500,-1.9737518913873193,6.263607903500317,8.237359794887636
297,Dyna-Q,0.0,4200,21000,2.5707411307539747,6.263607903500317,3.692866772746342
297,Dyna-Q,0.0,4300,21500,5.6223017550769265,6.263607903500317,0.6413061484233902
297,Dyna-Q,0.0,4400,22000,5.535824264681222,6.263607903500317,0.727783638819095
297,Dyna-Q,0.0,4500,22500,5.535824264681222,6.263607903500317,0.727783638819095
297,Dyna-Q,0.0,4600,23000,5.535824264681222,6.263607903500317,0.727783638819095
297,Dyna-Q,0.0,4700,23500,5.6223017550769265,6.263607903500317,0.6413061484233902
297,Dyna-Q,0.0,4800,24000,5.593862860601303,6.263607903500317,0.6697450428990139
297,Dyna-Q,0.0,4900,24500,5.743996973263125,6.263607903500317,0.5196109302371914
297,Dyna-Q,0.0,5000,25000,6.2254116253703256,6.263607903500317,0.03819627812999116
297,Dyna-Q,0.15,0,0,-2.0000000000000013,6.263607903500317,8.263607903500318
297,Dyna-Q,0.15,100,500,-1.5456752523281843,6.263607903500317,7.809283155828501
297,Dyna-Q,0.15,200,1000,-1.6638100423035085,6.263607903500317,7.927417945803825
297,Dyna-Q,0.15,300,1500,-0.9366077275847188,6.263607903500317,7.200215631085036
297,Dyna-Q,0.15,400,2000,2.3158480982946803,6.263607903500317,3.9477598052056364
297,Dyna-Q,0.15,500,2500,5.902198878823815,6.263607903500317,0.3614090246765018
297,Dyna-Q,0.15,600,3000,5.835329074948154,6.263607903500317,0.4282788285521626
297,Dyna-Q,0.15,700,3500,5.837944271269802,6.263607903500317,0.4256636322305143
297,Dyna-Q,0.15,800,4000,5.87233661015082,6.263607903500317,0.3912712933494964
297,Dyna-Q,0.15,900,4500,5.87233661015082,6.263607903500317,0.3912712933494964
297,Dyna-Q,0.15,1000,5000,5.87233661015082,6.263607903500317,0.3912712933494964
297,Dyna-Q,0.15,1100,5500,2.931014517572492,6.263607903500317,3.3325933859278245
297,Dyna-Q,0.15,1200,6000,5.829807864221589,6.263607903500317,0.43380003927872757
297,Dyna-Q,0.15,1300,6500,5.56411269130314,6.263607903500317,0.6994952121971769
297,Dyna-Q,0.15,1400,7000,5.411480632795099,6.263607903500317,0.8521272707052177
297,Dyna-Q,0.15,1500,7500,5.87233661015082,6.263607903500317,0.3912712933494964
297,Dyna-Q,0.15,1600,8000,3.3148760627863934,6.263607903500317,2.9487318407139234
297,Dyna-Q,0.15,1700,8500,2.7495558891937675,6.263607903500317,3.5140520143065492
297,Dyna-Q,0.15,1800,9000,2.7961420675295505,6.263607903500317,3.467465835970766
297,Dyna-Q,0.15,1900,9500,5.824149619084144,6.263607903500317,0.4394582844161725
297,Dyna-Q,0.15,2000,10000,5.835329074948154,6.263607903500317,0.4282788285521626
297,Dyna-Q,0.15,2100,10500,2.7969369614224875,6.263607903500317,3.466670942077829
297,Dyna-Q,0.15,2200,11000,5.834935413545813,6.263607903500317,0.42867248995450336
297,Dyna-Q,0.15,2300,11500,5.58786075196026,6.263607903500317,0.6757471515400564
297,Dyna-Q,0.15,2400,12000,5.985385007692831,6.263607903500317,0.2782228958074855
297,Dyna-Q,0.15,2500,12500,5.960285029274244,6.263607903500317,0.3033228742260725
297,Dyna-Q,0.15,2600,13000,5.985385007692831,6.263607903500317,0.2782228958074855
297,Dyna-Q,0.15,2700,13500,6.2253460094130855,6.263607903500317,0.03826189408723124
297,Dyna-Q,0.15,2800,14000,3.1117321585912547,6.263607903500317,3.151875744909062
297,Dyna-Q,0.15,2900,14500,-1.324081902778251,6.263607903500317,7.587689806278568
297,Dyna-Q,0.15,3000,15000,2.980910777121817,6.263607903500317,3.2826971263785
297,Dyna-Q,0.15,3100,15500,2.2688283072783912,6.263607903500317,3.9947795962219255
297,Dyna-Q,0.15,3200,16000,5.694267935866935,6.263607903500317,0.5693399676333817
297,Dyna-Q,0.15,3300,16500,-0.2940454898493936,6.263607903500317,6.55765339334971
297,Dyna-Q,0.15,3400,17000,5.697414519685433,6.263607903500317,0.566193383814884
297,Dyna-Q,0.15,3500,17500,6.2254116253703256,6.263607903500317,0.03819627812999116
297,Dyna-Q,0.15,3600,18000,6.2254116253703256,6.263607903500317,0.03819627812999116
297,Dyna-Q,0.15,3700,18500,3.341267041318566,6.263607903500317,2.9223408621817506
297,Dyna-Q,0.15,3800,19000,5.962070596919114,6.263607903500317,0.3015373065812028
297,Dyna-Q,0.15,3900,19500,5.921811208866227,6.263607903500317,0.34179669463408935
297,Dyna-Q,0.15,4000,20000,5.918823373227786,6.263607903500317,0.34478453027253053
297,Dyna-Q,0.15,4100,20500,6.250452087681184,6.263607903500317,0.0131558158191325
297,Dyna-Q,0.15,4200,21000,6.211806779627448,6.263607903500317,0.051801123872868615
297,Dyna-Q,0.15,4300,21500,6.21367143208265,6.263607903500317,0.04993647141766644
297,Dyna-Q,0.15,4400,22000,6.102006878472126,6.263607903500317,0.1616010250281903
297,Dyna-Q,0.15,4500,22500,6.103476481273137,6.263607903500317,0.16013142222718013
297,Dyna-Q,0.15,4600,23000,6.097582888838274,6.263607903500317,0.16602501466204256
297,Dyna-Q,0.15,4700,23500,6.102006878472126,6.263607903500317,0.1616010250281903
297,Dyna-Q,0.15,4800,24000,6.102006878472126,6.263607903500317,0.1616010250281903
297,Dyna-Q,0.15,4900,24500,6.102006878472126,6.263607903500317,0.1616010250281903
297,Dyna-Q,0.15,5000,25000,5.942502034866346,6.263607903500317,0.3211058686339703
297,Dyna-Q,0.35,0,0,-2.0000000000000013,6.263607903500317,8.263607903500318
297,Dyna-Q,0.35,100,500,-1.98933933047236,6.263607903500317,8.252947233972677
297,Dyna-Q,0.35,200,1000,-1.9670278192412758,6.263607903500317,8.230635722741592
297,Dyna-Q,0.35,300,1500,2.230947387130297,6.263607903500317,4.0326605163700195
297,Dyna-Q,0.35,400,2000,-1.9756986396779639,6.263607903500317,8.23930654317828
297,Dyna-Q,0.35,500,2500,4.212094923673651,6.263607903500317,2.051512979826666
297,Dyna-Q,0.35,600,3000,5.448121283584571,6.263607903500317,0.8154866199157453
297,Dyna-Q,0.35,700,3500,3.2606439024879843,6.263607903500317,3.0029640010123324
297,Dyna-Q,0.35,800,4000,6.161725116144613,6.263607903500317,0.101882787355704
297,Dyna-Q,0.35,900,4500,5.901643411378421,6.263607903500317,0.36196449212189563
297,Dyna-Q,0.35,1000,5000,3.0221091433993,6.263607903500317,3.241498760101017
297,Dyna-Q,0.35,1100,5500,0.2674646030466326,6.263607903500317,5.996143300453684
297,Dyna-Q,0.35,1200,6000,4.35461548641218,6.263607903500317,1.908992417088137
297,Dyna-Q,0.35,1300,6500,-0.2145689281678435,6.263607903500317,6.4781768316681605
297,Dyna-Q,0.35,1400,7000,5.974578651654363,6.263607903500317,0.28902925184595407
297,Dyna-Q,0.35,1500,7500,3.1085915509195585,6.263607903500317,3.155016352580758
297,Dyna-Q,0.35,1600,8000,-0.8631056399580325,6.263607903500317,7.126713543458349
297,Dyna-Q,0.35,1700,8500,-1.2208078821614943,6.263607903500317,7.484415785661811
297,Dyna-Q,0.35,1800,9000,6.222586863809811,6.263607903500317,0.041021039690505745
297,Dyna-Q,0.35,1900,9500,6.205013768553916,6.263607903500317,0.05859413494640098
297,Dyna-Q,0.35,2000,10000,0.564426046070768,6.263607903500317,5.699181857429549
297,Dyna-Q,0.35,2100,10500,2.4973391465341903,6.263607903500317,3.7662687569661264
297,Dyna-Q,0.35,2200,11000,4.729647203282761,6.263607903500317,1.5339607002175555
297,Dyna-Q,0.35,2300,11500,6.240084712123412,6.263607903500317,0.023523191376904506
297,Dyna-Q,0.35,2400,12000,6.0871490547163,6.263607903500317,0.17645884878401663
297,Dyna-Q,0.35,2500,12500,-1.5496294518837557,6.263607903500317,7.813237355384072
297,Dyna-Q,0.35,2600,13000,3.698941077957521,6.263607903500317,2.564666825542796
297,Dyna-Q,0.35,2700,13500,6.244533912994323,6.263607903500317,0.019073990505993343
297,Dyna-Q,0.35,2800,14000,3.16152790592798,6.263607903500317,3.1020799975723365
297,Dyna-Q,0.35,2900,14500,1.750091460215331,6.263607903500317,4.513516443284986
297,Dyna-Q,0.35,3000,15000,-1.9215292817805802,6.263607903500317,8.185137185280897
297,Dyna-Q,0.35,3100,15500,-0.8526392658599271,6.263607903500317,7.116247169360244
297,Dyna-Q,0.35,3200,16000,2.9600723123850123,6.263607903500317,3.3035355911153044
297,Dyna-Q,0.35,3300,16500,5.864349352577823,6.263607903500317,0.39925855092249396
297,Dyna-Q,0.35,3400,17000,5.991371748369668,6.263607903500317,0.27223615513064914
297,Dyna-Q,0.35,3500,17500,6.01519846379977,6.263607903500317,0.24840943970054674
297,Dyna-Q,0.35,3600,18000,1.2197956632108184,6.263607903500317,5.0438122402894985
297,Dyna-Q,0.35,3700,18500,6.211806779627448,6.263607903500317,0.051801123872868615
297,Dyna-Q,0.35,3800,19000,3.084877389107579,6.263607903500317,3.1787305143927376
297,Dyna-Q,0.35,3900,19500,6.2213949688312935,6.263607903500317,0.042212934669023205
297,Dyna-Q,0.35,4000,20000,2.02827391535991,6.263607903500317,4.235333988140407
297,Dyna-Q,0.35,4100,20500,5.661427253226235,6.263607903500317,0.6021806502740814
297,Dyna-Q,0.35,4200,21000,-1.9059579609456803,6.263607903500317,8.169565864445996
297,Dyna-Q,0.35,4300,21500,0.20266371714663461,6.263607903500317,6.060944186353682
297,Dyna-Q,0.35,4400,22000,2.813275722284489,6.263607903500317,3.4503321812158276
297,Dyna-Q,0.35,4500,22500,6.007853002438472,6.263607903500317,0.2557549010618443
297,Dyna-Q,0.35,4600,23000,2.7943417969722355,6.263607903500317,3.469266106528081
297,Dyna-Q,0.35,4700,23500,-1.9392668695168942,6.263607903500317,8.20287477301721
297,Dyna-Q,0.35,4800,24000,3.119580378968591,6.263607903500317,3.1440275245317255
297,Dyna-Q,0.35,4900,24500,0.5866312920087461,6.263607903500317,5.676976611491571
297,Dyna-Q,0.35,5000,25000,6.211806779627448,6.263607903500317,0.051801123872868615
308,Q-learning,0.0,0,0,-2.0000000000000013,6.263607903500317,8.263607903500318
308,Q-learning,0.0,100,0,-2.2696253974798744,6.263607903500317,8.533233300980191
308,Q-learning,0.0,200,0,-2.0000000000000013,6.263607903500317,8.263607903500318
308,Q-learning,0.0,300,0,-1.6362102708368111,6.263607903500317,7.899818174337128
308,Q-learning,0.0,400,0,1.2031648545777969,6.263607903500317,5.06044304892252
308,Q-learning,0.0,500,0,0.7176235180840601,6.263607903500317,5.545984385416257
308,Q-learning,0.0,600,0,2.935945543297476,6.263607903500317,3.3276623602028406
308,Q-learning,0.0,700,0,5.876645080343311,6.263607903500317,0.38696282315700614
308,Q-learning,0.0,800,0,5.876645080343311,6.263607903500317,0.38696282315700614
308,Q-learning,0.0,900,0,5.876645080343311,6.263607903500317,0.38696282315700614
308,Q-learning,0.0,1000,0,5.876645080343311,6.263607903500317,0.38696282315700614
308,Q-learning,0.0,1100,0,5.876645080343311,6.263607903500317,0.38696282315700614
308,Q-learning,0.0,1200,0,5.920409653841515,6.263607903500317,0.3431982496588013
308,Q-learning,0.0,1300,0,5.920409653841515,6.263607903500317,0.3431982496588013
308,Q-learning,0.0,1400,0,5.920409653841515,6.263607903500317,0.3431982496588013
308,Q-learning,0.0,1500,0,5.941554295531783,6.263607903500317,0.32205360796853366
308,Q-learning,0.0,1600,0,5.928278753744641,6.263607903500317,0.33532914975567607
308,Q-learning,0.0,1700,0,5.928278753744641,6.263607903500317,0.33532914975567607
308,Q-learning,0.0,1800,0,5.928278753744641,6.263607903500317,0.33532914975567607
308,Q-learning,0.0,1900,0,5.928278753744641,6.263607903500317,0.33532914975567607
308,Q-learning,0.0,2000,0,5.928278753744641,6.263607903500317,0.33532914975567607
308,Q-learning,0.0,2100,0,5.928278753744641,6.263607903500317,0.33532914975567607
308,Q-learning,0.0,2200,0,5.928278753744641,6.263607903500317,0.33532914975567607
308,Q-learning,0.0,2300,0,5.941554295531783,6.263607903500317,0.32205360796853366
308,Q-learning,0.0,2400,0,5.941554295531783,6.263607903500317,0.32205360796853366
308,Q-learning,0.0,2500,0,5.941554295531783,6.263607903500317,0.32205360796853366
308,Q-learning,0.0,2600,0,5.941554295531783,6.263607903500317,0.32205360796853366
308,Q-learning,0.0,2700,0,5.941554295531783,6.263607903500317,0.32205360796853366
308,Q-learning,0.0,2800,0,5.941554295531783,6.263607903500317,0.32205360796853366
308,Q-learning,0.0,2900,0,5.941554295531783,6.263607903500317,0.32205360796853366
308,Q-learning,0.0,3000,0,5.941554295531783,6.263607903500317,0.32205360796853366
308,Q-learning,0.0,3100,0,5.941554295531783,6.263607903500317,0.32205360796853366
308,Q-learning,0.0,3200,0,5.941554295531783,6.263607903500317,0.32205360796853366
308,Q-learning,0.0,3300,0,5.941554295531783,6.263607903500317,0.32205360796853366
308,Q-learning,0.0,3400,0,5.941554295531783,6.263607903500317,0.32205360796853366
308,Q-learning,0.0,3500,0,5.941554295531783,6.263607903500317,0.32205360796853366
308,Q-learning,0.0,3600,0,5.941554295531783,6.263607903500317,0.32205360796853366
308,Q-learning,0.0,3700,0,5.941554295531783,6.263607903500317,0.32205360796853366
308,Q-learning,0.0,3800,0,5.941554295531783,6.263607903500317,0.32205360796853366
308,Q-learning,0.0,3900,0,5.941554295531783,6.263607903500317,0.32205360796853366
308,Q-learning,0.0,4000,0,5.941554295531783,6.263607903500317,0.32205360796853366
308,Q-learning,0.0,4100,0,5.941554295531783,6.263607903500317,0.32205360796853366
308,Q-learning,0.0,4200,0,6.2213949688312935,6.263607903500317,0.042212934669023205
308,Q-learning,0.0,4300,0,6.2213949688312935,6.263607903500317,0.042212934669023205
308,Q-learning,0.0,4400,0,6.2213949688312935,6.263607903500317,0.042212934669023205
308,Q-learning,0.0,4500,0,6.2213949688312935,6.263607903500317,0.042212934669023205
308,Q-learning,0.0,4600,0,6.2213949688312935,6.263607903500317,0.042212934669023205
308,Q-learning,0.0,4700,0,6.2213949688312935,6.263607903500317,0.042212934669023205
308,Q-learning,0.0,4800,0,6.2213949688312935,6.263607903500317,0.042212934669023205
308,Q-learning,0.0,4900,0,6.2213949688312935,6.263607903500317,0.042212934669023205
308,Q-learning,0.0,5000,0,6.2213949688312935,6.263607903500317,0.042212934669023205
308,Dyna-Q,0.0,0,0,-2.0000000000000013,6.263607903500317,8.263607903500318
308,Dyna-Q,0.0,100,500,2.652366992814286,6.263607903500317,3.6112409106860306
308,Dyna-Q,0.0,200,1000,5.538204034198931,6.263607903500317,0.7254038693013856
308,Dyna-Q,0.0,300,1500,5.932625922595315,6.263607903500317,0.3309819809050021
308,Dyna-Q,0.0,400,2000,3.12606747225564,6.263607903500317,3.137540431244677
308,Dyna-Q,0.0,500,2500,6.250452087681184,6.263607903500317,0.0131558158191325
308,Dyna-Q,0.0,600,3000,3.1936450903966027,6.263607903500317,3.069962813103714
308,Dyna-Q,0.0,700,3500,6.231539167543261,6.263607903500317,0.03206873595705595
308,Dyna-Q,0.0,800,4000,6.231539167543261,6.263607903500317,0.03206873595705595
308,Dyna-Q,0.0,900,4500,6.193846386018808,6.263607903500317,0.06976151748150894
308,Dyna-Q,0.0,1000,5000,6.205013768553916,6.263607903500317,0.05859413494640098
308,Dyna-Q,0.0,1100,5500,6.205013768553916,6.263607903500317,0.05859413494640098
308,Dyna-Q,0.0,1200,6000,6.205013768553916,6.263607903500317,0.05859413494640098
308,Dyna-Q,0.0,1300,6500,6.205013768553916,6.263607903500317,0.05859413494640098
308,Dyna-Q,0.0,1400,7000,6.205013768553916,6.263607903500317,0.05859413494640098
308,Dyna-Q,0.0,1500,7500,6.193846386018808,6.263607903500317,0.06976151748150894
308,Dyna-Q,0.0,1600,8000,5.942595890091723,6.263607903500317,0.32101201340859387
308,Dyna-Q,0.0,1700,8500,6.133362223755686,6.263607903500317,0.13024567974463075
308,Dyna-Q,0.0,1800,9000,6.133362223755686,6.263607903500317,0.13024567974463075
308,Dyna-Q,0.0,1900,9500,3.3145301032544645,6.263607903500317,2.949077800245852
308,Dyna-Q,0.0,2000,10000,-1.0363996359021221,6.263607903500317,7.300007539402439
308,Dyna-Q,0.0,2100,10500,2.816527251597213,6.263607903500317,3.4470806519031036
308,Dyna-Q,0.0,2200,11000,5.721371758631904,6.263607903500317,0.5422361448684123
308,Dyna-Q,0.0,2300,11500,6.112085868409676,6.263607903500317,0.15152203509064055
308,Dyna-Q,0.0,2400,12000,6.112085868409676,6.263607903500317,0.15152203509064055
308,Dyna-Q,0.0,2500,12500,2.9088200393209163,6.263607903500317,3.3547878641794004
308,Dyna-Q,0.0,2600,13000,-2.8281752832323424,6.263607903500317,9.091783186732659
308,Dyna-Q,0.0,2700,13500,-2.0517866743217015,6.263607903500317,8.315394577822019
308,Dyna-Q,0.0,2800,14000,-1.9631449593200776,6.263607903500317,8.226752862820394
308,Dyna-Q,0.0,2900,14500,6.0962125335807755,6.263607903500317,0.16739536991954118
308,Dyna-Q,0.0,3000,15000,6.0962125335807755,6.263607903500317,0.16739536991954118
308,Dyna-Q,0.0,3100,15500,6.133362223755686,6.263607903500317,0.13024567974463075
308,Dyna-Q,0.0,3200,16000,5.648078357798912,6.263607903500317,0.6155295457014045
308,Dyna-Q,0.0,3300,16500,6.133362223755686,6.263607903500317,0.13024567974463075
308,Dyna-Q,0.0,3400,17000,3.0681711268985894,6.263607903500317,3.1954367766017273
308,Dyna-Q,0.0,3500,17500,5.817774367551927,6.263607903500317,0.44583353594839004
308,Dyna-Q,0.0,3600,18000,6.22272458098214,6.263607903500317,0.04088332251817661
308,Dyna-Q,0.0,3700,18500,3.4014762602533968,6.263607903500317,2.86213164324692
308,Dyna-Q,0.0,3800,19000,5.928553628151875,6.263607903500317,0.33505427534844134
308,Dyna-Q,0.0,3900,19500,3.146480514599619,6.263607903500317,3.117127388900698
308,Dyna-Q,0.0,4000,20000,6.22272458098214,6.263607903500317,0.04088332251817661
308,Dyna-Q,0.0,4100,20500,6.233980616524453,6.263607903500317,0.02962728697586403
308,Dyna-Q,0.0,4200,21000,6.233980616524453,6.263607903500317,0.02962728697586403
308,Dyna-Q,0.0,4300,21500,6.233980616524453,6.263607903500317,0.02962728697586403
308,Dyna-Q,0.0,4400,22000,6.233980616524453,6.263607903500317,0.02962728697586403
308,Dyna-Q,0.0,4500,22500,3.401619189755449,6.263607903500317,2.861988713744868
308,Dyna-Q,0.0,4600,23000,6.140916444909905,6.263607903500317,0.12269145859041153
308,Dyna-Q,0.0,4700,23500,6.244533912994323,6.263607903500317,0.019073990505993343
308,Dyna-Q,0.0,4800,24000,6.203507370148266,6.263607903500317,0.06010053335205079
308,Dyna-Q,0.0,4900,24500,6.22272458098214,6.263607903500317,0.04088332251817661
308,Dyna-Q,0.0,5000,25000,6.263607903500317,6.263607903500317,0.0
308,Dyna-Q,0.15,0,0,-2.0000000000000013,6.263607903500317,8.263607903500318
308,Dyna-Q,0.15,100,500,-0.5268605806201923,6.263607903500317,6.790468484120509
308,Dyna-Q,0.15,200,1000,-1.549629451883756,6.263607903500317,7.813237355384072
308,Dyna-Q,0.15,300,1500,5.174961737126447,6.263607903500317,1.08864616637387
308,Dyna-Q,0.15,400,2000,5.482584392674096,6.263607903500317,0.7810235108262207
308,Dyna-Q,0.15,500,2500,6.211806779627448,6.263607903500317,0.051801123872868615
308,Dyna-Q,0.15,600,3000,6.203507370148266,6.263607903500317,0.06010053335205079
308,Dyna-Q,0.15,700,3500,6.211806779627448,6.263607903500317,0.051801123872868615
308,Dyna-Q,0.15,800,4000,6.211806779627448,6.263607903500317,0.051801123872868615
308,Dyna-Q,0.15,900,4500,6.211806779627448,6.263607903500317,0.051801123872868615
308,Dyna-Q,0.15,1000,5000,6.203507370148266,6.263607903500317,0.06010053335205079
308,Dyna-Q,0.15,1100,5500,6.235873960415137,6.263607903500317,0.02773394308517929
308,Dyna-Q,0.15,1200,6000,6.236571160055866,6.263607903500317,0.027036743444450728
308,Dyna-Q,0.15,1300,6500,6.2425527357522235,6.263607903500317,0.02105516774809324
308,Dyna-Q,0.15,1400,7000,-1.447263474389335,6.263607903500317,7.710871377889651
308,Dyna-Q,0.15,1500,7500,6.235724790379415,6.263607903500317,0.02788311312090208
308,Dyna-Q,0.15,1600,8000,5.78515748344683,6.263607903500317,0.4784504200534867
308,Dyna-Q,0.15,1700,8500,2.857625608367393,6.263607903500317,3.4059822951329237
308,Dyna-Q,0.15,1800,9000,6.018108033230194,6.263607903500317,0.24549987027012232
308,Dyna-Q,0.15,1900,9500,3.0234278160163712,6.263607903500317,3.2401800874839455
308,Dyna-Q,0.15,2000,10000,0.22387981834712645,6.263607903500317,6.0397280851531905
308,Dyna-Q,0.15,2100,10500,5.857434863797458,6.263607903500317,0.4061730397028587
308,Dyna-Q,0.15,2200,11000,6.019423886843977,6.263607903500317,0.24418401665634004
308,Dyna-Q,0.15,2300,11500,1.0441330929823052,6.263607903500317,5.219474810518012
308,Dyna-Q,0.15,2400,12000,5.6911252174221465,6.263607903500317,0.5724826860781702
308,Dyna-Q,0.15,2500,12500,6.22272458098214,6.263607903500317,0.04088332251817661
308,Dyna-Q,0.15,2600,13000,5.705827951133689,6.263607903500317,0.5577799523666274
308,Dyna-Q,0.15,2700,13500,5.471554682922966,6.263607903500317,0.7920532205773503
308,Dyna-Q,0.15,2800,14000,2.3940707597243303,6.263607903500317,3.8695371437759865
308,Dyna-Q,0.15,2900,14500,0.4102744992614456,6.263607903500317,5.853333404238871
308,Dyna-Q,0.15,3000,15000,-0.5113215552101653,6.263607903500317,6.774929458710482
308,Dyna-Q,0.15,3100,15500,-0.8971653610171524,6.263607903500317,7.160773264517469
308,Dyna-Q,0.15,3200,16000,1.46191782430115,6.263607903500317,4.801690079199167
308,Dyna-Q,0.15,3300,16500,6.2088345499831465,6.263607903500317,0.054773353517170165
308,Dyna-Q,0.15,3400,17000,6.256162817535298,6.263607903500317,0.007445085965018805
308,Dyna-Q,0.15,3500,17500,6.263607903500317,6.263607903500317,0.0
308,Dyna-Q,0.15,3600,18000,5.6911252174221465,6.263607903500317,0.5724826860781702
308,Dyna-Q,0.15,3700,18500,5.743996973263125,6.263607903500317,0.5196109302371914
308,Dyna-Q,0.15,3800,19000,6.236571160055866,6.263607903500317,0.027036743444450728
308,Dyna-Q,0.15,3900,19500,6.236571160055866,6.263607903500317,0.027036743444450728
308,Dyna-Q,0.15,4000,20000,6.211806779627448,6.263607903500317,0.051801123872868615
308,Dyna-Q,0.15,4100,20500,2.959661242286023,6.263607903500317,3.303946661214294
308,Dyna-Q,0.15,4200,21000,6.211806779627448,6.263607903500317,0.051801123872868615
308,Dyna-Q,0.15,4300,21500,3.137617186164074,6.263607903500317,3.1259907173362427
308,Dyna-Q,0.15,4400,22000,5.873092942081729,6.263607903500317,0.3905149614185879
308,Dyna-Q,0.15,4500,22500,5.6588442267778065,6.263607903500317,0.6047636767225102
308,Dyna-Q,0.15,4600,23000,6.211806779627448,6.263607903500317,0.051801123872868615
308,Dyna-Q,0.15,4700,23500,6.174098180982841,6.263607903500317,0.08950972251747569
308,Dyna-Q,0.15,4800,24000,2.7814232607036904,6.263607903500317,3.4821846427966263
308,Dyna-Q,0.15,4900,24500,2.8553105657846447,6.263607903500317,3.408297337715672
308,Dyna-Q,0.15,5000,25000,5.807468420913823,6.263607903500317,0.4561394825864937
308,Dyna-Q,0.35,0,0,-2.0000000000000013,6.263607903500317,8.263607903500318
308,Dyna-Q,0.35,100,500,-1.8585668913642628,6.263607903500317,8.122174794864579
308,Dyna-Q,0.35,200,1000,0.9696402546177572,6.263607903500317,5.2939676488825596
308,Dyna-Q,0.35,300,1500,0.9781672253359324,6.263607903500317,5.285440678164385
308,Dyna-Q,0.35,400,2000,-0.12061271855346727,6.263607903500317,6.384220622053784
308,Dyna-Q,0.35,500,2500,-1.419573570322722,6.263607903500317,7.683181473823039
308,Dyna-Q,0.35,600,3000,4.023512094508709,6.263607903500317,2.240095808991608
308,Dyna-Q,0.35,700,3500,5.703931663028699,6.263607903500317,0.5596762404716173
308,Dyna-Q,0.35,800,4000,3.710627174504678,6.263607903500317,2.5529807289956388
308,Dyna-Q,0.35,900,4500,1.0603041494120338,6.263607903500317,5.203303754088283
308,Dyna-Q,0.35,1000,5000,5.794602120316,6.263607903500317,0.4690057831843166
308,Dyna-Q,0.35,1100,5500,3.7381553529594798,6.263607903500317,2.525452550540837
308,Dyna-Q,0.35,1200,6000,5.725519117926349,6.263607903500317,0.5380887855739678
308,Dyna-Q,0.35,1300,6500,3.0152743126432657,6.263607903500317,3.248333590857051
308,Dyna-Q,0.35,1400,7000,5.1993527605867165,6.263607903500317,1.0642551429136002
308,Dyna-Q,0.35,1500,7500,6.078258353273612,6.263607903500317,0.18534955022670463
308,Dyna-Q,0.35,1600,8000,3.137504459600873,6.263607903500317,3.1261034438994435
308,Dyna-Q,0.35,1700,8500,5.661057093178095,6.263607903500317,0.6025508103222217
308,Dyna-Q,0.35,1800,9000,2.9961050243981684,6.263607903500317,3.2675028791021483
308,Dyna-Q,0.35,1900,9500,6.2254116253703256,6.263607903500317,0.03819627812999116
308,Dyna-Q,0.35,2000,10000,3.0560736280269865,6.263607903500317,3.2075342754733303
308,Dyna-Q,0.35,2100,10500,3.0087743529904487,6.263607903500317,3.254833550509868
308,Dyna-Q,0.35,2200,11000,5.640659236361686,6.263607903500317,0.6229486671386306
308,Dyna-Q,0.35,2300,11500,-1.959708281049853,6.263607903500317,8.22331618455017
308,Dyna-Q,0.35,2400,12000,5.884650774238761,6.263607903500317,0.3789571292615559
308,Dyna-Q,0.35,2500,12500,5.932625922595315,6.263607903500317,0.3309819809050021
308,Dyna-Q,0.35,2600,13000,5.932625922595315,6.263607903500317,0.3309819809050021
308,Dyna-Q,0.35,2700,13500,5.928553628151875,6.263607903500317,0.33505427534844134
308,Dyna-Q,0.35,2800,14000,5.921811208866227,6.263607903500317,0.34179669463408935
308,Dyna-Q,0.35,2900,14500,-1.3325205506756035,6.263607903500317,7.59612845417592
308,Dyna-Q,0.35,3000,15000,2.8901968245275893,6.263607903500317,3.3734110789727274
308,Dyna-Q,0.35,3100,15500,1.363805809951944,6.263607903500317,4.899802093548373
308,Dyna-Q,0.35,3200,16000,5.509279791995786,6.263607903500317,0.754328111504531
308,Dyna-Q,0.35,3300,16500,0.6191886560043283,6.263607903500317,5.644419247495988
308,Dyna-Q,0.35,3400,17000,0.5962652518165148,6.263607903500317,5.667342651683802
308,Dyna-Q,0.35,3500,17500,6.233980616524453,6.263607903500317,0.02962728697586403
308,Dyna-Q,0.35,3600,18000,3.1196703556246606,6.263607903500317,3.143937547875656
308,Dyna-Q,0.35,3700,18500,6.22272458098214,6.263607903500317,0.04088332251817661
308,Dyna-Q,0.35,3800,19000,6.15334553057439,6.263607903500317,0.11026237292592711
308,Dyna-Q,0.35,3900,19500,2.294248976036569,6.263607903500317,3.9693589274637477
308,Dyna-Q,0.35,4000,20000,2.598673315106561,6.263607903500317,3.6649345883937556
308,Dyna-Q,0.35,4100,20500,2.547713003524228,6.263607903500317,3.715894899976089
308,Dyna-Q,0.35,4200,21000,2.6183119791247513,6.263607903500317,3.6452959243755654
308,Dyna-Q,0.35,4300,21500,5.0229905446529415,6.263607903500317,1.2406173588473752
308,Dyna-Q,0.35,4400,22000,3.384333162633477,6.263607903500317,2.8792747408668395
308,Dyna-Q,0.35,4500,22500,2.998877020926493,6.263607903500317,3.2647308825738235
308,Dyna-Q,0.35,4600,23000,3.298615463445374,6.263607903500317,2.964992440054943
308,Dyna-Q,0.35,4700,23500,2.353079415359008,6.263607903500317,3.9105284881413085
308,Dyna-Q,0.35,4800,24000,0.5923243924339492,6.263607903500317,5.671283511066368
308,Dyna-Q,0.35,4900,24500,5.594297403670897,6.263607903500317,0.6693104998294199
308,Dyna-Q,0.35,5000,25000,5.640727892775369,6.263607903500317,0.6228800107249475
319,Q-learning,0.0,0,0,-2.0000000000000013,6.263607903500317,8.263607903500318
319,Q-learning,0.0,100,0,-1.9990371534007632,6.263607903500317,8.26264505690108
319,Q-learning,0.0,200,0,0.3756712646007024,6.263607903500317,5.887936638899614
319,Q-learning,0.0,300,0,-0.8662614779556835,6.263607903500317,7.129869381456
319,Q-learning,0.0,400,0,-1.2973483021171153,6.263607903500317,7.5609562056174315
319,Q-learning,0.0,500,0,5.795143761285858,6.263607903500317,0.46846414221445887
319,Q-learning,0.0,600,0,5.795143761285858,6.263607903500317,0.46846414221445887
319,Q-learning,0.0,700,0,6.0677214336654846,6.263607903500317,0.19588646983483216
319,Q-learning,0.0,800,0,6.0677214336654846,6.263607903500317,0.19588646983483216
319,Q-learning,0.0,900,0,6.0677214336654846,6.263607903500317,0.19588646983483216
319,Q-learning,0.0,1000,0,6.0677214336654846,6.263607903500317,0.19588646983483216
319,Q-learning,0.0,1100,0,6.0677214336654846,6.263607903500317,0.19588646983483216
319,Q-learning,0.0,1200,0,6.0677214336654846,6.263607903500317,0.19588646983483216
319,Q-learning,0.0,1300,0,6.0677214336654846,6.263607903500317,0.19588646983483216
319,Q-learning,0.0,1400,0,6.0677214336654846,6.263607903500317,0.19588646983483216
319,Q-learning,0.0,1500,0,6.0677214336654846,6.263607903500317,0.19588646983483216
319,Q-learning,0.0,1600,0,6.0677214336654846,6.263607903500317,0.19588646983483216
319,Q-learning,0.0,1700,0,6.0677214336654846,6.263607903500317,0.19588646983483216
319,Q-learning,0.0,1800,0,6.0677214336654846,6.263607903500317,0.19588646983483216
319,Q-learning,0.0,1900,0,6.0677214336654846,6.263607903500317,0.19588646983483216
319,Q-learning,0.0,2000,0,6.0677214336654846,6.263607903500317,0.19588646983483216
319,Q-learning,0.0,2100,0,6.0677214336654846,6.263607903500317,0.19588646983483216
319,Q-learning,0.0,2200,0,6.0677214336654846,6.263607903500317,0.19588646983483216
319,Q-learning,0.0,2300,0,6.0677214336654846,6.263607903500317,0.19588646983483216
319,Q-learning,0.0,2400,0,6.0677214336654846,6.263607903500317,0.19588646983483216
319,Q-learning,0.0,2500,0,6.0677214336654846,6.263607903500317,0.19588646983483216
319,Q-learning,0.0,2600,0,6.0677214336654846,6.263607903500317,0.19588646983483216
319,Q-learning,0.0,2700,0,6.0677214336654846,6.263607903500317,0.19588646983483216
319,Q-learning,0.0,2800,0,6.0677214336654846,6.263607903500317,0.19588646983483216
319,Q-learning,0.0,2900,0,6.0677214336654846,6.263607903500317,0.19588646983483216
319,Q-learning,0.0,3000,0,6.0677214336654846,6.263607903500317,0.19588646983483216
319,Q-learning,0.0,3100,0,6.0677214336654846,6.263607903500317,0.19588646983483216
319,Q-learning,0.0,3200,0,6.0677214336654846,6.263607903500317,0.19588646983483216
319,Q-learning,0.0,3300,0,6.0677214336654846,6.263607903500317,0.19588646983483216
319,Q-learning,0.0,3400,0,6.0677214336654846,6.263607903500317,0.19588646983483216
319,Q-learning,0.0,3500,0,6.0677214336654846,6.263607903500317,0.19588646983483216
319,Q-learning,0.0,3600,0,6.0677214336654846,6.263607903500317,0.19588646983483216
319,Q-learning,0.0,3700,0,6.0677214336654846,6.263607903500317,0.19588646983483216
319,Q-learning,0.0,3800,0,6.0677214336654846,6.263607903500317,0.19588646983483216
319,Q-learning,0.0,3900,0,6.0677214336654846,6.263607903500317,0.19588646983483216
319,Q-learning,0.0,4000,0,2.8888209239742557,6.263607903500317,3.374786979526061
319,Q-learning,0.0,4100,0,6.0677214336654846,6.263607903500317,0.19588646983483216
319,Q-learning,0.0,4200,0,6.0677214336654846,6.263607903500317,0.19588646983483216
319,Q-learning,0.0,4300,0,2.8888209239742557,6.263607903500317,3.374786979526061
319,Q-learning,0.0,4400,0,6.0677214336654846,6.263607903500317,0.19588646983483216
319,Q-learning,0.0,4500,0,6.0677214336654846,6.263607903500317,0.19588646983483216
319,Q-learning,0.0,4600,0,6.0677214336654846,6.263607903500317,0.19588646983483216
319,Q-learning,0.0,4700,0,6.0677214336654846,6.263607903500317,0.19588646983483216
319,Q-learning,0.0,4800,0,6.0677214336654846,6.263607903500317,0.19588646983483216
319,Q-learning,0.0,4900,0,6.0677214336654846,6.263607903500317,0.19588646983483216
319,Q-learning,0.0,5000,0,6.0677214336654846,6.263607903500317,0.19588646983483216
319,Dyna-Q,0.0,0,0,-2.0000000000000013,6.263607903500317,8.263607903500318
319,Dyna-Q,0.0,100,500,-0.2276616914063957,6.263607903500317,6.491269594906712
319,Dyna-Q,0.0,200,1000,5.669626084332223,6.263607903500317,0.5939818191680937
319,Dyna-Q,0.0,300,1500,5.691808285343068,6.263607903500317,0.5717996181572484
319,Dyna-Q,0.0,400,2000,5.597370583952381,6.263607903500317,0.6662373195479354
319,Dyna-Q,0.0,500,2500,5.639859749101333,6.263607903500317,0.6237481543989833
319,Dyna-Q,0.0,600,3000,5.639859749101333,6.263607903500317,0.6237481543989833
319,Dyna-Q,0.0,700,3500,5.691808285343068,6.263607903500317,0.5717996181572484
319,Dyna-Q,0.0,800,4000,5.691808285343068,6.263607903500317,0.5717996181572484
319,Dyna-Q,0.0,900,4500,6.256162817535298,6.263607903500317,0.007445085965018805
319,Dyna-Q,0.0,1000,5000,6.256162817535298,6.263607903500317,0.007445085965018805
319,Dyna-Q,0.0,1100,5500,6.256162817535298,6.263607903500317,0.007445085965018805
319,Dyna-Q,0.0,1200,6000,6.256162817535298,6.263607903500317,0.007445085965018805
319,Dyna-Q,0.0,1300,6500,6.256162817535298,6.263607903500317,0.007445085965018805
319,Dyna-Q,0.0,1400,7000,6.263607903500317,6.263607903500317,0.0
319,Dyna-Q,0.0,1500,7500,6.263607903500317,6.263607903500317,0.0
319,Dyna-Q,0.0,1600,8000,6.263607903500317,6.263607903500317,0.0
319,Dyna-Q,0.0,1700,8500,6.263607903500317,6.263607903500317,0.0
319,Dyna-Q,0.0,1800,9000,6.263607903500317,6.263607903500317,0.0
319,Dyna-Q,0.0,1900,9500,6.22272458098214,6.263607903500317,0.04088332251817661
319,Dyna-Q,0.0,2000,10000,6.01519846379977,6.263607903500317,0.24840943970054674
319,Dyna-Q,0.0,2100,10500,6.01519846379977,6.263607903500317,0.24840943970054674
319,Dyna-Q,0.0,2200,11000,6.011339128750641,6.263607903500317,0.2522687747496759
319,Dyna-Q,0.0,2300,11500,3.1436343288466917,6.263607903500317,3.119973574653625
319,Dyna-Q,0.0,2400,12000,6.189407558554456,6.263607903500317,0.07420034494586059
319,Dyna-Q,0.0,2500,12500,6.193265691709616,6.263607903500317,0.07034221179070066
319,Dyna-Q,0.0,2600,13000,6.256162817535298,6.263607903500317,0.007445085965018805
319,Dyna-Q,0.0,2700,13500,6.256162817535298,6.263607903500317,0.007445085965018805
319,Dyna-Q,0.0,2800,14000,6.256162817535298,6.263607903500317,0.007445085965018805
319,Dyna-Q,0.0,2900,14500,6.256162817535298,6.263607903500317,0.007445085965018805
319,Dyna-Q,0.0,3000,15000,5.669626084332223,6.263607903500317,0.5939818191680937
319,Dyna-Q,0.0,3100,15500,3.1534169303257595,6.263607903500317,3.110190973174557
319,Dyna-Q,0.0,3200,16000,6.22272458098214,6.263607903500317,0.04088332251817661
319,Dyna-Q,0.0,3300,16500,6.22272458098214,6.263607903500317,0.04088332251817661
319,Dyna-Q,0.0,3400,17000,6.22272458098214,6.263607903500317,0.04088332251817661
319,Dyna-Q,0.0,3500,17500,5.943084001889441,6.263607903500317,0.3205239016108754
319,Dyna-Q,0.0,3600,18000,6.22272458098214,6.263607903500317,0.04088332251817661
319,Dyna-Q,0.0,3700,18500,6.233980616524453,6.263607903500317,0.02962728697586403
319,Dyna-Q,0.0,3800,19000,5.597370583952381,6.263607903500317,0.6662373195479354
319,Dyna-Q,0.0,3900,19500,-5.637065555045096,6.263607903500317,11.900673458545413
319,Dyna-Q,0.0,4000,20000,-5.094246035350299,6.263607903500317,11.357853938850615
319,Dyna-Q,0.0,4100,20500,2.3813170342770675,6.263607903500317,3.882290869223249
319,Dyna-Q,0.0,4200,21000,5.971825070698282,6.263607903500317,0.2917828328020349
319,Dyna-Q,0.0,4300,21500,6.205013768553916,6.263607903500317,0.05859413494640098
319,Dyna-Q,0.0,4400,22000,6.18861173741721,6.263607903500317,0.07499616608310689
319,Dyna-Q,0.0,4500,22500,3.391170362433877,6.263607903500317,2.87243754106644
319,Dyna-Q,0.0,4600,23000,6.231539167543261,6.263607903500317,0.03206873595705595
319,Dyna-Q,0.0,4700,23500,6.215341748699417,6.263607903500317,0.04826615480090002
319,Dyna-Q,0.0,4800,24000,6.237175951074367,6.263607903500317,0.026431952425949312
319,Dyna-Q,0.0,4900,24500,3.0648992662329184,6.263607903500317,3.1987086372673983
319,Dyna-Q,0.0,5000,25000,6.263607903500317,6.263607903500317,0.0
319,Dyna-Q,0.15,0,0,-2.0000000000000013,6.263607903500317,8.263607903500318
319,Dyna-Q,0.15,100,500,-1.7414317143933045,6.263607903500317,8.00503961789362
319,Dyna-Q,0.15,200,1000,1.9782675344362983,6.263607903500317,4.285340369064018
319,Dyna-Q,0.15,300,1500,-1.9810286913601114,6.263607903500317,8.244636594860427
319,Dyna-Q,0.15,400,2000,5.199632211276087,6.263607903500317,1.06397569222423
319,Dyna-Q,0.15,500,2500,5.4630834710523,6.263607903500317,0.8005244324480163
319,Dyna-Q,0.15,600,3000,5.343182701795842,6.263607903500317,0.9204252017044743
319,Dyna-Q,0.15,700,3500,3.1023320821605314,6.263607903500317,3.1612758213397854
319,Dyna-Q,0.15,800,4000,3.1624552687848637,6.263607903500317,3.101152634715453
319,Dyna-Q,0.15,900,4500,2.959661242286023,6.263607903500317,3.303946661214294
319,Dyna-Q,0.15,1000,5000,6.233980616524453,6.263607903500317,0.02962728697586403
319,Dyna-Q,0.15,1100,5500,6.233980616524453,6.263607903500317,0.02962728697586403
319,Dyna-Q,0.15,1200,6000,-0.7187299031650286,6.263607903500317,6.982337806665345
319,Dyna-Q,0.15,1300,6500,6.094532002681889,6.263607903500317,0.16907590081842727
319,Dyna-Q,0.15,1400,7000,6.11592004185325,6.263607903500317,0.14768786164706693
319,Dyna-Q,0.15,1500,7500,5.647424104171733,6.263607903500317,0.6161837993285841
319,Dyna-Q,0.15,1600,8000,6.112085868409676,6.263607903500317,0.15152203509064055
319,Dyna-Q,0.15,1700,8500,3.2292781795560637,6.263607903500317,3.034329723944253
319,Dyna-Q,0.15,1800,9000,5.607358204566991,6.263607903500317,0.6562496989333253
319,Dyna-Q,0.15,1900,9500,5.904713752896813,6.263607903500317,0.35889415060350327
319,Dyna-Q,0.15,2000,10000,0.5962652518165145,6.263607903500317,5.667342651683803
319,Dyna-Q,0.15,2100,10500,5.6911252174221465,6.263607903500317,0.5724826860781702
319,Dyna-Q,0.15,2200,11000,5.6316930560828915,6.263607903500317,0.6319148474174252
319,Dyna-Q,0.15,2300,11500,0.551567612136275,6.263607903500317,5.712040291364041
319,Dyna-Q,0.15,2400,12000,5.647424104171733,6.263607903500317,0.6161837993285841
319,Dyna-Q,0.15,2500,12500,0.026502535687234006,6.263607903500317,6.237105367813083
319,Dyna-Q,0.15,2600,13000,2.6646535152388218,6.263607903500317,3.598954388261495
319,Dyna-Q,0.15,2700,13500,6.233980616524453,6.263607903500317,0.02962728697586403
319,Dyna-Q,0.15,2800,14000,5.575939574335221,6.263607903500317,0.6876683291650956
319,Dyna-Q,0.15,2900,14500,5.986266308745864,6.263607903500317,0.27734159475445264
319,Dyna-Q,0.15,3000,15000,1.0950563207339274,6.263607903500317,5.168551582766389
319,Dyna-Q,0.15,3100,15500,5.635406543622821,6.263607903500317,0.6282013598774956
319,Dyna-Q,0.15,3200,16000,5.014373353157853,6.263607903500317,1.2492345503424636
319,Dyna-Q,0.15,3300,16500,6.109166337497453,6.263607903500317,0.15444156600286352
319,Dyna-Q,0.15,3400,17000,5.996043070790631,6.263607903500317,0.26756483270968534
319,Dyna-Q,0.15,3500,17500,5.658030046965146,6.263607903500317,0.605577856535171
319,Dyna-Q,0.15,3600,18000,6.244533912994323,6.263607903500317,0.019073990505993343
319,Dyna-Q,0.15,3700,18500,3.0572191948692318,6.263607903500317,3.206388708631085
319,Dyna-Q,0.15,3800,19000,6.263607903500317,6.263607903500317,0.0
319,Dyna-Q,0.15,3900,19500,6.109166337497453,6.263607903500317,0.15444156600286352
319,Dyna-Q,0.15,4000,20000,6.045496523593991,6.263607903500317,0.21811137990632545
319,Dyna-Q,0.15,4100,20500,6.263607903500317,6.263607903500317,0.0
319,Dyna-Q,0.15,4200,21000,6.237175951074367,6.263607903500317,0.026431952425949312
319,Dyna-Q,0.15,4300,21500,2.826875638246599,6.263607903500317,3.4367322652537178
319,Dyna-Q,0.15,4400,22000,6.211806779627448,6.263607903500317,0.051801123872868615
319,Dyna-Q,0.15,4500,22500,6.221729430851686,6.263607903500317,0.04187847264863098
319,Dyna-Q,0.15,4600,23000,6.202138551730675,6.263607903500317,0.061469351769641634
319,Dyna-Q,0.15,4700,23500,2.984043452896113,6.263607903500317,3.279564450604204
319,Dyna-Q,0.15,4800,24000,2.913119199141955,6.263607903500317,3.3504887043583618
319,Dyna-Q,0.15,4900,24500,2.9666543959205964,6.263607903500317,3.2969535075797203
319,Dyna-Q,0.15,5000,25000,5.942502034866346,6.263607903500317,0.3211058686339703
319,Dyna-Q,0.35,0,0,-2.0000000000000013,6.263607903500317,8.263607903500318
319,Dyna-Q,0.35,100,500,-1.9692895688450254,6.263607903500317,8.232897472345343
319,Dyna-Q,0.35,200,1000,-1.2220859270570668,6.263607903500317,7.485693830557383
319,Dyna-Q,0.35,300,1500,-0.9654065164708683,6.263607903500317,7.229014419971185
319,Dyna-Q,0.35,400,2000,-1.3150930751031673,6.263607903500317,7.578700978603484
319,Dyna-Q,0.35,500,2500,-1.973157246715596,6.263607903500317,8.236765150215913
319,Dyna-Q,0.35,600,3000,-2.037908195131909,6.263607903500317,8.301516098632225
319,Dyna-Q,0.35,700,3500,3.1862864658672643,6.263607903500317,3.0773214376330524
319,Dyna-Q,0.35,800,4000,5.694267935866935,6.263607903500317,0.5693399676333817
319,Dyna-Q,0.35,900,4500,2.581497411705672,6.263607903500317,3.682110491794645
319,Dyna-Q,0.35,1000,5000,6.011339128750641,6.263607903500317,0.2522687747496759
319,Dyna-Q,0.35,1100,5500,6.22272458098214,6.263607903500317,0.04088332251817661
319,Dyna-Q,0.35,1200,6000,0.47418602143235544,6.263607903500317,5.789421882067961
319,Dyna-Q,0.35,1300,6500,3.068510448520633,6.263607903500317,3.195097454979684
319,Dyna-Q,0.35,1400,7000,2.7925645600448887,6.263607903500317,3.471043343455428
319,Dyna-Q,0.35,1500,7500,2.581497411705672,6.263607903500317,3.682110491794645
319,Dyna-Q,0.35,1600,8000,6.231539167543261,6.263607903500317,0.03206873595705595
319,Dyna-Q,0.35,1700,8500,6.231539167543261,6.263607903500317,0.03206873595705595
319,Dyna-Q,0.35,1800,9000,6.221729430851686,6.263607903500317,0.04187847264863098
319,Dyna-Q,0.35,1900,9500,2.534392595182274,6.263607903500317,3.7292153083180426
319,Dyna-Q,0.35,2000,10000,1.8058190827516196,6.263607903500317,4.457788820748697
319,Dyna-Q,0.35,2100,10500,0.783810017804568,6.263607903500317,5.479797885695748
319,Dyna-Q,0.35,2200,11000,2.634948982153208,6.263607903500317,3.6286589213471085
319,Dyna-Q,0.35,2300,11500,1.828948938217643,6.263607903500317,4.434658965282674
319,Dyna-Q,0.35,2400,12000,0.6314698739680077,6.263607903500317,5.632138029532309
319,Dyna-Q,0.35,2500,12500,5.669626084332223,6.263607903500317,0.5939818191680937
319,Dyna-Q,0.35,2600,13000,6.078258353273612,6.263607903500317,0.18534955022670463
319,Dyna-Q,0.35,2700,13500,5.525428125196769,6.263607903500317,0.7381797783035475
319,Dyna-Q,0.35,2800,14000,5.70784103125686,6.263607903500317,0.5557668722434563
319,Dyna-Q,0.35,2900,14500,0.9059203679988632,6.263607903500317,5.357687535501453
319,Dyna-Q,0.35,3000,15000,-1.294669316897687,6.263607903500317,7.558277220398004
319,Dyna-Q,0.35,3100,15500,2.7943417969722355,6.263607903500317,3.469266106528081
319,Dyna-Q,0.35,3200,16000,5.991756988479598,6.263607903500317,0.27185091502071845
319,Dyna-Q,0.35,3300,16500,-1.7141140926057032,6.263607903500317,7.97772199610602
319,Dyna-Q,0.35,3400,17000,-0.4204636927366765,6.263607903500317,6.684071596236993
319,Dyna-Q,0.35,3500,17500,2.534392595182274,6.263607903500317,3.7292153083180426
319,Dyna-Q,0.35,3600,18000,2.954122713537135,6.263607903500317,3.3094851899631816
319,Dyna-Q,0.35,3700,18500,5.501992782480822,6.263607903500317,0.7616151210194948
319,Dyna-Q,0.35,3800,19000,5.675031455997569,6.263607903500317,0.5885764475027475
319,Dyna-Q,0.35,3900,19500,0.996771114395058,6.263607903500317,5.266836789105259
319,Dyna-Q,0.35,4000,20000,-1.0995591803908704,6.263607903500317,7.363167083891187
319,Dyna-Q,0.35,4100,20500,5.069420608615461,6.263607903500317,1.1941872948848555
319,Dyna-Q,0.35,4200,21000,4.486681088701017,6.263607903500317,1.7769268147992996
319,Dyna-Q,0.35,4300,21500,5.429939282474967,6.263607903500317,0.8336686210253497
319,Dyna-Q,0.35,4400,22000,-1.6148534836105657,6.263607903500317,7.878461387110883
319,Dyna-Q,0.35,4500,22500,6.1109300810667975,6.263607903500317,0.15267782243351924
319,Dyna-Q,0.35,4600,23000,1.0258128287011314,6.263607903500317,5.237795074799186
319,Dyna-Q,0.35,4700,23500,6.103476481273137,6.263607903500317,0.16013142222718013
319,Dyna-Q,0.35,4800,24000,5.845701414593301,6.263607903500317,0.41790648890701565
319,Dyna-Q,0.35,4900,24500,-1.3266316529294162,6.263607903500317,7.590239556429733
319,Dyna-Q,0.35,5000,25000,1.0073093687950727,6.263607903500317,5.256298534705244
330,Q-learning,0.0,0,0,-2.0000000000000013,6.263607903500317,8.263607903500318
330,Q-learning,0.0,100,0,-1.931184999260102,6.263607903500317,8.194792902760419
330,Q-learning,0.0,200,0,-1.044855524636993,6.263607903500317,7.30846342813731
330,Q-learning,0.0,300,0,0.5058181968248158,6.263607903500317,5.757789706675501
330,Q-learning,0.0,400,0,-1.4531735115510398,6.263607903500317,7.716781415051356
330,Q-learning,0.0,500,0,5.6531007184473845,6.263607903500317,0.6105071850529322
330,Q-learning,0.0,600,0,5.877238625407405,6.263607903500317,0.38636927809291155
330,Q-learning,0.0,700,0,5.694233509717724,6.263607903500317,0.569374393782593
330,Q-learning,0.0,800,0,5.893294029122491,6.263607903500317,0.3703138743778256
330,Q-learning,0.0,900,0,5.893294029122491,6.263607903500317,0.3703138743778256
330,Q-learning,0.0,1000,0,5.893294029122491,6.263607903500317,0.3703138743778256
330,Q-learning,0.0,1100,0,5.893294029122491,6.263607903500317,0.3703138743778256
330,Q-learning,0.0,1200,0,5.893294029122491,6.263607903500317,0.3703138743778256
330,Q-learning,0.0,1300,0,5.893294029122491,6.263607903500317,0.3703138743778256
330,Q-learning,0.0,1400,0,5.881621024705295,6.263607903500317,0.381986878795022
330,Q-learning,0.0,1500,0,5.881621024705295,6.263607903500317,0.381986878795022
330,Q-learning,0.0,1600,0,5.881621024705295,6.263607903500317,0.381986878795022
330,Q-learning,0.0,1700,0,5.881621024705295,6.263607903500317,0.381986878795022
330,Q-learning,0.0,1800,0,5.893294029122491,6.263607903500317,0.3703138743778256
330,Q-learning,0.0,1900,0,5.893294029122491,6.263607903500317,0.3703138743778256
330,Q-learning,0.0,2000,0,5.893294029122491,6.263607903500317,0.3703138743778256
330,Q-learning,0.0,2100,0,5.893294029122491,6.263607903500317,0.3703138743778256
330,Q-learning,0.0,2200,0,5.893294029122491,6.263607903500317,0.3703138743778256
330,Q-learning,0.0,2300,0,5.893294029122491,6.263607903500317,0.3703138743778256
330,Q-learning,0.0,2400,0,5.893294029122491,6.263607903500317,0.3703138743778256
330,Q-learning,0.0,2500,0,5.893294029122491,6.263607903500317,0.3703138743778256
330,Q-learning,0.0,2600,0,5.893294029122491,6.263607903500317,0.3703138743778256
330,Q-learning,0.0,2700,0,5.893294029122491,6.263607903500317,0.3703138743778256
330,Q-learning,0.0,2800,0,5.893294029122491,6.263607903500317,0.3703138743778256
330,Q-learning,0.0,2900,0,5.893294029122491,6.263607903500317,0.3703138743778256
330,Q-learning,0.0,3000,0,5.893294029122491,6.263607903500317,0.3703138743778256
330,Q-learning,0.0,3100,0,6.193846386018808,6.263607903500317,0.06976151748150894
330,Q-learning,0.0,3200,0,6.193846386018808,6.263607903500317,0.06976151748150894
330,Q-learning,0.0,3300,0,6.193846386018808,6.263607903500317,0.06976151748150894
330,Q-learning,0.0,3400,0,6.193846386018808,6.263607903500317,0.06976151748150894
330,Q-learning,0.0,3500,0,6.193846386018808,6.263607903500317,0.06976151748150894
330,Q-learning,0.0,3600,0,6.193846386018808,6.263607903500317,0.06976151748150894
330,Q-learning,0.0,3700,0,6.193846386018808,6.263607903500317,0.06976151748150894
330,Q-learning,0.0,3800,0,6.193846386018808,6.263607903500317,0.06976151748150894
330,Q-learning,0.0,3900,0,6.193846386018808,6.263607903500317,0.06976151748150894
330,Q-learning,0.0,4000,0,6.193846386018808,6.263607903500317,0.06976151748150894
330,Q-learning,0.0,4100,0,6.193846386018808,6.263607903500317,0.06976151748150894
330,Q-learning,0.0,4200,0,6.193846386018808,6.263607903500317,0.06976151748150894
330,Q-learning,0.0,4300,0,6.193846386018808,6.263607903500317,0.06976151748150894
330,Q-learning,0.0,4400,0,6.193846386018808,6.263607903500317,0.06976151748150894
330,Q-learning,0.0,4500,0,6.193846386018808,6.263607903500317,0.06976151748150894
330,Q-learning,0.0,4600,0,6.193846386018808,6.263607903500317,0.06976151748150894
330,Q-learning,0.0,4700,0,6.193846386018808,6.263607903500317,0.06976151748150894
330,Q-learning,0.0,4800,0,6.193846386018808,6.263607903500317,0.06976151748150894
330,Q-learning,0.0,4900,0,6.193846386018808,6.263607903500317,0.06976151748150894
330,Q-learning,0.0,5000,0,6.193846386018808,6.263607903500317,0.06976151748150894
330,Dyna-Q,0.0,0,0,-2.0000000000000013,6.263607903500317,8.263607903500318
330,Dyna-Q,0.0,100,500,-0.5715635726645456,6.263607903500317,6.835171476164862
330,Dyna-Q,0.0,200,1000,5.536317028135174,6.263607903500317,0.727290875365143
330,Dyna-Q,0.0,300,1500,6.070271110684655,6.263607903500317,0.19333679281566152
330,Dyna-Q,0.0,400,2000,6.17991083024469,6.263607903500317,0.08369707325562636
330,Dyna-Q,0.0,500,2500,6.189831537294406,6.263607903500317,0.07377636620591055
330,Dyna-Q,0.0,600,3000,6.196364437391996,6.263607903500317,0.06724346610832033
330,Dyna-Q,0.0,700,3500,6.194229760573545,6.263607903500317,0.06937814292677214
330,Dyna-Q,0.0,800,4000,6.142010508913547,6.263607903500317,0.12159739458676988
330,Dyna-Q,0.0,900,4500,6.168121411282779,6.263607903500317,0.09548649221753802
330,Dyna-Q,0.0,1000,5000,5.702254310571682,6.263607903500317,0.5613535929286346
330,Dyna-Q,0.0,1100,5500,6.156835204468589,6.263607903500317,0.10677269903172792
330,Dyna-Q,0.0,1200,6000,6.185853433657659,6.263607903500317,0.07775446984265777
330,Dyna-Q,0.0,1300,6500,6.180577933861456,6.263607903500317,0.08302996963886056
330,Dyna-Q,0.0,1400,7000,1.5802530956525547,6.263607903500317,4.683354807847762
330,Dyna-Q,0.0,1500,7500,5.912256062387639,6.263607903500317,0.3513518411126775
330,Dyna-Q,0.0,1600,8000,5.912256062387639,6.263607903500317,0.3513518411126775
330,Dyna-Q,0.0,1700,8500,6.196364437391996,6.263607903500317,0.06724346610832033
330,Dyna-Q,0.0,1800,9000,6.196834636771462,6.263607903500317,0.06677326672885453
330,Dyna-Q,0.0,1900,9500,6.196834636771462,6.263607903500317,0.06677326672885453
330,Dyna-Q,0.0,2000,10000,6.196834636771462,6.263607903500317,0.06677326672885453
330,Dyna-Q,0.0,2100,10500,6.196834636771462,6.263607903500317,0.06677326672885453
330,Dyna-Q,0.0,2200,11000,2.9666474505989178,6.263607903500317,3.296960452901399
330,Dyna-Q,0.0,2300,11500,6.181372245815963,6.263607903500317,0.08223565768435392
330,Dyna-Q,0.0,2400,12000,6.075526215235124,6.263607903500317,0.18808168826519278
330,Dyna-Q,0.0,2500,12500,6.075526215235124,6.263607903500317,0.18808168826519278
330,Dyna-Q,0.0,2600,13000,6.077847344549746,6.263607903500317,0.18576055895057042
330,Dyna-Q,0.0,2700,13500,6.077847344549746,6.263607903500317,0.18576055895057042
330,Dyna-Q,0.0,2800,14000,6.181372245815963,6.263607903500317,0.08223565768435392
330,Dyna-Q,0.0,2900,14500,6.196834636771462,6.263607903500317,0.06677326672885453
330,Dyna-Q,0.0,3000,15000,6.196834636771462,6.263607903500317,0.06677326672885453
330,Dyna-Q,0.0,3100,15500,6.196364437391996,6.263607903500317,0.06724346610832033
330,Dyna-Q,0.0,3200,16000,3.109466708239538,6.263607903500317,3.1541411952607787
330,Dyna-Q,0.0,3300,16500,6.196834636771462,6.263607903500317,0.06677326672885453
330,Dyna-Q,0.0,3400,17000,6.196834636771462,6.263607903500317,0.06677326672885453
330,Dyna-Q,0.0,3500,17500,6.196834636771462,6.263607903500317,0.06677326672885453
330,Dyna-Q,0.0,3600,18000,6.196834636771462,6.263607903500317,0.06677326672885453
330,Dyna-Q,0.0,3700,18500,6.196834636771462,6.263607903500317,0.06677326672885453
330,Dyna-Q,0.0,3800,19000,6.196364437391996,6.263607903500317,0.06724346610832033
330,Dyna-Q,0.0,3900,19500,6.196834636771462,6.263607903500317,0.06677326672885453
330,Dyna-Q,0.0,4000,20000,2.966397619018904,6.263607903500317,3.297210284481413
330,Dyna-Q,0.0,4100,20500,6.196834636771462,6.263607903500317,0.06677326672885453
330,Dyna-Q,0.0,4200,21000,6.196834636771462,6.263607903500317,0.06677326672885453
330,Dyna-Q,0.0,4300,21500,6.196834636771462,6.263607903500317,0.06677326672885453
330,Dyna-Q,0.0,4400,22000,3.109466708239538,6.263607903500317,3.1541411952607787
330,Dyna-Q,0.0,4500,22500,1.4451334290205535,6.263607903500317,4.818474474479763
330,Dyna-Q,0.0,4600,23000,6.196364437391996,6.263607903500317,0.06724346610832033
330,Dyna-Q,0.0,4700,23500,2.9621783451663486,6.263607903500317,3.301429558333968
330,Dyna-Q,0.0,4800,24000,2.947752695083982,6.263607903500317,3.315855208416335
330,Dyna-Q,0.0,4900,24500,5.87599109340311,6.263607903500317,0.3876168100972066
330,Dyna-Q,0.0,5000,25000,6.181372245815963,6.263607903500317,0.08223565768435392
330,Dyna-Q,0.15,0,0,-2.0000000000000013,6.263607903500317,8.263607903500318
330,Dyna-Q,0.15,100,500,-0.9325679740754756,6.263607903500317,7.196175877575793
330,Dyna-Q,0.15,200,1000,2.429412822551068,6.263607903500317,3.834195080949249
330,Dyna-Q,0.15,300,1500,1.1096368225040505,6.263607903500317,5.153971080996266
330,Dyna-Q,0.15,400,2000,2.9004745398825618,6.263607903500317,3.363133363617755
330,Dyna-Q,0.15,500,2500,5.265016732181566,6.263607903500317,0.9985911713187505
330,Dyna-Q,0.15,600,3000,5.2973231365913405,6.263607903500317,0.9662847669089762
330,Dyna-Q,0.15,700,3500,5.942857455015989,6.263607903500317,0.3207504484843273
330,Dyna-Q,0.15,800,4000,6.189275974224866,6.263607903500317,0.07433192927545029
330,Dyna-Q,0.15,900,4500,6.231134176262761,6.263607903500317,0.03247372723755593
330,Dyna-Q,0.15,1000,5000,6.231134176262761,6.263607903500317,0.03247372723755593
330,Dyna-Q,0.15,1100,5500,6.237015509317011,6.263607903500317,0.0265923941833055
330,Dyna-Q,0.15,1200,6000,5.871891116039745,6.263607903500317,0.39171678746057204
330,Dyna-Q,0.15,1300,6500,5.416461067265106,6.263607903500317,0.8471468362352104
330,Dyna-Q,0.15,1400,7000,6.097134460900369,6.263607903500317,0.16647344259994767
330,Dyna-Q,0.15,1500,7500,-0.7187299031650286,6.263607903500317,6.982337806665345
330,Dyna-Q,0.15,1600,8000,5.925565468966239,6.263607903500317,0.3380424345340778
330,Dyna-Q,0.15,1700,8500,6.175626641488709,6.263607903500317,0.08798126201160805
330,Dyna-Q,0.15,1800,9000,6.08510398977531,6.263607903500317,0.17850391372500685
330,Dyna-Q,0.15,1900,9500,6.084958349580602,6.263607903500317,0.1786495539197146
330,Dyna-Q,0.15,2000,10000,6.084690120942608,6.263607903500317,0.17891778255770863
330,Dyna-Q,0.15,2100,10500,5.730856465949112,6.263607903500317,0.5327514375512044
330,Dyna-Q,0.15,2200,11000,1.2030423799289354,6.263607903500317,5.060565523571381
330,Dyna-Q,0.15,2300,11500,3.335312754160347,6.263607903500317,2.9282951493399696
330,Dyna-Q,0.15,2400,12000,5.6223017550769265,6.263607903500317,0.6413061484233902
330,Dyna-Q,0.15,2500,12500,-1.700804522375157,6.263607903500317,7.964412425875474
330,Dyna-Q,0.15,2600,13000,2.142228767716635,6.263607903500317,4.121379135783682
330,Dyna-Q,0.15,2700,13500,5.017909307362401,6.263607903500317,1.245698596137916
330,Dyna-Q,0.15,2800,14000,3.137299018668007,6.263607903500317,3.1263088848323095
330,Dyna-Q,0.15,2900,14500,6.0962125335807755,6.263607903500317,0.16739536991954118
330,Dyna-Q,0.15,3000,15000,2.91550102820863,6.263607903500317,3.3481068752916867
330,Dyna-Q,0.15,3100,15500,5.842772312815439,6.263607903500317,0.4208355906848773
330,Dyna-Q,0.15,3200,16000,6.211806779627448,6.263607903500317,0.051801123872868615
330,Dyna-Q,0.15,3300,16500,1.8309649608815324,6.263607903500317,4.432642942618784
330,Dyna-Q,0.15,3400,17000,5.4910646703799015,6.263607903500317,0.7725432331204152
330,Dyna-Q,0.15,3500,17500,3.0096835236732904,6.263607903500317,3.2539243798270263
330,Dyna-Q,0.15,3600,18000,5.6169594821945745,6.263607903500317,0.6466484213057422
330,Dyna-Q,0.15,3700,18500,6.211806779627448,6.263607903500317,0.051801123872868615
330,Dyna-Q,0.15,3800,19000,6.233980616524453,6.263607903500317,0.02962728697586403
330,Dyna-Q,0.15,3900,19500,6.211806779627448,6.263607903500317,0.051801123872868615
330,Dyna-Q,0.15,4000,20000,5.869100265750879,6.263607903500317,0.3945076377494381
330,Dyna-Q,0.15,4100,20500,6.103476481273137,6.263607903500317,0.16013142222718013
330,Dyna-Q,0.15,4200,21000,6.211806779627448,6.263607903500317,0.051801123872868615
330,Dyna-Q,0.15,4300,21500,5.929250817986956,6.263607903500317,0.33435708551336063
330,Dyna-Q,0.15,4400,22000,6.071100929478818,6.263607903500317,0.19250697402149886
330,Dyna-Q,0.15,4500,22500,2.8518799047251555,6.263607903500317,3.411727998775161
330,Dyna-Q,0.15,4600,23000,6.221729430851686,6.263607903500317,0.04187847264863098
330,Dyna-Q,0.15,4700,23500,5.4910646703799015,6.263607903500317,0.7725432331204152
330,Dyna-Q,0.15,4800,24000,5.340581241710244,6.263607903500317,0.9230266617900726
330,Dyna-Q,0.15,4900,24500,5.588319904219484,6.263607903500317,0.6752879992808323
330,Dyna-Q,0.15,5000,25000,5.639206425843992,6.263607903500317,0.6244014776563249
330,Dyna-Q,0.35,0,0,-2.0000000000000013,6.263607903500317,8.263607903500318
330,Dyna-Q,0.35,100,500,-1.4855115200713456,6.263607903500317,7.7491194235716625
330,Dyna-Q,0.35,200,1000,0.6423587888654011,6.263607903500317,5.6212491146349155
330,Dyna-Q,0.35,300,1500,5.547167813960834,6.263607903500317,0.7164400895394829
330,Dyna-Q,0.35,400,2000,5.594733546646194,6.263607903500317,0.6688743568541229
330,Dyna-Q,0.35,500,2500,5.257007587596906,6.263607903500317,1.0066003159034107
330,Dyna-Q,0.35,600,3000,2.93565703554675,6.263607903500317,3.3279508679535668
330,Dyna-Q,0.35,700,3500,6.182748449881113,6.263607903500317,0.08085945361920377
330,Dyna-Q,0.35,800,4000,2.814460665794682,6.263607903500317,3.4491472377056347
330,Dyna-Q,0.35,900,4500,5.896139031788301,6.263607903500317,0.36746887171201603
330,Dyna-Q,0.35,1000,5000,5.847960370398022,6.263607903500317,0.41564753310229463
330,Dyna-Q,0.35,1100,5500,6.017967431395085,6.263607903500317,0.2456404721052321
330,Dyna-Q,0.35,1200,6000,3.1169375515992805,6.263607903500317,3.146670351901036
330,Dyna-Q,0.35,1300,6500,5.764957451368327,6.263607903500317,0.4986504521319901
330,Dyna-Q,0.35,1400,7000,3.127254865370886,6.263607903500317,3.136353038129431
330,Dyna-Q,0.35,1500,7500,6.143869572250036,6.263607903500317,0.11973833125028044
330,Dyna-Q,0.35,1600,8000,5.364282567599611,6.263607903500317,0.8993253359007056
330,Dyna-Q,0.35,1700,8500,1.0615224532603733,6.263607903500317,5.202085450239943
330,Dyna-Q,0.35,1800,9000,-0.40228878590938394,6.263607903500317,6.665896689409701
330,Dyna-Q,0.35,1900,9500,-0.3860524704963903,6.263607903500317,6.649660373996707
330,Dyna-Q,0.35,2000,10000,5.531276487855364,6.263607903500317,0.7323314156449525
330,Dyna-Q,0.35,2100,10500,5.8841651840827485,6.263607903500317,0.37944271941756824
330,Dyna-Q,0.35,2200,11000,5.048365735922671,6.263607903500317,1.215242167577646
330,Dyna-Q,0.35,2300,11500,2.92400426217738,6.263607903500317,3.339603641322937
330,Dyna-Q,0.35,2400,12000,2.929618601555856,6.263607903500317,3.333989301944461
330,Dyna-Q,0.35,2500,12500,6.172761356810864,6.263607903500317,0.0908465466894528
330,Dyna-Q,0.35,2600,13000,6.07968647990651,6.263607903500317,0.18392142359380692
330,Dyna-Q,0.35,2700,13500,5.693223390166617,6.263607903500317,0.5703845133336998
330,Dyna-Q,0.35,2800,14000,-1.5552477520446173,6.263607903500317,7.818855655544934
330,Dyna-Q,0.35,2900,14500,3.038646654621341,6.263607903500317,3.2249612488789756
330,Dyna-Q,0.35,3000,15000,2.924767238711709,6.263607903500317,3.3388406647886075
330,Dyna-Q,0.35,3100,15500,5.927912775776264,6.263607903500317,0.33569512772405297
330,Dyna-Q,0.35,3200,16000,-1.8874990749529528,6.263607903500317,8.151106978453269
330,Dyna-Q,0.35,3300,16500,6.157912969092543,6.263607903500317,0.105694934407774
330,Dyna-Q,0.35,3400,17000,-0.7033026330845131,6.263607903500317,6.96691053658483
330,Dyna-Q,0.35,3500,17500,5.836356534350399,6.263607903500317,0.4272513691499178
330,Dyna-Q,0.35,3600,18000,2.538957296052585,6.263607903500317,3.7246506074477317
330,Dyna-Q,0.35,3700,18500,5.52525352830045,6.263607903500317,0.7383543751998669
330,Dyna-Q,0.35,3800,19000,5.8432716569857215,6.263607903500317,0.4203362465145952
330,Dyna-Q,0.35,3900,19500,3.3411979374261342,6.263607903500317,2.9224099660741825
330,Dyna-Q,0.35,4000,20000,0.9845951756924035,6.263607903500317,5.279012727807913
330,Dyna-Q,0.35,4100,20500,6.164391335914211,6.263607903500317,0.09921656758610542
330,Dyna-Q,0.35,4200,21000,2.4050289424603117,6.263607903500317,3.858578961040005
330,Dyna-Q,0.35,4300,21500,6.058755403214155,6.263607903500317,0.20485250028616164
330,Dyna-Q,0.35,4400,22000,1.909221699819817,6.263607903500317,4.3543862036805
330,Dyna-Q,0.35,4500,22500,6.050892656737958,6.263607903500317,0.2127152467623583
330,Dyna-Q,0.35,4600,23000,2.930255353302767,6.263607903500317,3.33335255019755
330,Dyna-Q,0.35,4700,23500,3.108099120724136,6.263607903500317,3.1555087827761805
330,Dyna-Q,0.35,4800,24000,5.636939248325706,6.263607903500317,0.626668655174611
330,Dyna-Q,0.35,4900,24500,5.352297610883403,6.263607903500317,0.9113102926169141
330,Dyna-Q,0.35,5000,25000,6.157939103185776,6.263607903500317,0.10566880031454051
