mdp_id,seed,state,action,requested_magnitude,l1_closing,l1_opening,projection_closing,projection_opening,true_margin,is_greedy_action,flip_closing,flip_opening,repair_closing,repair_opening,repair_difference
0,42,0,0,0.02,0.04000000000000001,0.04000000000000002,-0.017247494943228688,0.017247494943228688,0.1916750067628924,1,0,0,0.0,0.0,0.0
0,42,0,0,0.05,0.10000000000000003,0.10000000000000005,-0.043118737358071715,0.043118737358071715,0.1916750067628924,1,0,0,0.0,0.0,0.0
0,42,0,0,0.08,0.15999999999999998,0.15999999999999998,-0.06898997977291466,0.06898997977291466,0.1916750067628924,1,0,0,0.0,0.0,0.0
0,42,0,0,0.12,0.24,0.24,-0.10348496965937203,0.10348496965937203,0.1916750067628924,1,0,0,0.0,0.0,0.0
0,42,0,0,0.16,0.25491964467066497,0.25491964467066497,-0.1099181320596736,0.1099181320596736,0.1916750067628924,1,0,0,0.0,0.0,0.0
0,42,0,0,0.2,0.25491964467066497,0.25491964467066497,-0.1099181320596736,0.1099181320596736,0.1916750067628924,1,0,0,0.0,0.0,0.0
0,42,0,0,0.25,0.25491964467066497,0.25491964467066497,-0.1099181320596736,0.1099181320596736,0.1916750067628924,1,0,0,0.0,0.0,0.0
0,42,0,0,0.3,0.25491964467066497,0.25491964467066497,-0.1099181320596736,0.1099181320596736,0.1916750067628924,1,0,0,0.0,0.0,0.0
0,42,0,0,0.35,0.25491964467066497,0.25491964467066497,-0.1099181320596736,0.1099181320596736,0.1916750067628924,1,0,0,0.0,0.0,0.0
0,42,0,1,0.02,0.04000000000000001,0.040000000000000036,0.01450276398435371,-0.01450276398435371,0.1916750067628924,0,0,0,0.0,0.0,0.0
0,42,0,1,0.05,0.10000000000000003,0.10000000000000003,0.03625690996088427,-0.03625690996088427,0.1916750067628924,0,0,0,0.0,0.0,0.0
0,42,0,1,0.08,0.15999999999999998,0.15999999999999998,0.05801105593741476,-0.05801105593741476,0.1916750067628924,0,0,0,0.0,0.0,0.0
0,42,0,1,0.12,0.24,0.24,0.08701658390612219,-0.08701658390612219,0.1916750067628924,0,0,0,0.0,0.0,0.0
0,42,0,1,0.16,0.32000000000000006,0.32000000000000006,0.1160221118748296,-0.1160221118748296,0.1916750067628924,0,0,0,0.0,0.0,0.0
0,42,0,1,0.2,0.4000000000000001,0.4000000000000001,0.14502763984353703,-0.14502763984353703,0.1916750067628924,0,0,0,0.0,0.0,0.0
0,42,0,1,0.25,0.4560532494538278,0.4560532494538278,0.16535081602816118,-0.16535081602816118,0.1916750067628924,0,0,0,0.0,0.0,0.0
0,42,0,1,0.3,0.4560532494538278,0.4560532494538278,0.16535081602816118,-0.16535081602816118,0.1916750067628924,0,0,0,0.0,0.0,0.0
0,42,0,1,0.35,0.4560532494538278,0.4560532494538278,0.16535081602816118,-0.16535081602816118,0.1916750067628924,0,0,0,0.0,0.0,0.0
0,42,1,0,0.02,0.04000000000000001,0.04000000000000002,-0.020789472116237474,0.020789472116237474,0.2537368267391269,1,0,0,0.0,0.0,0.0
0,42,1,0,0.05,0.10000000000000003,0.10000000000000005,-0.05197368029059368,0.05197368029059368,0.2537368267391269,1,0,0,0.0,0.0,0.0
0,42,1,0,0.08,0.15999999999999998,0.15999999999999998,-0.08315788846494977,0.08315788846494977,0.2537368267391269,1,0,0,0.0,0.0,0.0
0,42,1,0,0.12,0.24,0.24,-0.12473683269742472,0.12473683269742472,0.2537368267391269,1,0,0,0.0,0.0,0.0
0,42,1,0,0.16,0.25491964467066497,0.25491964467066497,-0.13249112111904873,0.13249112111904873,0.2537368267391269,1,0,0,0.0,0.0,0.0
0,42,1,0,0.2,0.25491964467066497,0.25491964467066497,-0.13249112111904873,0.13249112111904873,0.2537368267391269,1,0,0,0.0,0.0,0.0
0,42,1,0,0.25,0.25491964467066497,0.25491964467066497,-0.13249112111904873,0.13249112111904873,0.2537368267391269,1,0,0,0.0,0.0,0.0
0,42,1,0,0.3,0.25491964467066497,0.25491964467066497,-0.13249112111904873,0.13249112111904873,0.2537368267391269,1,0,0,0.0,0.0,0.0
0,42,1,0,0.35,0.25491964467066497,0.25491964467066497,-0.13249112111904873,0.13249112111904873,0.2537368267391269,1,0,0,0.0,0.0,0.0
0,42,1,1,0.02,0.040000000000000036,0.040000000000000036,0.020789472116237474,-0.020789472116237474,0.2537368267391269,0,0,0,0.0,0.0,0.0
0,42,1,1,0.05,0.10000000000000003,0.10000000000000003,0.05197368029059368,-0.05197368029059368,0.2537368267391269,0,0,0,0.0,0.0,0.0
0,42,1,1,0.08,0.15999999999999998,0.15999999999999998,0.08315788846494977,-0.08315788846494977,0.2537368267391269,0,0,0,0.0,0.0,0.0
0,42,1,1,0.12,0.24,0.24,0.12473683269742472,-0.12473683269742472,0.2537368267391269,0,0,0,0.0,0.0,0.0
0,42,1,1,0.16,0.32000000000000006,0.32000000000000006,0.16631577692989968,-0.16631577692989968,0.2537368267391269,0,0,0,0.0,0.0,0.0
0,42,1,1,0.2,0.39999999999999997,0.39999999999999997,0.2078947211623745,-0.20789472116237456,0.2537368267391269,0,0,0,0.0,0.0,0.0
0,42,1,1,0.25,0.5,0.5,0.2598684014529682,-0.2598684014529682,0.2537368267391269,0,1,0,0.21529953668963053,0.0,0.21529953668963053
0,42,1,1,0.3,0.6000000000000001,0.6000000000000001,0.31184208174356187,-0.3118420817435618,0.2537368267391269,0,1,0,0.21529953668963053,0.0,0.21529953668963053
0,42,1,1,0.35,0.6349196446706649,0.6349196446706649,0.3299911062233045,-0.3299911062233046,0.2537368267391269,0,1,0,0.21529953668963053,0.0,0.21529953668963053
0,42,3,0,0.02,0.040000000000000036,0.04000000000000001,-0.020000000000000018,0.020000000000000018,0.246,1,0,0,0.0,0.0,0.0
0,42,3,0,0.05,0.10000000000000003,0.10000000000000003,-0.050000000000000044,0.050000000000000044,0.246,1,0,0,0.0,0.0,0.0
0,42,3,0,0.08,0.15999999999999998,0.15999999999999998,-0.07999999999999996,0.07999999999999996,0.246,1,0,0,0.0,0.0,0.0
0,42,3,0,0.12,0.24,0.24,-0.12,0.12,0.246,1,0,0,0.0,0.0,0.0
0,42,3,0,0.16,0.32000000000000006,0.32000000000000006,-0.16000000000000003,0.16000000000000003,0.246,1,0,0,0.0,0.0,0.0
0,42,3,0,0.2,0.4000000000000001,0.4000000000000001,-0.20000000000000007,0.20000000000000007,0.246,1,0,0,0.0,0.0,0.0
0,42,3,0,0.25,0.4560532494538278,0.4560532494538278,-0.22802662472691393,0.22802662472691393,0.246,1,0,0,0.0,0.0,0.0
0,42,3,0,0.3,0.4560532494538278,0.4560532494538278,-0.22802662472691393,0.22802662472691393,0.246,1,0,0,0.0,0.0,0.0
0,42,3,0,0.35,0.4560532494538278,0.4560532494538278,-0.22802662472691393,0.22802662472691393,0.246,1,0,0,0.0,0.0,0.0
0,42,3,1,0.02,0.040000000000000036,0.040000000000000036,0.020000000000000018,-0.020000000000000018,0.246,0,0,0,0.0,0.0,0.0
0,42,3,1,0.05,0.10000000000000003,0.10000000000000003,0.050000000000000044,-0.050000000000000044,0.246,0,0,0,0.0,0.0,0.0
0,42,3,1,0.08,0.15999999999999998,0.15999999999999998,0.07999999999999996,-0.08000000000000002,0.246,0,0,0,0.0,0.0,0.0
0,42,3,1,0.12,0.24,0.24,0.12,-0.12,0.246,0,0,0,0.0,0.0,0.0
0,42,3,1,0.16,0.32000000000000006,0.32000000000000006,0.16000000000000003,-0.16000000000000003,0.246,0,0,0,0.0,0.0,0.0
0,42,3,1,0.2,0.39999999999999997,0.39999999999999997,0.19999999999999996,-0.2,0.246,0,0,0,0.0,0.0,0.0
0,42,3,1,0.25,0.5,0.5,0.25,-0.25,0.246,0,0,0,0.0,0.0,0.0
0,42,3,1,0.3,0.6000000000000001,0.6000000000000001,0.30000000000000004,-0.3,0.246,0,1,0,0.0,0.0,0.0
0,42,3,1,0.35,0.7,0.7,0.35,-0.35,0.246,0,1,0,0.0,0.0,0.0
1,43,0,0,0.02,0.04000000000000001,0.04000000000000001,-0.012243359123013916,0.012243359123013916,0.08985342823771292,1,0,0,0.0,0.0,0.0
1,43,0,0,0.05,0.10000000000000003,0.10000000000000003,-0.030608397807534788,0.030608397807534788,0.08985342823771292,1,0,0,0.0,0.0,0.0
1,43,0,0,0.08,0.15999999999999998,0.15999999999999998,-0.04897343649205559,0.04897343649205559,0.08985342823771292,1,0,0,0.0,0.0,0.0
1,43,0,0,0.12,0.24,0.24,-0.07346015473808341,0.07346015473808341,0.08985342823771292,1,0,0,0.0,0.0,0.0
1,43,0,0,0.16,0.32000000000000006,0.32000000000000006,-0.09794687298411126,0.09794687298411126,0.08985342823771292,1,1,0,0.08985342823771314,0.0,0.08985342823771314
1,43,0,0,0.2,0.3675240327628859,0.3675240327628859,-0.1124932179863585,0.1124932179863585,0.08985342823771292,1,1,0,0.08985342823771314,0.0,0.08985342823771314
1,43,0,0,0.25,0.3675240327628859,0.3675240327628859,-0.1124932179863585,0.1124932179863585,0.08985342823771292,1,1,0,0.08985342823771314,0.0,0.08985342823771314
1,43,0,0,0.3,0.3675240327628859,0.3675240327628859,-0.1124932179863585,0.1124932179863585,0.08985342823771292,1,1,0,0.08985342823771314,0.0,0.08985342823771314
1,43,0,0,0.35,0.3675240327628859,0.3675240327628859,-0.1124932179863585,0.1124932179863585,0.08985342823771292,1,1,0,0.08985342823771314,0.0,0.08985342823771314
1,43,0,1,0.02,0.04000000000000001,0.04000000000000001,0.010175634423937676,-0.010175634423937676,0.08985342823771292,0,0,0,0.0,0.0,0.0
1,43,0,1,0.05,0.10000000000000003,0.10000000000000003,0.025439086059844192,-0.025439086059844192,0.08985342823771292,0,0,0,0.0,0.0,0.0
1,43,0,1,0.08,0.15999999999999998,0.15999999999999998,0.04070253769575065,-0.04070253769575065,0.08985342823771292,0,0,0,0.0,0.0,0.0
1,43,0,1,0.12,0.24,0.24,0.061053806543626,-0.061053806543626,0.08985342823771292,0,0,0,0.0,0.0,0.0
1,43,0,1,0.16,0.32000000000000006,0.32000000000000006,0.08140507539150135,-0.08140507539150135,0.08985342823771292,0,0,0,0.0,0.0,0.0
1,43,0,1,0.2,0.4000000000000001,0.4000000000000001,0.10175634423937671,-0.10175634423937671,0.08985342823771292,0,1,0,0.08985342823771314,0.0,0.08985342823771314
1,43,0,1,0.25,0.40932965426898704,0.40932965426898704,0.10412972301795022,-0.10412972301795022,0.08985342823771292,0,1,0,0.08985342823771314,0.0,0.08985342823771314
1,43,0,1,0.3,0.40932965426898704,0.40932965426898704,0.10412972301795022,-0.10412972301795022,0.08985342823771292,0,1,0,0.08985342823771314,0.0,0.08985342823771314
1,43,0,1,0.35,0.40932965426898704,0.40932965426898704,0.10412972301795022,-0.10412972301795022,0.08985342823771292,0,1,0,0.08985342823771314,0.0,0.08985342823771314
1,43,1,0,0.02,0.04000000000000001,0.04000000000000001,-0.016197018364275246,0.016197018364275246,0.2038716744606146,1,0,0,0.0,0.0,0.0
1,43,1,0,0.05,0.10000000000000003,0.10000000000000003,-0.04049254591068812,0.04049254591068812,0.2038716744606146,1,0,0,0.0,0.0,0.0
1,43,1,0,0.08,0.15999999999999998,0.15999999999999998,-0.0647880734571009,0.0647880734571009,0.2038716744606146,1,0,0,0.0,0.0,0.0
1,43,1,0,0.12,0.24,0.24,-0.0971821101856514,0.0971821101856514,0.2038716744606146,1,0,0,0.0,0.0,0.0
1,43,1,0,0.16,0.32000000000000006,0.32000000000000006,-0.12957614691420188,0.12957614691420188,0.2038716744606146,1,0,0,0.08985342823771314,0.0,0.08985342823771314
1,43,1,0,0.2,0.3675240327628859,0.3675240327628859,-0.1488198376993239,0.1488198376993239,0.2038716744606146,1,0,0,0.08985342823771314,0.0,0.08985342823771314
1,43,1,0,0.25,0.3675240327628859,0.3675240327628859,-0.1488198376993239,0.1488198376993239,0.2038716744606146,1,0,0,0.08985342823771314,0.0,0.08985342823771314
1,43,1,0,0.3,0.3675240327628859,0.3675240327628859,-0.1488198376993239,0.1488198376993239,0.2038716744606146,1,0,0,0.08985342823771314,0.0,0.08985342823771314
1,43,1,0,0.35,0.3675240327628859,0.3675240327628859,-0.1488198376993239,0.1488198376993239,0.2038716744606146,1,0,0,0.08985342823771314,0.0,0.08985342823771314
1,43,1,1,0.02,0.040000000000000036,0.040000000000000036,0.016197018364275246,-0.016197018364275246,0.2038716744606146,0,0,0,0.0,0.0,0.0
1,43,1,1,0.05,0.10000000000000003,0.10000000000000003,0.04049254591068812,-0.04049254591068812,0.2038716744606146,0,0,0,0.0,0.0,0.0
1,43,1,1,0.08,0.15999999999999998,0.15999999999999998,0.0647880734571009,-0.0647880734571009,0.2038716744606146,0,0,0,0.0,0.0,0.0
1,43,1,1,0.12,0.24,0.24,0.0971821101856514,-0.0971821101856514,0.2038716744606146,0,0,0,0.0,0.0,0.0
1,43,1,1,0.16,0.32000000000000006,0.32000000000000006,0.12957614691420188,-0.12957614691420188,0.2038716744606146,0,0,0,0.0,0.0,0.0
1,43,1,1,0.2,0.39999999999999997,0.39999999999999997,0.16197018364275229,-0.16197018364275234,0.2038716744606146,0,0,0,0.0,0.0,0.0
1,43,1,1,0.25,0.5,0.5,0.2024627295534404,-0.2024627295534404,0.2038716744606146,0,0,0,0.0,0.0,0.0
1,43,1,1,0.3,0.6000000000000001,0.6000000000000001,0.24295527546412854,-0.24295527546412848,0.2038716744606146,0,1,0,0.1562142207556403,0.0,0.1562142207556403
1,43,1,1,0.35,0.7,0.7,0.28344782137481656,-0.28344782137481656,0.2038716744606146,0,1,0,0.1562142207556403,0.0,0.1562142207556403
1,43,2,0,0.02,0.04000000000000001,0.04000000000000001,-0.02135685033004414,0.02135685033004414,0.2528900781354191,1,0,0,0.0,0.0,0.0
1,43,2,0,0.05,0.10000000000000003,0.10000000000000003,-0.053392125825110354,0.053392125825110354,0.2528900781354191,1,0,0,0.0,0.0,0.0
1,43,2,0,0.08,0.15999999999999998,0.15999999999999998,-0.08542740132017644,0.08542740132017644,0.2528900781354191,1,0,0,0.0,0.0,0.0
1,43,2,0,0.12,0.24,0.24,-0.12814110198026474,0.12814110198026474,0.2528900781354191,1,0,0,0.0,0.0,0.0
1,43,2,0,0.16,0.32000000000000006,0.32000000000000006,-0.170854802640353,0.170854802640353,0.2528900781354191,1,0,0,0.08985342823771314,0.0,0.08985342823771314
1,43,2,0,0.2,0.3675240327628859,0.3675240327628859,-0.19622889401027968,0.19622889401027968,0.2528900781354191,1,0,0,0.08985342823771314,0.0,0.08985342823771314
1,43,2,0,0.25,0.3675240327628859,0.3675240327628859,-0.19622889401027968,0.19622889401027968,0.2528900781354191,1,0,0,0.08985342823771314,0.0,0.08985342823771314
1,43,2,0,0.3,0.3675240327628859,0.3675240327628859,-0.19622889401027968,0.19622889401027968,0.2528900781354191,1,0,0,0.08985342823771314,0.0,0.08985342823771314
1,43,2,0,0.35,0.3675240327628859,0.3675240327628859,-0.19622889401027968,0.19622889401027968,0.2528900781354191,1,0,0,0.08985342823771314,0.0,0.08985342823771314
1,43,2,1,0.02,0.040000000000000036,0.040000000000000036,0.02135685033004414,-0.02135685033004414,0.2528900781354191,0,0,0,0.0,0.0,0.0
1,43,2,1,0.05,0.10000000000000003,0.10000000000000003,0.053392125825110354,-0.053392125825110354,0.2528900781354191,0,0,0,0.0,0.0,0.0
1,43,2,1,0.08,0.15999999999999998,0.15999999999999998,0.08542740132017644,-0.08542740132017644,0.2528900781354191,0,0,0,0.0,0.0,0.0
1,43,2,1,0.12,0.24,0.24,0.12814110198026474,-0.12814110198026474,0.2528900781354191,0,0,0,0.0,0.0,0.0
1,43,2,1,0.16,0.32000000000000006,0.32000000000000006,0.170854802640353,-0.170854802640353,0.2528900781354191,0,0,0,0.0,0.0,0.0
1,43,2,1,0.2,0.39999999999999997,0.39999999999999997,0.21356850330044116,-0.21356850330044122,0.2528900781354191,0,0,0,0.0,0.0,0.0
1,43,2,1,0.25,0.5,0.5,0.2669606291255515,-0.2669606291255515,0.2528900781354191,0,1,0,0.148476986431266,0.0,0.148476986431266
1,43,2,1,0.3,0.6000000000000001,0.6000000000000001,0.32035275495066184,-0.3203527549506618,0.2528900781354191,0,1,0,0.148476986431266,0.0,0.148476986431266
1,43,2,1,0.35,0.7,0.7,0.3737448807757721,-0.3737448807757721,0.2528900781354191,0,1,0,0.148476986431266,0.0,0.148476986431266
1,43,4,0,0.02,0.04000000000000001,0.04000000000000001,-0.01387703998086393,0.01387703998086393,0.18183187981820736,1,0,0,0.0,0.0,0.0
1,43,4,0,0.05,0.10000000000000003,0.10000000000000003,-0.03469259995215983,0.03469259995215983,0.18183187981820736,1,0,0,0.0,0.0,0.0
1,43,4,0,0.08,0.15999999999999998,0.15999999999999998,-0.05550815992345565,0.05550815992345565,0.18183187981820736,1,0,0,0.0,0.0,0.0
1,43,4,0,0.12,0.24,0.24,-0.08326223988518351,0.08326223988518351,0.18183187981820736,1,0,0,0.0,0.0,0.0
1,43,4,0,0.16,0.32000000000000006,0.32000000000000006,-0.11101631984691138,0.11101631984691138,0.18183187981820736,1,0,0,0.0,0.0,0.0
1,43,4,0,0.2,0.4000000000000001,0.4000000000000001,-0.13877039980863923,0.13877039980863923,0.18183187981820736,1,0,0,0.0,0.08985342823771314,-0.08985342823771314
1,43,4,0,0.25,0.40932965426898704,0.40932965426898704,-0.14200709944109846,0.14200709944109846,0.18183187981820736,1,0,0,0.0,0.08985342823771314,-0.08985342823771314
1,43,4,0,0.3,0.40932965426898704,0.40932965426898704,-0.14200709944109846,0.14200709944109846,0.18183187981820736,1,0,0,0.0,0.08985342823771314,-0.08985342823771314
1,43,4,0,0.35,0.40932965426898704,0.40932965426898704,-0.14200709944109846,0.14200709944109846,0.18183187981820736,1,0,0,0.0,0.08985342823771314,-0.08985342823771314
1,43,4,1,0.02,0.040000000000000036,0.040000000000000036,0.01387703998086393,-0.01387703998086393,0.18183187981820736,0,0,0,0.0,0.0,0.0
1,43,4,1,0.05,0.10000000000000003,0.10000000000000003,0.03469259995215983,-0.03469259995215983,0.18183187981820736,0,0,0,0.0,0.0,0.0
1,43,4,1,0.08,0.15999999999999998,0.15999999999999998,0.05550815992345565,-0.05550815992345565,0.18183187981820736,0,0,0,0.0,0.0,0.0
1,43,4,1,0.12,0.24,0.24,0.08326223988518351,-0.08326223988518351,0.18183187981820736,0,0,0,0.0,0.0,0.0
1,43,4,1,0.16,0.32000000000000006,0.32000000000000006,0.11101631984691138,-0.11101631984691138,0.18183187981820736,0,0,0,0.0,0.0,0.0
1,43,4,1,0.2,0.39999999999999997,0.39999999999999997,0.13877039980863914,-0.1387703998086392,0.18183187981820736,0,0,0,0.0,0.0,0.0
1,43,4,1,0.25,0.5,0.5,0.17346299976079899,-0.17346299976079899,0.18183187981820736,0,0,0,0.0,0.0,0.0
1,43,4,1,0.3,0.6000000000000001,0.6000000000000001,0.20815559971295883,-0.20815559971295877,0.18183187981820736,0,1,0,0.0,0.0,0.0
1,43,4,1,0.35,0.7,0.7,0.24284819966511856,-0.24284819966511856,0.18183187981820736,0,1,0,0.0,0.0,0.0
1,43,5,0,0.02,0.04000000000000001,0.04000000000000001,-0.01884313535872713,0.01884313535872713,0.22900978590790755,1,0,0,0.0,0.0,0.0
1,43,5,0,0.05,0.10000000000000003,0.10000000000000003,-0.047107838396817814,0.047107838396817814,0.22900978590790755,1,0,0,0.0,0.0,0.0
1,43,5,0,0.08,0.15999999999999998,0.15999999999999998,-0.0753725414349084,0.0753725414349084,0.22900978590790755,1,0,0,0.0,0.0,0.0
1,43,5,0,0.12,0.24,0.24,-0.11305881215236266,0.11305881215236266,0.22900978590790755,1,0,0,0.0,0.0,0.0
1,43,5,0,0.16,0.32000000000000006,0.32000000000000006,-0.15074508286981692,0.15074508286981692,0.22900978590790755,1,0,0,0.0,0.0,0.0
1,43,5,0,0.2,0.4000000000000001,0.4000000000000001,-0.18843135358727117,0.18843135358727117,0.22900978590790755,1,0,0,0.0,0.08985342823771314,-0.08985342823771314
1,43,5,0,0.25,0.40932965426898704,0.40932965426898704,-0.19282635204328732,0.19282635204328732,0.22900978590790755,1,0,0,0.0,0.08985342823771314,-0.08985342823771314
1,43,5,0,0.3,0.40932965426898704,0.40932965426898704,-0.19282635204328732,0.19282635204328732,0.22900978590790755,1,0,0,0.0,0.08985342823771314,-0.08985342823771314
1,43,5,0,0.35,0.40932965426898704,0.40932965426898704,-0.19282635204328732,0.19282635204328732,0.22900978590790755,1,0,0,0.0,0.08985342823771314,-0.08985342823771314
1,43,5,1,0.02,0.040000000000000036,0.040000000000000036,0.01884313535872713,-0.01884313535872713,0.22900978590790755,0,0,0,0.0,0.0,0.0
1,43,5,1,0.05,0.10000000000000003,0.10000000000000003,0.047107838396817814,-0.047107838396817814,0.22900978590790755,0,0,0,0.0,0.0,0.0
1,43,5,1,0.08,0.15999999999999998,0.15999999999999998,0.0753725414349084,-0.0753725414349084,0.22900978590790755,0,0,0,0.0,0.0,0.0
1,43,5,1,0.12,0.24,0.24,0.11305881215236266,-0.11305881215236266,0.22900978590790755,0,0,0,0.0,0.0,0.0
1,43,5,1,0.16,0.32000000000000006,0.32000000000000006,0.15074508286981692,-0.15074508286981692,0.22900978590790755,0,0,0,0.0,0.0,0.0
1,43,5,1,0.2,0.39999999999999997,0.39999999999999997,0.18843135358727106,-0.18843135358727112,0.22900978590790755,0,0,0,0.0,0.0,0.0
1,43,5,1,0.25,0.5,0.5,0.23553919198408887,-0.23553919198408887,0.22900978590790755,0,0,0,0.0,0.0,0.0
1,43,5,1,0.3,0.6000000000000001,0.6000000000000001,0.2826470303809067,-0.28264703038090666,0.22900978590790755,0,1,0,0.0,0.0,0.0
1,43,5,1,0.35,0.7,0.7,0.3297548687777244,-0.3297548687777244,0.22900978590790755,0,1,0,0.0,0.0,0.0
2,44,0,0,0.02,0.04000000000000001,0.04000000000000001,-0.011838365501375524,0.011838365501375524,0.12459407464837524,1,0,0,0.0,0.0,0.0
2,44,0,0,0.05,0.10000000000000003,0.10000000000000005,-0.029595913753438813,0.029595913753438813,0.12459407464837524,1,0,0,0.0,0.0,0.0
2,44,0,0,0.08,0.15999999999999998,0.15999999999999998,-0.047353462005502035,0.047353462005502035,0.12459407464837524,1,0,0,0.0,0.0,0.0
2,44,0,0,0.12,0.24,0.24,-0.07103019300825308,0.07103019300825308,0.12459407464837524,1,0,0,0.0,0.0,0.0
2,44,0,0,0.16,0.30643777368975966,0.30643777368975966,-0.0906930592091792,0.0906930592091792,0.12459407464837524,1,0,0,0.0,0.0,0.0
2,44,0,0,0.2,0.30643777368975966,0.30643777368975966,-0.0906930592091792,0.0906930592091792,0.12459407464837524,1,0,0,0.0,0.0,0.0
2,44,0,0,0.25,0.30643777368975966,0.30643777368975966,-0.0906930592091792,0.0906930592091792,0.12459407464837524,1,0,0,0.0,0.0,0.0
2,44,0,0,0.3,0.30643777368975966,0.30643777368975966,-0.0906930592091792,0.0906930592091792,0.12459407464837524,1,0,0,0.0,0.0,0.0
2,44,0,0,0.35,0.30643777368975966,0.30643777368975966,-0.0906930592091792,0.0906930592091792,0.12459407464837524,1,0,0,0.0,0.0,0.0
2,44,0,1,0.02,0.04000000000000001,0.04000000000000001,0.00920179113177258,-0.00920179113177258,0.12459407464837524,0,0,0,0.0,0.0,0.0
2,44,0,1,0.05,0.10000000000000003,0.10000000000000003,0.02300447782943145,-0.02300447782943145,0.12459407464837524,0,0,0,0.0,0.0,0.0
2,44,0,1,0.08,0.15999999999999998,0.15999999999999998,0.03680716452709027,-0.03680716452709027,0.12459407464837524,0,0,0,0.0,0.0,0.0
2,44,0,1,0.12,0.24,0.24,0.05521074679063543,-0.05521074679063543,0.12459407464837524,0,0,0,0.0,0.0,0.0
2,44,0,1,0.16,0.32000000000000006,0.32000000000000006,0.0736143290541806,-0.0736143290541806,0.12459407464837524,0,0,0,0.0,0.0,0.0
2,44,0,1,0.2,0.39999999999999997,0.39999999999999997,0.0920179113177257,-0.0920179113177257,0.12459407464837524,0,0,0,0.0,0.0,0.0
2,44,0,1,0.25,0.42153421197577456,0.42153421197577456,0.09697174433743555,-0.09697174433743555,0.12459407464837524,0,0,0,0.0,0.0,0.0
2,44,0,1,0.3,0.42153421197577456,0.42153421197577456,0.09697174433743555,-0.09697174433743555,0.12459407464837524,0,0,0,0.0,0.0,0.0
2,44,0,1,0.35,0.42153421197577456,0.42153421197577456,0.09697174433743555,-0.09697174433743555,0.12459407464837524,0,0,0,0.0,0.0,0.0
2,44,1,0,0.02,0.04000000000000001,0.04000000000000001,-0.016156362326679784,0.016156362326679784,0.19540726094011784,1,0,0,0.0,0.0,0.0
2,44,1,0,0.05,0.10000000000000003,0.10000000000000005,-0.04039090581669946,0.04039090581669946,0.19540726094011784,1,0,0,0.0,0.0,0.0
2,44,1,0,0.08,0.15999999999999998,0.15999999999999998,-0.06462544930671904,0.06462544930671904,0.19540726094011784,1,0,0,0.0,0.0,0.0
2,44,1,0,0.12,0.24,0.24,-0.09693817396007862,0.09693817396007862,0.19540726094011784,1,0,0,0.0,0.0,0.0
2,44,1,0,0.16,0.30643777368975966,0.30643777368975966,-0.12377299255782136,0.12377299255782136,0.19540726094011784,1,0,0,0.0,0.0,0.0
2,44,1,0,0.2,0.30643777368975966,0.30643777368975966,-0.12377299255782136,0.12377299255782136,0.19540726094011784,1,0,0,0.0,0.0,0.0
2,44,1,0,0.25,0.30643777368975966,0.30643777368975966,-0.12377299255782136,0.12377299255782136,0.19540726094011784,1,0,0,0.0,0.0,0.0
2,44,1,0,0.3,0.30643777368975966,0.30643777368975966,-0.12377299255782136,0.12377299255782136,0.19540726094011784,1,0,0,0.0,0.0,0.0
2,44,1,0,0.35,0.30643777368975966,0.30643777368975966,-0.12377299255782136,0.12377299255782136,0.19540726094011784,1,0,0,0.0,0.0,0.0
2,44,1,1,0.02,0.040000000000000036,0.040000000000000036,0.016156362326679784,-0.016156362326679784,0.19540726094011784,0,0,0,0.0,0.0,0.0
2,44,1,1,0.05,0.10000000000000003,0.10000000000000003,0.04039090581669946,-0.04039090581669946,0.19540726094011784,0,0,0,0.0,0.0,0.0
2,44,1,1,0.08,0.15999999999999998,0.15999999999999998,0.06462544930671904,-0.06462544930671904,0.19540726094011784,0,0,0,0.0,0.0,0.0
2,44,1,1,0.12,0.24,0.24,0.09693817396007862,-0.09693817396007862,0.19540726094011784,0,0,0,0.0,0.0,0.0
2,44,1,1,0.16,0.32000000000000006,0.32000000000000006,0.1292508986134382,-0.1292508986134382,0.19540726094011784,0,0,0,0.0,0.0,0.0
2,44,1,1,0.2,0.39999999999999997,0.39999999999999997,0.16156362326679766,-0.1615636232667977,0.19540726094011784,0,0,0,0.0,0.0,0.0
2,44,1,1,0.25,0.5,0.5,0.20195452908349712,-0.20195452908349712,0.19540726094011784,0,0,0,0.0,0.0,0.0
2,44,1,1,0.3,0.6000000000000001,0.6000000000000001,0.24234543490019658,-0.24234543490019653,0.19540726094011784,0,1,0,0.14750224568569903,0.0,0.14750224568569903
2,44,1,1,0.35,0.6864377736897596,0.6864377736897596,0.27725843466127914,-0.27725843466127914,0.19540726094011784,0,1,0,0.14750224568569903,0.0,0.14750224568569903
2,44,2,0,0.02,0.04000000000000001,0.04000000000000001,-0.02187673579257771,0.02187673579257771,0.246890622133199,1,0,0,0.0,0.0,0.0
2,44,2,0,0.05,0.10000000000000003,0.10000000000000005,-0.05469183948144427,0.05469183948144427,0.246890622133199,1,0,0,0.0,0.0,0.0
2,44,2,0,0.08,0.15999999999999998,0.15999999999999998,-0.08750694317031071,0.08750694317031071,0.246890622133199,1,0,0,0.0,0.0,0.0
2,44,2,0,0.12,0.24,0.24,-0.13126041475546613,0.13126041475546613,0.246890622133199,1,0,0,0.0,0.0,0.0
2,44,2,0,0.16,0.30643777368975966,0.30643777368975966,-0.1675964552969147,0.1675964552969147,0.246890622133199,1,0,0,0.0,0.0,0.0
2,44,2,0,0.2,0.30643777368975966,0.30643777368975966,-0.1675964552969147,0.1675964552969147,0.246890622133199,1,0,0,0.0,0.0,0.0
2,44,2,0,0.25,0.30643777368975966,0.30643777368975966,-0.1675964552969147,0.1675964552969147,0.246890622133199,1,0,0,0.0,0.0,0.0
2,44,2,0,0.3,0.30643777368975966,0.30643777368975966,-0.1675964552969147,0.1675964552969147,0.246890622133199,1,0,0,0.0,0.0,0.0
2,44,2,0,0.35,0.30643777368975966,0.30643777368975966,-0.1675964552969147,0.1675964552969147,0.246890622133199,1,0,0,0.0,0.0,0.0
2,44,2,1,0.02,0.040000000000000036,0.040000000000000036,0.02187673579257771,-0.02187673579257771,0.246890622133199,0,0,0,0.0,0.0,0.0
2,44,2,1,0.05,0.10000000000000003,0.10000000000000003,0.05469183948144427,-0.05469183948144427,0.246890622133199,0,0,0,0.0,0.0,0.0
2,44,2,1,0.08,0.15999999999999998,0.15999999999999998,0.08750694317031071,-0.08750694317031071,0.246890622133199,0,0,0,0.0,0.0,0.0
2,44,2,1,0.12,0.24,0.24,0.13126041475546613,-0.13126041475546613,0.246890622133199,0,0,0,0.0,0.0,0.0
2,44,2,1,0.16,0.32000000000000006,0.32000000000000006,0.17501388634062157,-0.17501388634062157,0.246890622133199,0,0,0,0.0,0.0,0.0
2,44,2,1,0.2,0.39999999999999997,0.39999999999999997,0.21876735792577687,-0.21876735792577692,0.246890622133199,0,0,0,0.0,0.0,0.0
2,44,2,1,0.25,0.5,0.5,0.27345919740722113,-0.27345919740722113,0.246890622133199,0,0,0,0.0,0.0,0.0
2,44,2,1,0.3,0.6000000000000001,0.6000000000000001,0.3281510368886654,-0.32815103688866537,0.246890622133199,0,1,0,0.14067614687108881,0.0,0.14067614687108881
2,44,2,1,0.35,0.6864377736897596,0.6864377736897596,0.3754254453264027,-0.3754254453264027,0.246890622133199,0,1,0,0.14067614687108881,0.0,0.14067614687108881
2,44,4,0,0.02,0.04000000000000001,0.04000000000000001,-0.013649329889741432,0.013649329889741432,0.17284396900767274,1,0,0,0.0,0.0,0.0
2,44,4,0,0.05,0.10000000000000003,0.10000000000000003,-0.03412332472435358,0.03412332472435358,0.17284396900767274,1,0,0,0.0,0.0,0.0
2,44,4,0,0.08,0.15999999999999998,0.15999999999999998,-0.05459731955896565,0.05459731955896565,0.17284396900767274,1,0,0,0.0,0.0,0.0
2,44,4,0,0.12,0.24,0.24,-0.08189597933844851,0.08189597933844851,0.17284396900767274,1,0,0,0.0,0.0,0.0
2,44,4,0,0.16,0.32000000000000006,0.32000000000000006,-0.10919463911793138,0.10919463911793138,0.17284396900767274,1,0,0,0.0,0.0,0.0
2,44,4,0,0.2,0.39999999999999997,0.39999999999999997,-0.13649329889741416,0.13649329889741416,0.17284396900767274,1,0,0,0.0,0.0,0.0
2,44,4,0,0.25,0.42153421197577456,0.42153421197577456,-0.14384148797673837,0.14384148797673837,0.17284396900767274,1,0,0,0.0,0.0,0.0
2,44,4,0,0.3,0.42153421197577456,0.42153421197577456,-0.14384148797673837,0.14384148797673837,0.17284396900767274,1,0,0,0.0,0.0,0.0
2,44,4,0,0.35,0.42153421197577456,0.42153421197577456,-0.14384148797673837,0.14384148797673837,0.17284396900767274,1,0,0,0.0,0.0,0.0
2,44,4,1,0.02,0.040000000000000036,0.040000000000000036,0.013649329889741432,-0.013649329889741432,0.17284396900767274,0,0,0,0.0,0.0,0.0
2,44,4,1,0.05,0.10000000000000003,0.10000000000000003,0.03412332472435358,-0.03412332472435358,0.17284396900767274,0,0,0,0.0,0.0,0.0
2,44,4,1,0.08,0.15999999999999998,0.15999999999999998,0.05459731955896565,-0.05459731955896569,0.17284396900767274,0,0,0,0.0,0.0,0.0
2,44,4,1,0.12,0.24,0.24,0.08189597933844851,-0.08189597933844851,0.17284396900767274,0,0,0,0.0,0.0,0.0
2,44,4,1,0.16,0.32000000000000006,0.32000000000000006,0.10919463911793138,-0.10919463911793138,0.17284396900767274,0,0,0,0.0,0.0,0.0
2,44,4,1,0.2,0.39999999999999997,0.39999999999999997,0.13649329889741416,-0.1364932988974142,0.17284396900767274,0,0,0,0.0,0.0,0.0
2,44,4,1,0.25,0.5,0.5,0.17061662362176774,-0.17061662362176774,0.17284396900767274,0,0,0,0.0,0.0,0.0
2,44,4,1,0.3,0.6000000000000001,0.6000000000000001,0.20473994834612133,-0.20473994834612128,0.17284396900767274,0,1,0,0.0,0.0,0.0
2,44,4,1,0.35,0.7,0.7,0.23886327307047484,-0.23886327307047484,0.17284396900767274,0,1,0,0.0,0.0,0.0
2,44,5,0,0.02,0.04000000000000001,0.04000000000000001,-0.020000000000000018,0.020000000000000018,0.22999999999999993,1,0,0,0.0,0.0,0.0
2,44,5,0,0.05,0.10000000000000003,0.10000000000000003,-0.050000000000000044,0.050000000000000044,0.22999999999999993,1,0,0,0.0,0.0,0.0
2,44,5,0,0.08,0.15999999999999998,0.15999999999999998,-0.07999999999999996,0.07999999999999996,0.22999999999999993,1,0,0,0.0,0.0,0.0
2,44,5,0,0.12,0.24,0.24,-0.12,0.12,0.22999999999999993,1,0,0,0.0,0.0,0.0
2,44,5,0,0.16,0.32000000000000006,0.32000000000000006,-0.16000000000000003,0.16000000000000003,0.22999999999999993,1,0,0,0.0,0.0,0.0
2,44,5,0,0.2,0.39999999999999997,0.39999999999999997,-0.19999999999999996,0.19999999999999996,0.22999999999999993,1,0,0,0.0,0.0,0.0
2,44,5,0,0.25,0.42153421197577456,0.42153421197577456,-0.21076710598788728,0.21076710598788728,0.22999999999999993,1,0,0,0.0,0.0,0.0
2,44,5,0,0.3,0.42153421197577456,0.42153421197577456,-0.21076710598788728,0.21076710598788728,0.22999999999999993,1,0,0,0.0,0.0,0.0
2,44,5,0,0.35,0.42153421197577456,0.42153421197577456,-0.21076710598788728,0.21076710598788728,0.22999999999999993,1,0,0,0.0,0.0,0.0
2,44,5,1,0.02,0.040000000000000036,0.040000000000000036,0.020000000000000018,-0.020000000000000018,0.22999999999999993,0,0,0,0.0,0.0,0.0
2,44,5,1,0.05,0.10000000000000003,0.10000000000000003,0.050000000000000044,-0.050000000000000044,0.22999999999999993,0,0,0,0.0,0.0,0.0
2,44,5,1,0.08,0.15999999999999998,0.15999999999999998,0.07999999999999996,-0.08000000000000002,0.22999999999999993,0,0,0,0.0,0.0,0.0
2,44,5,1,0.12,0.24,0.24,0.12,-0.12,0.22999999999999993,0,0,0,0.0,0.0,0.0
2,44,5,1,0.16,0.32000000000000006,0.32000000000000006,0.16000000000000003,-0.16000000000000003,0.22999999999999993,0,0,0,0.0,0.0,0.0
2,44,5,1,0.2,0.39999999999999997,0.39999999999999997,0.19999999999999996,-0.2,0.22999999999999993,0,0,0,0.0,0.0,0.0
2,44,5,1,0.25,0.5,0.5,0.25,-0.25,0.22999999999999993,0,0,0,0.0,0.0,0.0
2,44,5,1,0.3,0.6000000000000001,0.6000000000000001,0.30000000000000004,-0.3,0.22999999999999993,0,1,0,0.0,0.0,0.0
2,44,5,1,0.35,0.7,0.7,0.35,-0.35,0.22999999999999993,0,1,0,0.0,0.0,0.0
3,45,0,0,0.02,0.04000000000000001,0.04000000000000002,-0.014212151069494009,0.014212151069494009,0.22415330474601702,1,0,0,0.0,0.0,0.0
3,45,0,0,0.05,0.10000000000000003,0.10000000000000005,-0.03553037767373502,0.03553037767373502,0.22415330474601702,1,0,0,0.0,0.0,0.0
3,45,0,0,0.08,0.15999999999999998,0.15999999999999998,-0.05684860427797596,0.05684860427797596,0.22415330474601702,1,0,0,0.0,0.0,0.0
3,45,0,0,0.12,0.22938002362649224,0.22938002362649224,-0.08149958870259524,0.08149958870259524,0.22415330474601702,1,0,0,0.0,0.0,0.0
3,45,0,0,0.16,0.22938002362649224,0.22938002362649224,-0.08149958870259524,0.08149958870259524,0.22415330474601702,1,0,0,0.0,0.0,0.0
3,45,0,0,0.2,0.22938002362649224,0.22938002362649224,-0.08149958870259524,0.08149958870259524,0.22415330474601702,1,0,0,0.0,0.0,0.0
3,45,0,0,0.25,0.22938002362649224,0.22938002362649224,-0.08149958870259524,0.08149958870259524,0.22415330474601702,1,0,0,0.0,0.0,0.0
3,45,0,0,0.3,0.22938002362649224,0.22938002362649224,-0.08149958870259524,0.08149958870259524,0.22415330474601702,1,0,0,0.0,0.0,0.0
3,45,0,0,0.35,0.22938002362649224,0.22938002362649224,-0.08149958870259524,0.08149958870259524,0.22415330474601702,1,0,0,0.0,0.0,0.0
3,45,0,1,0.02,0.04000000000000001,0.04000000000000001,0.009933921836962787,-0.009933921836962787,0.22415330474601702,0,0,0,0.0,0.0,0.0
3,45,0,1,0.05,0.10000000000000003,0.10000000000000003,0.02483480459240697,-0.02483480459240697,0.22415330474601702,0,0,0,0.0,0.0,0.0
3,45,0,1,0.08,0.15999999999999998,0.15999999999999998,0.039735687347851094,-0.039735687347851094,0.22415330474601702,0,0,0,0.0,0.0,0.0
3,45,0,1,0.12,0.24,0.24,0.05960353102177667,-0.05960353102177667,0.22415330474601702,0,0,0,0.0,0.0,0.0
3,45,0,1,0.16,0.32000000000000006,0.32000000000000006,0.07947137469570224,-0.07947137469570224,0.22415330474601702,0,0,0,0.0,0.0,0.0
3,45,0,1,0.2,0.39999999999999997,0.39999999999999997,0.09933921836962777,-0.09933921836962777,0.22415330474601702,0,0,0,0.0,0.0,0.0
3,45,0,1,0.25,0.4124735691888582,0.4124735691888582,0.10243700490337938,-0.10243700490337938,0.22415330474601702,0,0,0,0.0,0.0,0.0
3,45,0,1,0.3,0.4124735691888582,0.4124735691888582,0.10243700490337938,-0.10243700490337938,0.22415330474601702,0,0,0,0.0,0.0,0.0
3,45,0,1,0.35,0.4124735691888582,0.4124735691888582,0.10243700490337938,-0.10243700490337938,0.22415330474601702,0,0,0,0.0,0.0,0.0
3,45,1,0,0.02,0.04000000000000001,0.04000000000000002,-0.01741383818813052,0.01741383818813052,0.2154314627872398,1,0,0,0.0,0.0,0.0
3,45,1,0,0.05,0.10000000000000003,0.10000000000000005,-0.0435345954703263,0.0435345954703263,0.2154314627872398,1,0,0,0.0,0.0,0.0
3,45,1,0,0.08,0.15999999999999998,0.15999999999999998,-0.06965535275252198,0.06965535275252198,0.2154314627872398,1,0,0,0.0,0.0,0.0
3,45,1,0,0.12,0.22938002362649224,0.22938002362649224,-0.09985966537553219,0.09985966537553219,0.2154314627872398,1,0,0,0.0,0.0,0.0
3,45,1,0,0.16,0.22938002362649224,0.22938002362649224,-0.09985966537553219,0.09985966537553219,0.2154314627872398,1,0,0,0.0,0.0,0.0
3,45,1,0,0.2,0.22938002362649224,0.22938002362649224,-0.09985966537553219,0.09985966537553219,0.2154314627872398,1,0,0,0.0,0.0,0.0
3,45,1,0,0.25,0.22938002362649224,0.22938002362649224,-0.09985966537553219,0.09985966537553219,0.2154314627872398,1,0,0,0.0,0.0,0.0
3,45,1,0,0.3,0.22938002362649224,0.22938002362649224,-0.09985966537553219,0.09985966537553219,0.2154314627872398,1,0,0,0.0,0.0,0.0
3,45,1,0,0.35,0.22938002362649224,0.22938002362649224,-0.09985966537553219,0.09985966537553219,0.2154314627872398,1,0,0,0.0,0.0,0.0
3,45,1,1,0.02,0.040000000000000036,0.040000000000000036,0.01741383818813052,-0.01741383818813052,0.2154314627872398,0,0,0,0.0,0.0,0.0
3,45,1,1,0.05,0.10000000000000003,0.10000000000000003,0.0435345954703263,-0.0435345954703263,0.2154314627872398,0,0,0,0.0,0.0,0.0
3,45,1,1,0.08,0.15999999999999998,0.15999999999999998,0.06965535275252198,-0.06965535275252198,0.2154314627872398,0,0,0,0.0,0.0,0.0
3,45,1,1,0.12,0.24,0.24,0.10448302912878302,-0.10448302912878302,0.2154314627872398,0,0,0,0.0,0.0,0.0
3,45,1,1,0.16,0.32000000000000006,0.32000000000000006,0.13931070550504407,-0.13931070550504407,0.2154314627872398,0,0,0,0.0,0.0,0.0
3,45,1,1,0.2,0.39999999999999997,0.39999999999999997,0.174138381881305,-0.17413838188130504,0.2154314627872398,0,0,0,0.0,0.0,0.0
3,45,1,1,0.25,0.5,0.5,0.2176729773516313,-0.2176729773516313,0.2154314627872398,0,0,0,0.0,0.0,0.0
3,45,1,1,0.3,0.6000000000000001,0.6000000000000001,0.2612075728219576,-0.26120757282195756,0.2154314627872398,0,1,0,0.17995205263586445,0.0,0.17995205263586445
3,45,1,1,0.35,0.6093800236264924,0.6093800236264924,0.265291128162772,-0.265291128162772,0.2154314627872398,0,1,0,0.17995205263586445,0.0,0.17995205263586445
3,45,2,0,0.02,0.04000000000000001,0.04000000000000002,-0.021246771068038448,0.021246771068038448,0.2518443251463649,1,0,0,0.0,0.0,0.0
3,45,2,0,0.05,0.10000000000000003,0.10000000000000005,-0.05311692767009612,0.05311692767009612,0.2518443251463649,1,0,0,0.0,0.0,0.0
3,45,2,0,0.08,0.15999999999999998,0.15999999999999998,-0.08498708427215367,0.08498708427215367,0.2518443251463649,1,0,0,0.0,0.0,0.0
3,45,2,0,0.12,0.22938002362649224,0.22938002362649224,-0.12183962123933316,0.12183962123933316,0.2518443251463649,1,0,0,0.0,0.0,0.0
3,45,2,0,0.16,0.22938002362649224,0.22938002362649224,-0.12183962123933316,0.12183962123933316,0.2518443251463649,1,0,0,0.0,0.0,0.0
3,45,2,0,0.2,0.22938002362649224,0.22938002362649224,-0.12183962123933316,0.12183962123933316,0.2518443251463649,1,0,0,0.0,0.0,0.0
3,45,2,0,0.25,0.22938002362649224,0.22938002362649224,-0.12183962123933316,0.12183962123933316,0.2518443251463649,1,0,0,0.0,0.0,0.0
3,45,2,0,0.3,0.22938002362649224,0.22938002362649224,-0.12183962123933316,0.12183962123933316,0.2518443251463649,1,0,0,0.0,0.0,0.0
3,45,2,0,0.35,0.22938002362649224,0.22938002362649224,-0.12183962123933316,0.12183962123933316,0.2518443251463649,1,0,0,0.0,0.0,0.0
3,45,2,1,0.02,0.040000000000000036,0.040000000000000036,0.021246771068038448,-0.021246771068038448,0.2518443251463649,0,0,0,0.0,0.0,0.0
3,45,2,1,0.05,0.10000000000000003,0.10000000000000003,0.05311692767009612,-0.05311692767009612,0.2518443251463649,0,0,0,0.0,0.0,0.0
3,45,2,1,0.08,0.15999999999999998,0.15999999999999998,0.08498708427215367,-0.08498708427215367,0.2518443251463649,0,0,0,0.0,0.0,0.0
3,45,2,1,0.12,0.24,0.24,0.12748062640823057,-0.12748062640823057,0.2518443251463649,0,0,0,0.0,0.0,0.0
3,45,2,1,0.16,0.32000000000000006,0.32000000000000006,0.16997416854430747,-0.16997416854430747,0.2518443251463649,0,0,0,0.0,0.0,0.0
3,45,2,1,0.2,0.39999999999999997,0.39999999999999997,0.21246771068038423,-0.21246771068038428,0.2518443251463649,0,0,0,0.0,0.0,0.0
3,45,2,1,0.25,0.5,0.5,0.26558463835048035,-0.26558463835048035,0.2518443251463649,0,1,0,0.17572255863928243,0.0,0.17572255863928243
3,45,2,1,0.3,0.6000000000000001,0.6000000000000001,0.3187015660205765,-0.3187015660205764,0.2518443251463649,0,1,0,0.17572255863928243,0.0,0.17572255863928243
3,45,2,1,0.35,0.6093800236264924,0.6093800236264924,0.3236839463856983,-0.3236839463856983,0.2518443251463649,0,1,0,0.17572255863928243,0.0,0.17572255863928243
3,45,4,0,0.02,0.04000000000000001,0.04000000000000001,-0.013805097544496306,0.013805097544496306,0.18114842667271486,1,0,0,0.0,0.0,0.0
3,45,4,0,0.05,0.10000000000000003,0.10000000000000003,-0.034512743861240765,0.034512743861240765,0.18114842667271486,1,0,0,0.0,0.0,0.0
3,45,4,0,0.08,0.15999999999999998,0.15999999999999998,-0.05522039017798515,0.05522039017798515,0.18114842667271486,1,0,0,0.0,0.0,0.0
3,45,4,0,0.12,0.24,0.24,-0.08283058526697776,0.08283058526697776,0.18114842667271486,1,0,0,0.0,0.0,0.0
3,45,4,0,0.16,0.32000000000000006,0.32000000000000006,-0.11044078035597038,0.11044078035597038,0.18114842667271486,1,0,0,0.0,0.0,0.0
3,45,4,0,0.2,0.39999999999999997,0.39999999999999997,-0.13805097544496292,0.13805097544496292,0.18114842667271486,1,0,0,0.0,0.0,0.0
3,45,4,0,0.25,0.4124735691888582,0.4124735691888582,-0.1423559464294682,0.1423559464294682,0.18114842667271486,1,0,0,0.0,0.0,0.0
3,45,4,0,0.3,0.4124735691888582,0.4124735691888582,-0.1423559464294682,0.1423559464294682,0.18114842667271486,1,0,0,0.0,0.0,0.0
3,45,4,0,0.35,0.4124735691888582,0.4124735691888582,-0.1423559464294682,0.1423559464294682,0.18114842667271486,1,0,0,0.0,0.0,0.0
3,45,4,1,0.02,0.040000000000000036,0.040000000000000036,0.013805097544496306,-0.013805097544496306,0.18114842667271486,0,0,0,0.0,0.0,0.0
3,45,4,1,0.05,0.10000000000000003,0.10000000000000003,0.034512743861240765,-0.034512743861240765,0.18114842667271486,0,0,0,0.0,0.0,0.0
3,45,4,1,0.08,0.15999999999999998,0.15999999999999998,0.05522039017798515,-0.05522039017798515,0.18114842667271486,0,0,0,0.0,0.0,0.0
3,45,4,1,0.12,0.24,0.24,0.08283058526697776,-0.08283058526697776,0.18114842667271486,0,0,0,0.0,0.0,0.0
3,45,4,1,0.16,0.32000000000000006,0.32000000000000006,0.11044078035597038,-0.11044078035597038,0.18114842667271486,0,0,0,0.0,0.0,0.0
3,45,4,1,0.2,0.39999999999999997,0.39999999999999997,0.13805097544496292,-0.13805097544496295,0.18114842667271486,0,0,0,0.0,0.0,0.0
3,45,4,1,0.25,0.5,0.5,0.17256371930620368,-0.17256371930620368,0.18114842667271486,0,0,0,0.0,0.0,0.0
3,45,4,1,0.3,0.6000000000000001,0.6000000000000001,0.20707646316744444,-0.2070764631674444,0.18114842667271486,0,1,0,0.0,0.0,0.0
3,45,4,1,0.35,0.7,0.7,0.24158920702868514,-0.24158920702868514,0.18114842667271486,0,1,0,0.0,0.0,0.0
3,45,5,0,0.02,0.04000000000000001,0.04000000000000001,-0.01900994718931584,0.01900994718931584,0.23059449829850032,1,0,0,0.0,0.0,0.0
3,45,5,0,0.05,0.10000000000000003,0.10000000000000003,-0.0475248679732896,0.0475248679732896,0.23059449829850032,1,0,0,0.0,0.0,0.0
3,45,5,0,0.08,0.15999999999999998,0.15999999999999998,-0.07603978875726325,0.07603978875726325,0.23059449829850032,1,0,0,0.0,0.0,0.0
3,45,5,0,0.12,0.24,0.24,-0.11405968313589493,0.11405968313589493,0.23059449829850032,1,0,0,0.0,0.0,0.0
3,45,5,0,0.16,0.32000000000000006,0.32000000000000006,-0.1520795775145266,0.1520795775145266,0.23059449829850032,1,0,0,0.0,0.0,0.0
3,45,5,0,0.2,0.39999999999999997,0.39999999999999997,-0.19009947189315818,0.19009947189315818,0.23059449829850032,1,0,0,0.0,0.0,0.0
3,45,5,0,0.25,0.4124735691888582,0.4124735691888582,-0.19602751918171998,0.19602751918171998,0.23059449829850032,1,0,0,0.0,0.0,0.0
3,45,5,0,0.3,0.4124735691888582,0.4124735691888582,-0.19602751918171998,0.19602751918171998,0.23059449829850032,1,0,0,0.0,0.0,0.0
3,45,5,0,0.35,0.4124735691888582,0.4124735691888582,-0.19602751918171998,0.19602751918171998,0.23059449829850032,1,0,0,0.0,0.0,0.0
3,45,5,1,0.02,0.040000000000000036,0.040000000000000036,0.01900994718931584,-0.01900994718931584,0.23059449829850032,0,0,0,0.0,0.0,0.0
3,45,5,1,0.05,0.10000000000000003,0.10000000000000003,0.0475248679732896,-0.0475248679732896,0.23059449829850032,0,0,0,0.0,0.0,0.0
3,45,5,1,0.08,0.15999999999999998,0.15999999999999998,0.07603978875726325,-0.07603978875726325,0.23059449829850032,0,0,0,0.0,0.0,0.0
3,45,5,1,0.12,0.24,0.24,0.11405968313589493,-0.11405968313589493,0.23059449829850032,0,0,0,0.0,0.0,0.0
3,45,5,1,0.16,0.32000000000000006,0.32000000000000006,0.1520795775145266,-0.1520795775145266,0.23059449829850032,0,0,0,0.0,0.0,0.0
3,45,5,1,0.2,0.39999999999999997,0.39999999999999997,0.19009947189315818,-0.19009947189315823,0.23059449829850032,0,0,0,0.0,0.0,0.0
3,45,5,1,0.25,0.5,0.5,0.2376243398664478,-0.2376243398664478,0.23059449829850032,0,0,0,0.0,0.0,0.0
3,45,5,1,0.3,0.6000000000000001,0.6000000000000001,0.2851492078397374,-0.28514920783973735,0.23059449829850032,0,1,0,0.0,0.0,0.0
3,45,5,1,0.35,0.7,0.7,0.3326740758130269,-0.3326740758130269,0.23059449829850032,0,1,0,0.0,0.0,0.0
4,46,0,0,0.02,0.04000000000000001,0.04000000000000001,-0.012734742108952566,0.012734742108952566,0.16321161539718287,1,0,0,0.0,0.0,0.0
4,46,0,0,0.05,0.10000000000000003,0.10000000000000003,-0.03183685527238141,0.03183685527238141,0.16321161539718287,1,0,0,0.0,0.0,0.0
4,46,0,0,0.08,0.15999999999999998,0.15999999999999998,-0.050938968435810195,0.050938968435810195,0.16321161539718287,1,0,0,0.0,0.0,0.0
4,46,0,0,0.12,0.24,0.24,-0.07640845265371532,0.07640845265371532,0.16321161539718287,1,0,0,0.0,0.0,0.0
4,46,0,0,0.16,0.32000000000000006,0.32000000000000006,-0.10187793687162046,0.10187793687162046,0.16321161539718287,1,0,0,0.0,0.0,0.0
4,46,0,0,0.2,0.3579903639346531,0.3579903639346531,-0.11397287405494692,0.11397287405494692,0.16321161539718287,1,0,0,0.0,0.0,0.0
4,46,0,0,0.25,0.3579903639346531,0.3579903639346531,-0.11397287405494692,0.11397287405494692,0.16321161539718287,1,0,0,0.0,0.0,0.0
4,46,0,0,0.3,0.3579903639346531,0.3579903639346531,-0.11397287405494692,0.11397287405494692,0.16321161539718287,1,0,0,0.0,0.0,0.0
4,46,0,0,0.35,0.3579903639346531,0.3579903639346531,-0.11397287405494692,0.11397287405494692,0.16321161539718287,1,0,0,0.0,0.0,0.0
4,46,0,1,0.02,0.04000000000000001,0.040000000000000036,0.009164223545714355,-0.009164223545714355,0.16321161539718287,0,0,0,0.0,0.0,0.0
4,46,0,1,0.05,0.10000000000000003,0.10000000000000003,0.022910558864285887,-0.022910558864285887,0.16321161539718287,0,0,0,0.0,0.0,0.0
4,46,0,1,0.08,0.15999999999999998,0.15999999999999998,0.036656894182857364,-0.036656894182857364,0.16321161539718287,0,0,0,0.0,0.0,0.0
4,46,0,1,0.12,0.24,0.24,0.05498534127428607,-0.05498534127428607,0.16321161539718287,0,0,0,0.0,0.0,0.0
4,46,0,1,0.16,0.32000000000000006,0.32000000000000006,0.07331378836571478,-0.07331378836571478,0.16321161539718287,0,0,0,0.0,0.0,0.0
4,46,0,1,0.2,0.39999999999999997,0.39999999999999997,0.09164223545714344,-0.09164223545714344,0.16321161539718287,0,0,0,0.0,0.0,0.0
4,46,0,1,0.25,0.44777861755919446,0.44777861755919446,0.10258858375758473,-0.10258858375758473,0.16321161539718287,0,0,0,0.0,0.0,0.0
4,46,0,1,0.3,0.44777861755919446,0.44777861755919446,0.10258858375758473,-0.10258858375758473,0.16321161539718287,0,0,0,0.0,0.0,0.0
4,46,0,1,0.35,0.44777861755919446,0.44777861755919446,0.10258858375758473,-0.10258858375758473,0.16321161539718287,0,0,0,0.0,0.0,0.0
4,46,1,0,0.02,0.04000000000000001,0.04000000000000001,-0.01616921900001794,0.01616921900001794,0.20845834620017561,1,0,0,0.0,0.0,0.0
4,46,1,0,0.05,0.10000000000000003,0.10000000000000003,-0.04042304750004485,0.04042304750004485,0.20845834620017561,1,0,0,0.0,0.0,0.0
4,46,1,0,0.08,0.15999999999999998,0.15999999999999998,-0.06467687600007167,0.06467687600007167,0.20845834620017561,1,0,0,0.0,0.0,0.0
4,46,1,0,0.12,0.24,0.24,-0.09701531400010754,0.09701531400010754,0.20845834620017561,1,0,0,0.0,0.0,0.0
4,46,1,0,0.16,0.32000000000000006,0.32000000000000006,-0.12935375200014343,0.12935375200014343,0.20845834620017561,1,0,0,0.0,0.0,0.0
4,46,1,0,0.2,0.3579903639346531,0.3579903639346531,-0.14471061485888811,0.14471061485888811,0.20845834620017561,1,0,0,0.0,0.0,0.0
4,46,1,0,0.25,0.3579903639346531,0.3579903639346531,-0.14471061485888811,0.14471061485888811,0.20845834620017561,1,0,0,0.0,0.0,0.0
4,46,1,0,0.3,0.3579903639346531,0.3579903639346531,-0.14471061485888811,0.14471061485888811,0.20845834620017561,1,0,0,0.0,0.0,0.0
4,46,1,0,0.35,0.3579903639346531,0.3579903639346531,-0.14471061485888811,0.14471061485888811,0.20845834620017561,1,0,0,0.0,0.0,0.0
4,46,1,1,0.02,0.040000000000000036,0.040000000000000036,0.01616921900001794,-0.01616921900001794,0.20845834620017561,0,0,0,0.0,0.0,0.0
4,46,1,1,0.05,0.10000000000000003,0.10000000000000003,0.04042304750004485,-0.04042304750004485,0.20845834620017561,0,0,0,0.0,0.0,0.0
4,46,1,1,0.08,0.15999999999999998,0.15999999999999998,0.06467687600007167,-0.06467687600007167,0.20845834620017561,0,0,0,0.0,0.0,0.0
4,46,1,1,0.12,0.24,0.24,0.09701531400010754,-0.09701531400010754,0.20845834620017561,0,0,0,0.0,0.0,0.0
4,46,1,1,0.16,0.32000000000000006,0.32000000000000006,0.12935375200014343,-0.12935375200014343,0.20845834620017561,0,0,0,0.0,0.0,0.0
4,46,1,1,0.2,0.39999999999999997,0.39999999999999997,0.1616921900001792,-0.16169219000017926,0.20845834620017561,0,0,0,0.0,0.0,0.0
4,46,1,1,0.25,0.5,0.5,0.20211523750022406,-0.20211523750022406,0.20845834620017561,0,0,0,0.0,0.0,0.0
4,46,1,1,0.3,0.6000000000000001,0.6000000000000001,0.24253828500026892,-0.24253828500026886,0.20845834620017561,0,1,0,0.16579783315144137,0.0,0.16579783315144137
4,46,1,1,0.35,0.7,0.7,0.2829613325003137,-0.2829613325003137,0.20845834620017561,0,1,0,0.16579783315144137,0.0,0.16579783315144137
4,46,2,0,0.02,0.04000000000000001,0.04000000000000001,-0.02048740192898455,0.02048740192898455,0.2507765389040484,1,0,0,0.0,0.0,0.0
4,46,2,0,0.05,0.10000000000000003,0.10000000000000003,-0.051218504822461375,0.051218504822461375,0.2507765389040484,1,0,0,0.0,0.0,0.0
4,46,2,0,0.08,0.15999999999999998,0.15999999999999998,-0.0819496077159381,0.0819496077159381,0.2507765389040484,1,0,0,0.0,0.0,0.0
4,46,2,0,0.12,0.24,0.24,-0.12292441157390718,0.12292441157390718,0.2507765389040484,1,0,0,0.0,0.0,0.0
4,46,2,0,0.16,0.32000000000000006,0.32000000000000006,-0.1638992154318763,0.1638992154318763,0.2507765389040484,1,0,0,0.0,0.0,0.0
4,46,2,0,0.2,0.3579903639346531,0.3579903639346531,-0.18335731181581716,0.18335731181581716,0.2507765389040484,1,0,0,0.0,0.0,0.0
4,46,2,0,0.25,0.3579903639346531,0.3579903639346531,-0.18335731181581716,0.18335731181581716,0.2507765389040484,1,0,0,0.0,0.0,0.0
4,46,2,0,0.3,0.3579903639346531,0.3579903639346531,-0.18335731181581716,0.18335731181581716,0.2507765389040484,1,0,0,0.0,0.0,0.0
4,46,2,0,0.35,0.3579903639346531,0.3579903639346531,-0.18335731181581716,0.18335731181581716,0.2507765389040484,1,0,0,0.0,0.0,0.0
4,46,2,1,0.02,0.040000000000000036,0.040000000000000036,0.02048740192898455,-0.02048740192898455,0.2507765389040484,0,0,0,0.0,0.0,0.0
4,46,2,1,0.05,0.10000000000000003,0.10000000000000003,0.051218504822461375,-0.051218504822461375,0.2507765389040484,0,0,0,0.0,0.0,0.0
4,46,2,1,0.08,0.15999999999999998,0.15999999999999998,0.0819496077159381,-0.0819496077159381,0.2507765389040484,0,0,0,0.0,0.0,0.0
4,46,2,1,0.12,0.24,0.24,0.12292441157390718,-0.12292441157390718,0.2507765389040484,0,0,0,0.0,0.0,0.0
4,46,2,1,0.16,0.32000000000000006,0.32000000000000006,0.1638992154318763,-0.1638992154318763,0.2507765389040484,0,0,0,0.0,0.0,0.0
4,46,2,1,0.2,0.39999999999999997,0.39999999999999997,0.20487401928984528,-0.20487401928984533,0.2507765389040484,0,0,0,0.0,0.0,0.0
4,46,2,1,0.25,0.5,0.5,0.25609252411230665,-0.25609252411230665,0.2507765389040484,0,1,0,0.15863756275856528,0.0,0.15863756275856528
4,46,2,1,0.3,0.6000000000000001,0.6000000000000001,0.307311028934768,-0.30731102893476797,0.2507765389040484,0,1,0,0.15863756275856528,0.0,0.15863756275856528
4,46,2,1,0.35,0.7,0.7,0.3585295337572293,-0.3585295337572293,0.2507765389040484,0,1,0,0.15863756275856528,0.0,0.15863756275856528
4,46,4,0,0.02,0.040000000000000036,0.04000000000000001,-0.012402143209234408,0.012402143209234408,0.17154100345049705,1,0,0,0.0,0.0,0.0
4,46,4,0,0.05,0.10000000000000003,0.10000000000000003,-0.031005358023086023,0.031005358023086023,0.17154100345049705,1,0,0,0.0,0.0,0.0
4,46,4,0,0.08,0.15999999999999998,0.15999999999999998,-0.049608572836937564,0.049608572836937564,0.17154100345049705,1,0,0,0.0,0.0,0.0
4,46,4,0,0.12,0.24,0.24,-0.07441285925540639,0.07441285925540639,0.17154100345049705,1,0,0,0.0,0.0,0.0
4,46,4,0,0.16,0.32000000000000006,0.32000000000000006,-0.0992171456738752,0.0992171456738752,0.17154100345049705,1,0,0,0.0,0.0,0.0
4,46,4,0,0.2,0.39999999999999997,0.39999999999999997,-0.12402143209234395,0.12402143209234395,0.17154100345049705,1,0,0,0.0,0.0,0.0
4,46,4,0,0.25,0.44777861755919446,0.44777861755919446,-0.13883536352505324,0.13883536352505324,0.17154100345049705,1,0,0,0.0,0.0,0.0
4,46,4,0,0.3,0.44777861755919446,0.44777861755919446,-0.13883536352505324,0.13883536352505324,0.17154100345049705,1,0,0,0.0,0.0,0.0
4,46,4,0,0.35,0.44777861755919446,0.44777861755919446,-0.13883536352505324,0.13883536352505324,0.17154100345049705,1,0,0,0.0,0.0,0.0
4,46,4,1,0.02,0.040000000000000036,0.040000000000000036,0.012402143209234408,-0.012402143209234408,0.17154100345049705,0,0,0,0.0,0.0,0.0
4,46,4,1,0.05,0.10000000000000003,0.10000000000000003,0.031005358023086023,-0.031005358023086023,0.17154100345049705,0,0,0,0.0,0.0,0.0
4,46,4,1,0.08,0.15999999999999998,0.15999999999999998,0.049608572836937564,-0.0496085728369376,0.17154100345049705,0,0,0,0.0,0.0,0.0
4,46,4,1,0.12,0.24,0.24,0.07441285925540639,-0.07441285925540639,0.17154100345049705,0,0,0,0.0,0.0,0.0
4,46,4,1,0.16,0.32000000000000006,0.32000000000000006,0.0992171456738752,-0.0992171456738752,0.17154100345049705,0,0,0,0.0,0.0,0.0
4,46,4,1,0.2,0.39999999999999997,0.39999999999999997,0.12402143209234395,-0.12402143209234398,0.17154100345049705,0,0,0,0.0,0.0,0.0
4,46,4,1,0.25,0.5,0.5,0.15502679011542997,-0.15502679011542997,0.17154100345049705,0,0,0,0.0,0.0,0.0
4,46,4,1,0.3,0.6000000000000001,0.6000000000000001,0.18603214813851598,-0.18603214813851596,0.17154100345049705,0,1,0,0.0,0.0,0.0
4,46,4,1,0.35,0.7,0.7,0.21703750616160195,-0.21703750616160195,0.17154100345049705,0,1,0,0.0,0.0,0.0
4,46,5,0,0.02,0.040000000000000036,0.04000000000000001,-0.016724899659142835,0.016724899659142835,0.21390401665959952,1,0,0,0.0,0.0,0.0
4,46,5,0,0.05,0.10000000000000003,0.10000000000000003,-0.04181224914785709,0.04181224914785709,0.21390401665959952,1,0,0,0.0,0.0,0.0
4,46,5,0,0.08,0.15999999999999998,0.15999999999999998,-0.06689959863657124,0.06689959863657124,0.21390401665959952,1,0,0,0.0,0.0,0.0
4,46,5,0,0.12,0.24,0.24,-0.10034939795485692,0.10034939795485692,0.21390401665959952,1,0,0,0.0,0.0,0.0
4,46,5,0,0.16,0.32000000000000006,0.32000000000000006,-0.13379919727314257,0.13379919727314257,0.21390401665959952,1,0,0,0.0,0.0,0.0
4,46,5,0,0.2,0.39999999999999997,0.39999999999999997,-0.16724899659142817,0.16724899659142817,0.21390401665959952,1,0,0,0.0,0.0,0.0
4,46,5,0,0.25,0.44777861755919446,0.44777861755919446,-0.18722631120468036,0.18722631120468036,0.21390401665959952,1,0,0,0.0,0.0,0.0
4,46,5,0,0.3,0.44777861755919446,0.44777861755919446,-0.18722631120468036,0.18722631120468036,0.21390401665959952,1,0,0,0.0,0.0,0.0
4,46,5,0,0.35,0.44777861755919446,0.44777861755919446,-0.18722631120468036,0.18722631120468036,0.21390401665959952,1,0,0,0.0,0.0,0.0
4,46,5,1,0.02,0.040000000000000036,0.040000000000000036,0.016724899659142835,-0.016724899659142835,0.21390401665959952,0,0,0,0.0,0.0,0.0
4,46,5,1,0.05,0.10000000000000003,0.10000000000000003,0.04181224914785709,-0.04181224914785709,0.21390401665959952,0,0,0,0.0,0.0,0.0
4,46,5,1,0.08,0.15999999999999998,0.15999999999999998,0.06689959863657124,-0.06689959863657129,0.21390401665959952,0,0,0,0.0,0.0,0.0
4,46,5,1,0.12,0.24,0.24,0.10034939795485692,-0.10034939795485692,0.21390401665959952,0,0,0,0.0,0.0,0.0
4,46,5,1,0.16,0.32000000000000006,0.32000000000000006,0.13379919727314257,-0.13379919727314257,0.21390401665959952,0,0,0,0.0,0.0,0.0
4,46,5,1,0.2,0.39999999999999997,0.39999999999999997,0.16724899659142817,-0.16724899659142822,0.21390401665959952,0,0,0,0.0,0.0,0.0
4,46,5,1,0.25,0.5,0.5,0.20906124573928525,-0.20906124573928525,0.21390401665959952,0,0,0,0.0,0.0,0.0
4,46,5,1,0.3,0.6000000000000001,0.6000000000000001,0.25087349488714233,-0.2508734948871423,0.21390401665959952,0,1,0,0.0,0.0,0.0
4,46,5,1,0.35,0.7,0.7,0.2926857440349993,-0.2926857440349993,0.21390401665959952,0,1,0,0.0,0.0,0.0
5,47,0,0,0.02,0.04000000000000002,0.04000000000000002,-0.01628123078720595,0.01628123078720595,0.23640179237886316,1,0,0,0.0,0.0,0.0
5,47,0,0,0.05,0.10000000000000003,0.10000000000000005,-0.040703076968014874,0.040703076968014874,0.23640179237886316,1,0,0,0.0,0.0,0.0
5,47,0,0,0.08,0.15999999999999998,0.15999999999999998,-0.0651249231488237,0.0651249231488237,0.23640179237886316,1,0,0,0.0,0.0,0.0
5,47,0,0,0.12,0.16520438712091184,0.16520438712091184,-0.06724326884436196,0.06724326884436196,0.23640179237886316,1,0,0,0.0,0.0,0.0
5,47,0,0,0.16,0.16520438712091184,0.16520438712091184,-0.06724326884436196,0.06724326884436196,0.23640179237886316,1,0,0,0.0,0.0,0.0
5,47,0,0,0.2,0.16520438712091184,0.16520438712091184,-0.06724326884436196,0.06724326884436196,0.23640179237886316,1,0,0,0.0,0.0,0.0
5,47,0,0,0.25,0.16520438712091184,0.16520438712091184,-0.06724326884436196,0.06724326884436196,0.23640179237886316,1,0,0,0.0,0.0,0.0
5,47,0,0,0.3,0.16520438712091184,0.16520438712091184,-0.06724326884436196,0.06724326884436196,0.23640179237886316,1,0,0,0.0,0.0,0.0
5,47,0,0,0.35,0.16520438712091184,0.16520438712091184,-0.06724326884436196,0.06724326884436196,0.23640179237886316,1,0,0,0.0,0.0,0.0
5,47,0,1,0.02,0.04000000000000001,0.04000000000000001,0.011861398575944168,-0.011861398575944168,0.23640179237886316,0,0,0,0.0,0.0,0.0
5,47,0,1,0.05,0.10000000000000005,0.10000000000000003,0.02965349643986042,-0.02965349643986042,0.23640179237886316,0,0,0,0.0,0.0,0.0
5,47,0,1,0.08,0.15999999999999998,0.15999999999999998,0.04744559430377661,-0.04744559430377661,0.23640179237886316,0,0,0,0.0,0.0,0.0
5,47,0,1,0.12,0.24,0.24,0.07116839145566495,-0.07116839145566495,0.23640179237886316,0,0,0,0.0,0.0,0.0
5,47,0,1,0.16,0.29158868938451366,0.29158868938451366,0.08646624162567233,-0.08646624162567233,0.23640179237886316,0,0,0,0.0,0.0,0.0
5,47,0,1,0.2,0.29158868938451366,0.29158868938451366,0.08646624162567233,-0.08646624162567233,0.23640179237886316,0,0,0,0.0,0.0,0.0
5,47,0,1,0.25,0.29158868938451366,0.29158868938451366,0.08646624162567233,-0.08646624162567233,0.23640179237886316,0,0,0,0.0,0.0,0.0
5,47,0,1,0.3,0.29158868938451366,0.29158868938451366,0.08646624162567233,-0.08646624162567233,0.23640179237886316,0,0,0,0.0,0.0,0.0
5,47,0,1,0.35,0.29158868938451366,0.29158868938451366,0.08646624162567233,-0.08646624162567233,0.23640179237886316,0,0,0,0.0,0.0,0.0
5,47,1,0,0.02,0.04000000000000002,0.04000000000000002,-0.018414900118591586,0.018414900118591586,0.2304660211621974,1,0,0,0.0,0.0,0.0
5,47,1,0,0.05,0.10000000000000003,0.10000000000000005,-0.04603725029647896,0.04603725029647896,0.2304660211621974,1,0,0,0.0,0.0,0.0
5,47,1,0,0.08,0.15999999999999998,0.15999999999999998,-0.07365960047436623,0.07365960047436623,0.2304660211621974,1,0,0,0.0,0.0,0.0
5,47,1,0,0.12,0.16520438712091184,0.16520438712091184,-0.07605555719961819,0.07605555719961819,0.2304660211621974,1,0,0,0.0,0.0,0.0
5,47,1,0,0.16,0.16520438712091184,0.16520438712091184,-0.07605555719961819,0.07605555719961819,0.2304660211621974,1,0,0,0.0,0.0,0.0
5,47,1,0,0.2,0.16520438712091184,0.16520438712091184,-0.07605555719961819,0.07605555719961819,0.2304660211621974,1,0,0,0.0,0.0,0.0
5,47,1,0,0.25,0.16520438712091184,0.16520438712091184,-0.07605555719961819,0.07605555719961819,0.2304660211621974,1,0,0,0.0,0.0,0.0
5,47,1,0,0.3,0.16520438712091184,0.16520438712091184,-0.07605555719961819,0.07605555719961819,0.2304660211621974,1,0,0,0.0,0.0,0.0
5,47,1,0,0.35,0.16520438712091184,0.16520438712091184,-0.07605555719961819,0.07605555719961819,0.2304660211621974,1,0,0,0.0,0.0,0.0
5,47,1,1,0.02,0.040000000000000036,0.040000000000000036,0.018414900118591586,-0.018414900118591586,0.2304660211621974,0,0,0,0.0,0.0,0.0
5,47,1,1,0.05,0.10000000000000003,0.10000000000000003,0.04603725029647896,-0.04603725029647896,0.2304660211621974,0,0,0,0.0,0.0,0.0
5,47,1,1,0.08,0.15999999999999998,0.15999999999999998,0.07365960047436623,-0.07365960047436623,0.2304660211621974,0,0,0,0.0,0.0,0.0
5,47,1,1,0.12,0.24,0.24,0.1104894007115494,-0.1104894007115494,0.2304660211621974,0,0,0,0.0,0.0,0.0
5,47,1,1,0.16,0.32000000000000006,0.32000000000000006,0.14731920094873258,-0.14731920094873258,0.2304660211621974,0,0,0,0.0,0.0,0.0
5,47,1,1,0.2,0.39999999999999997,0.39999999999999997,0.18414900118591565,-0.18414900118591565,0.2304660211621974,0,0,0,0.0,0.0,0.0
5,47,1,1,0.25,0.5,0.5,0.2301862514823946,-0.2301862514823946,0.2304660211621974,0,0,0,0.0,0.0,0.0
5,47,1,1,0.3,0.5452043871209118,0.5452043871209118,0.25099710832623806,-0.250997108326238,0.2304660211621974,0,1,0,0.20621853346383234,0.0,0.20621853346383234
5,47,1,1,0.35,0.5452043871209118,0.5452043871209118,0.25099710832623806,-0.250997108326238,0.2304660211621974,0,1,0,0.20621853346383234,0.0,0.20621853346383234
5,47,3,0,0.02,0.04000000000000001,0.04000000000000001,-0.01453423345921894,0.01453423345921894,0.19243548790034543,1,0,0,0.0,0.0,0.0
5,47,3,0,0.05,0.10000000000000003,0.10000000000000005,-0.03633558364804735,0.03633558364804735,0.19243548790034543,1,0,0,0.0,0.0,0.0
5,47,3,0,0.08,0.15999999999999998,0.15999999999999998,-0.058136933836875675,0.058136933836875675,0.19243548790034543,1,0,0,0.0,0.0,0.0
5,47,3,0,0.12,0.24,0.24,-0.08720540075531355,0.08720540075531355,0.19243548790034543,1,0,0,0.0,0.0,0.0
5,47,3,0,0.16,0.29158868938451366,0.29158868938451366,-0.10595045213955483,0.10595045213955483,0.19243548790034543,1,0,0,0.0,0.0,0.0
5,47,3,0,0.2,0.29158868938451366,0.29158868938451366,-0.10595045213955483,0.10595045213955483,0.19243548790034543,1,0,0,0.0,0.0,0.0
5,47,3,0,0.25,0.29158868938451366,0.29158868938451366,-0.10595045213955483,0.10595045213955483,0.19243548790034543,1,0,0,0.0,0.0,0.0
5,47,3,0,0.3,0.29158868938451366,0.29158868938451366,-0.10595045213955483,0.10595045213955483,0.19243548790034543,1,0,0,0.0,0.0,0.0
5,47,3,0,0.35,0.29158868938451366,0.29158868938451366,-0.10595045213955483,0.10595045213955483,0.19243548790034543,1,0,0,0.0,0.0,0.0
5,47,3,1,0.02,0.040000000000000036,0.040000000000000036,0.01453423345921894,-0.01453423345921894,0.19243548790034543,0,0,0,0.0,0.0,0.0
5,47,3,1,0.05,0.10000000000000003,0.10000000000000003,0.03633558364804735,-0.03633558364804735,0.19243548790034543,0,0,0,0.0,0.0,0.0
5,47,3,1,0.08,0.15999999999999998,0.15999999999999998,0.058136933836875675,-0.058136933836875675,0.19243548790034543,0,0,0,0.0,0.0,0.0
5,47,3,1,0.12,0.24,0.24,0.08720540075531355,-0.08720540075531355,0.19243548790034543,0,0,0,0.0,0.0,0.0
5,47,3,1,0.16,0.32000000000000006,0.32000000000000006,0.11627386767375143,-0.11627386767375143,0.19243548790034543,0,0,0,0.0,0.0,0.0
5,47,3,1,0.2,0.39999999999999997,0.39999999999999997,0.14534233459218923,-0.14534233459218926,0.19243548790034543,0,0,0,0.0,0.0,0.0
5,47,3,1,0.25,0.5,0.5,0.18167791824023657,-0.18167791824023657,0.19243548790034543,0,0,0,0.0,0.0,0.0
5,47,3,1,0.3,0.6000000000000001,0.6000000000000001,0.21801350188828392,-0.2180135018882839,0.19243548790034543,0,1,0,0.0,0.0,0.0
5,47,3,1,0.35,0.6715886893845138,0.6715886893845138,0.24402567000213465,-0.24402567000213463,0.19243548790034543,0,1,0,0.0,0.0,0.0
6,48,0,0,0.02,0.04000000000000001,0.04000000000000002,-0.017196322471860134,0.017196322471860134,0.19605056420680322,1,0,0,0.0,0.0,0.0
6,48,0,0,0.05,0.10000000000000003,0.10000000000000005,-0.042990806179650336,0.042990806179650336,0.19605056420680322,1,0,0,0.0,0.0,0.0
6,48,0,0,0.08,0.15999999999999998,0.15999999999999998,-0.06878528988744044,0.06878528988744044,0.19605056420680322,1,0,0,0.0,0.0,0.0
6,48,0,0,0.12,0.21020455534163812,0.21020455534163812,-0.09036863296771937,0.09036863296771937,0.19605056420680322,1,0,0,0.0,0.0,0.0
6,48,0,0,0.16,0.21020455534163812,0.21020455534163812,-0.09036863296771937,0.09036863296771937,0.19605056420680322,1,0,0,0.0,0.0,0.0
6,48,0,0,0.2,0.21020455534163812,0.21020455534163812,-0.09036863296771937,0.09036863296771937,0.19605056420680322,1,0,0,0.0,0.0,0.0
6,48,0,0,0.25,0.21020455534163812,0.21020455534163812,-0.09036863296771937,0.09036863296771937,0.19605056420680322,1,0,0,0.0,0.0,0.0
6,48,0,0,0.3,0.21020455534163812,0.21020455534163812,-0.09036863296771937,0.09036863296771937,0.19605056420680322,1,0,0,0.0,0.0,0.0
6,48,0,0,0.35,0.21020455534163812,0.21020455534163812,-0.09036863296771937,0.09036863296771937,0.19605056420680322,1,0,0,0.0,0.0,0.0
6,48,0,1,0.02,0.04000000000000001,0.04000000000000001,0.013651144469228263,-0.013651144469228263,0.19605056420680322,0,0,0,0.0,0.0,0.0
6,48,0,1,0.05,0.10000000000000003,0.10000000000000003,0.03412786117307066,-0.03412786117307066,0.19605056420680322,0,0,0,0.0,0.0,0.0
6,48,0,1,0.08,0.15999999999999998,0.15999999999999998,0.05460457787691298,-0.05460457787691298,0.19605056420680322,0,0,0,0.0,0.0,0.0
6,48,0,1,0.12,0.24,0.24,0.0819068668153695,-0.0819068668153695,0.19605056420680322,0,0,0,0.0,0.0,0.0
6,48,0,1,0.16,0.32000000000000006,0.32000000000000006,0.10920915575382603,-0.10920915575382603,0.19605056420680322,0,0,0,0.0,0.0,0.0
6,48,0,1,0.2,0.34582665890190006,0.34582665890190006,0.11802324204950897,-0.11802324204950897,0.19605056420680322,0,0,0,0.0,0.0,0.0
6,48,0,1,0.25,0.34582665890190006,0.34582665890190006,0.11802324204950897,-0.11802324204950897,0.19605056420680322,0,0,0,0.0,0.0,0.0
6,48,0,1,0.3,0.34582665890190006,0.34582665890190006,0.11802324204950897,-0.11802324204950897,0.19605056420680322,0,0,0,0.0,0.0,0.0
6,48,0,1,0.35,0.34582665890190006,0.34582665890190006,0.11802324204950897,-0.11802324204950897,0.19605056420680322,0,0,0,0.0,0.0,0.0
6,48,1,0,0.02,0.04000000000000001,0.04000000000000002,-0.02077796761602963,0.02077796761602963,0.24739069235228128,1,0,0,0.0,0.0,0.0
6,48,1,0,0.05,0.10000000000000003,0.10000000000000005,-0.05194491904007408,0.05194491904007408,0.24739069235228128,1,0,0,0.0,0.0,0.0
6,48,1,0,0.08,0.15999999999999998,0.15999999999999998,-0.08311187046411841,0.08311187046411841,0.24739069235228128,1,0,0,0.0,0.0,0.0
6,48,1,0,0.12,0.21020455534163812,0.21020455534163812,-0.10919058609076152,0.10919058609076152,0.24739069235228128,1,0,0,0.0,0.0,0.0
6,48,1,0,0.16,0.21020455534163812,0.21020455534163812,-0.10919058609076152,0.10919058609076152,0.24739069235228128,1,0,0,0.0,0.0,0.0
6,48,1,0,0.2,0.21020455534163812,0.21020455534163812,-0.10919058609076152,0.10919058609076152,0.24739069235228128,1,0,0,0.0,0.0,0.0
6,48,1,0,0.25,0.21020455534163812,0.21020455534163812,-0.10919058609076152,0.10919058609076152,0.24739069235228128,1,0,0,0.0,0.0,0.0
6,48,1,0,0.3,0.21020455534163812,0.21020455534163812,-0.10919058609076152,0.10919058609076152,0.24739069235228128,1,0,0,0.0,0.0,0.0
6,48,1,0,0.35,0.21020455534163812,0.21020455534163812,-0.10919058609076152,0.10919058609076152,0.24739069235228128,1,0,0,0.0,0.0,0.0
6,48,1,1,0.02,0.040000000000000036,0.040000000000000036,0.02077796761602963,-0.02077796761602963,0.24739069235228128,0,0,0,0.0,0.0,0.0
6,48,1,1,0.05,0.10000000000000003,0.10000000000000003,0.05194491904007408,-0.05194491904007408,0.24739069235228128,0,0,0,0.0,0.0,0.0
6,48,1,1,0.08,0.15999999999999998,0.15999999999999998,0.08311187046411841,-0.08311187046411841,0.24739069235228128,0,0,0,0.0,0.0,0.0
6,48,1,1,0.12,0.24,0.24,0.12466780569617768,-0.12466780569617768,0.24739069235228128,0,0,0,0.0,0.0,0.0
6,48,1,1,0.16,0.32000000000000006,0.32000000000000006,0.16622374092823694,-0.16622374092823694,0.24739069235228128,0,0,0,0.0,0.0,0.0
6,48,1,1,0.2,0.39999999999999997,0.39999999999999997,0.20777967616029608,-0.20777967616029613,0.24739069235228128,0,0,0,0.0,0.0,0.0
6,48,1,1,0.25,0.5,0.5,0.25972459520037017,-0.25972459520037017,0.24739069235228128,0,0,0,0.0,0.0,0.0
6,48,1,1,0.3,0.590204555341638,0.590204555341638,0.3065812784430428,-0.30658127844304284,0.24739069235228128,0,1,0,0.20901983249388156,0.0,0.20901983249388156
6,48,1,1,0.35,0.590204555341638,0.590204555341638,0.3065812784430428,-0.30658127844304284,0.24739069235228128,0,1,0,0.20901983249388156,0.0,0.20901983249388156
6,48,3,0,0.02,0.04000000000000001,0.04000000000000001,-0.018028979316917423,0.018028979316917423,0.2212753035107154,1,0,0,0.0,0.0,0.0
6,48,3,0,0.05,0.10000000000000003,0.10000000000000003,-0.04507244829229356,0.04507244829229356,0.2212753035107154,1,0,0,0.0,0.0,0.0
6,48,3,0,0.08,0.15999999999999998,0.15999999999999998,-0.0721159172676696,0.0721159172676696,0.2212753035107154,1,0,0,0.0,0.0,0.0
6,48,3,0,0.12,0.24,0.24,-0.10817387590150444,0.10817387590150444,0.2212753035107154,1,0,0,0.0,0.0,0.0
6,48,3,0,0.16,0.32000000000000006,0.32000000000000006,-0.1442318345353393,0.1442318345353393,0.2212753035107154,1,0,0,0.0,0.0,0.0
6,48,3,0,0.2,0.34582665890190006,0.34582665890190006,-0.15587254201452522,0.15587254201452522,0.2212753035107154,1,0,0,0.0,0.0,0.0
6,48,3,0,0.25,0.34582665890190006,0.34582665890190006,-0.15587254201452522,0.15587254201452522,0.2212753035107154,1,0,0,0.0,0.0,0.0
6,48,3,0,0.3,0.34582665890190006,0.34582665890190006,-0.15587254201452522,0.15587254201452522,0.2212753035107154,1,0,0,0.0,0.0,0.0
6,48,3,0,0.35,0.34582665890190006,0.34582665890190006,-0.15587254201452522,0.15587254201452522,0.2212753035107154,1,0,0,0.0,0.0,0.0
6,48,3,1,0.02,0.040000000000000036,0.040000000000000036,0.018028979316917423,-0.018028979316917423,0.2212753035107154,0,0,0,0.0,0.0,0.0
6,48,3,1,0.05,0.10000000000000003,0.10000000000000003,0.04507244829229356,-0.04507244829229356,0.2212753035107154,0,0,0,0.0,0.0,0.0
6,48,3,1,0.08,0.15999999999999998,0.15999999999999998,0.0721159172676696,-0.0721159172676696,0.2212753035107154,0,0,0,0.0,0.0,0.0
6,48,3,1,0.12,0.24,0.24,0.10817387590150444,-0.10817387590150444,0.2212753035107154,0,0,0,0.0,0.0,0.0
6,48,3,1,0.16,0.32000000000000006,0.32000000000000006,0.1442318345353393,-0.1442318345353393,0.2212753035107154,0,0,0,0.0,0.0,0.0
6,48,3,1,0.2,0.39999999999999997,0.39999999999999997,0.18028979316917404,-0.1802897931691741,0.2212753035107154,0,0,0,0.0,0.0,0.0
6,48,3,1,0.25,0.5,0.5,0.2253622414614676,-0.2253622414614676,0.2212753035107154,0,0,0,0.0,0.0,0.0
6,48,3,1,0.3,0.6000000000000001,0.6000000000000001,0.27043468975376117,-0.2704346897537611,0.2212753035107154,0,1,0,0.0,0.0,0.0
6,48,3,1,0.35,0.7,0.7,0.3155071380460546,-0.3155071380460546,0.2212753035107154,0,1,0,0.0,0.0,0.0
7,49,0,0,0.02,0.04000000000000001,0.04000000000000002,-0.01720446617569765,0.01720446617569765,0.1795858943399895,1,0,0,0.0,0.0,0.0
7,49,0,0,0.05,0.10000000000000003,0.10000000000000005,-0.043011165439244124,0.043011165439244124,0.1795858943399895,1,0,0,0.0,0.0,0.0
7,49,0,0,0.08,0.15999999999999998,0.15999999999999998,-0.0688178647027905,0.0688178647027905,0.1795858943399895,1,0,0,0.0,0.0,0.0
7,49,0,0,0.12,0.21093308085162635,0.21093308085162635,-0.09072477637118749,0.09072477637118749,0.1795858943399895,1,0,0,0.0,0.0,0.0
7,49,0,0,0.16,0.21093308085162635,0.21093308085162635,-0.09072477637118749,0.09072477637118749,0.1795858943399895,1,0,0,0.0,0.0,0.0
7,49,0,0,0.2,0.21093308085162635,0.21093308085162635,-0.09072477637118749,0.09072477637118749,0.1795858943399895,1,0,0,0.0,0.0,0.0
7,49,0,0,0.25,0.21093308085162635,0.21093308085162635,-0.09072477637118749,0.09072477637118749,0.1795858943399895,1,0,0,0.0,0.0,0.0
7,49,0,0,0.3,0.21093308085162635,0.21093308085162635,-0.09072477637118749,0.09072477637118749,0.1795858943399895,1,0,0,0.0,0.0,0.0
7,49,0,0,0.35,0.21093308085162635,0.21093308085162635,-0.09072477637118749,0.09072477637118749,0.1795858943399895,1,0,0,0.0,0.0,0.0
7,49,0,1,0.02,0.04000000000000001,0.04000000000000001,0.01387549736793504,-0.01387549736793504,0.1795858943399895,0,0,0,0.0,0.0,0.0
7,49,0,1,0.05,0.10000000000000005,0.10000000000000003,0.0346887434198376,-0.0346887434198376,0.1795858943399895,0,0,0,0.0,0.0,0.0
7,49,0,1,0.08,0.15999999999999998,0.15999999999999998,0.055501989471740086,-0.055501989471740086,0.1795858943399895,0,0,0,0.0,0.0,0.0
7,49,0,1,0.12,0.24,0.24,0.08325298420761017,-0.08325298420761017,0.1795858943399895,0,0,0,0.0,0.0,0.0
7,49,0,1,0.16,0.32000000000000006,0.32000000000000006,0.11100397894348024,-0.11100397894348024,0.1795858943399895,0,0,0,0.0,0.0,0.0
7,49,0,1,0.2,0.3234036211248219,0.3234036211248219,0.11218465234245309,-0.11218465234245309,0.1795858943399895,0,0,0,0.0,0.0,0.0
7,49,0,1,0.25,0.3234036211248219,0.3234036211248219,0.11218465234245309,-0.11218465234245309,0.1795858943399895,0,0,0,0.0,0.0,0.0
7,49,0,1,0.3,0.3234036211248219,0.3234036211248219,0.11218465234245309,-0.11218465234245309,0.1795858943399895,0,0,0,0.0,0.0,0.0
7,49,0,1,0.35,0.3234036211248219,0.3234036211248219,0.11218465234245309,-0.11218465234245309,0.1795858943399895,0,0,0,0.0,0.0,0.0
7,49,1,0,0.02,0.04000000000000001,0.04000000000000002,-0.020494797142706474,0.020494797142706474,0.24470057285571134,1,0,0,0.0,0.0,0.0
7,49,1,0,0.05,0.10000000000000003,0.10000000000000005,-0.05123699285676619,0.05123699285676619,0.24470057285571134,1,0,0,0.0,0.0,0.0
7,49,1,0,0.08,0.15999999999999998,0.15999999999999998,-0.08197918857082578,0.08197918857082578,0.24470057285571134,1,0,0,0.0,0.0,0.0
7,49,1,0,0.12,0.21093308085162635,0.21093308085162635,-0.10807576756850452,0.10807576756850452,0.24470057285571134,1,0,0,0.0,0.0,0.0
7,49,1,0,0.16,0.21093308085162635,0.21093308085162635,-0.10807576756850452,0.10807576756850452,0.24470057285571134,1,0,0,0.0,0.0,0.0
7,49,1,0,0.2,0.21093308085162635,0.21093308085162635,-0.10807576756850452,0.10807576756850452,0.24470057285571134,1,0,0,0.0,0.0,0.0
7,49,1,0,0.25,0.21093308085162635,0.21093308085162635,-0.10807576756850452,0.10807576756850452,0.24470057285571134,1,0,0,0.0,0.0,0.0
7,49,1,0,0.3,0.21093308085162635,0.21093308085162635,-0.10807576756850452,0.10807576756850452,0.24470057285571134,1,0,0,0.0,0.0,0.0
7,49,1,0,0.35,0.21093308085162635,0.21093308085162635,-0.10807576756850452,0.10807576756850452,0.24470057285571134,1,0,0,0.0,0.0,0.0
7,49,1,1,0.02,0.040000000000000036,0.040000000000000036,0.020494797142706474,-0.020494797142706474,0.24470057285571134,0,0,0,0.0,0.0,0.0
7,49,1,1,0.05,0.10000000000000003,0.10000000000000003,0.05123699285676619,-0.05123699285676619,0.24470057285571134,0,0,0,0.0,0.0,0.0
7,49,1,1,0.08,0.15999999999999998,0.15999999999999998,0.08197918857082578,-0.08197918857082578,0.24470057285571134,0,0,0,0.0,0.0,0.0
7,49,1,1,0.12,0.24,0.24,0.12296878285623873,-0.12296878285623873,0.24470057285571134,0,0,0,0.0,0.0,0.0
7,49,1,1,0.16,0.32000000000000006,0.32000000000000006,0.16395837714165168,-0.16395837714165168,0.24470057285571134,0,0,0,0.0,0.0,0.0
7,49,1,1,0.2,0.39999999999999997,0.39999999999999997,0.2049479714270645,-0.20494797142706456,0.24470057285571134,0,0,0,0.0,0.0,0.0
7,49,1,1,0.25,0.5,0.5,0.2561849642838307,-0.2561849642838307,0.24470057285571134,0,0,0,0.0,0.0,0.0
7,49,1,1,0.3,0.5909330808516264,0.5909330808516264,0.3027763404242159,-0.302776340424216,0.24470057285571134,0,1,0,0.20665782135361932,0.0,0.20665782135361932
7,49,1,1,0.35,0.5909330808516264,0.5909330808516264,0.3027763404242159,-0.302776340424216,0.24470057285571134,0,1,0,0.20665782135361932,0.0,0.20665782135361932
7,49,3,0,0.02,0.04000000000000001,0.04000000000000001,-0.017733864308900883,0.017733864308900883,0.21847171093455825,1,0,0,0.0,0.0,0.0
7,49,3,0,0.05,0.10000000000000003,0.10000000000000005,-0.04433466077225221,0.04433466077225221,0.21847171093455825,1,0,0,0.0,0.0,0.0
7,49,3,0,0.08,0.15999999999999998,0.15999999999999998,-0.07093545723560343,0.07093545723560343,0.21847171093455825,1,0,0,0.0,0.0,0.0
7,49,3,0,0.12,0.24,0.24,-0.1064031858534052,0.1064031858534052,0.21847171093455825,1,0,0,0.0,0.0,0.0
7,49,3,0,0.16,0.32000000000000006,0.32000000000000006,-0.14187091447120698,0.14187091447120698,0.21847171093455825,1,0,0,0.0,0.0,0.0
7,49,3,0,0.2,0.3234036211248219,0.3234036211248219,-0.14337989835086945,0.14337989835086945,0.21847171093455825,1,0,0,0.0,0.0,0.0
7,49,3,0,0.25,0.3234036211248219,0.3234036211248219,-0.14337989835086945,0.14337989835086945,0.21847171093455825,1,0,0,0.0,0.0,0.0
7,49,3,0,0.3,0.3234036211248219,0.3234036211248219,-0.14337989835086945,0.14337989835086945,0.21847171093455825,1,0,0,0.0,0.0,0.0
7,49,3,0,0.35,0.3234036211248219,0.3234036211248219,-0.14337989835086945,0.14337989835086945,0.21847171093455825,1,0,0,0.0,0.0,0.0
7,49,3,1,0.02,0.040000000000000036,0.040000000000000036,0.017733864308900883,-0.017733864308900883,0.21847171093455825,0,0,0,0.0,0.0,0.0
7,49,3,1,0.05,0.10000000000000003,0.10000000000000003,0.04433466077225221,-0.04433466077225221,0.21847171093455825,0,0,0,0.0,0.0,0.0
7,49,3,1,0.08,0.15999999999999998,0.15999999999999998,0.07093545723560343,-0.07093545723560343,0.21847171093455825,0,0,0,0.0,0.0,0.0
7,49,3,1,0.12,0.24,0.24,0.1064031858534052,-0.1064031858534052,0.21847171093455825,0,0,0,0.0,0.0,0.0
7,49,3,1,0.16,0.32000000000000006,0.32000000000000006,0.14187091447120698,-0.14187091447120698,0.21847171093455825,0,0,0,0.0,0.0,0.0
7,49,3,1,0.2,0.39999999999999997,0.39999999999999997,0.17733864308900865,-0.1773386430890087,0.21847171093455825,0,0,0,0.0,0.0,0.0
7,49,3,1,0.25,0.5,0.5,0.22167330386126086,-0.22167330386126086,0.21847171093455825,0,0,0,0.0,0.0,0.0
7,49,3,1,0.3,0.6000000000000001,0.6000000000000001,0.26600796463351306,-0.266007964633513,0.21847171093455825,0,1,0,0.0,0.0,0.0
7,49,3,1,0.35,0.7,0.7,0.3103426254057652,-0.3103426254057652,0.21847171093455825,0,1,0,0.0,0.0,0.0
8,50,0,0,0.02,0.04000000000000002,0.04000000000000002,-0.017432345770543138,0.017432345770543138,0.23408524319585944,1,0,0,0.0,0.0,0.0
8,50,0,0,0.05,0.10000000000000005,0.10000000000000005,-0.04358086442635785,0.04358086442635785,0.23408524319585944,1,0,0,0.0,0.0,0.0
8,50,0,0,0.08,0.14240423964367893,0.14240423964367893,-0.062060998616497366,0.062060998616497366,0.23408524319585944,1,0,0,0.0,0.0,0.0
8,50,0,0,0.12,0.14240423964367893,0.14240423964367893,-0.062060998616497366,0.062060998616497366,0.23408524319585944,1,0,0,0.0,0.0,0.0
8,50,0,0,0.16,0.14240423964367893,0.14240423964367893,-0.062060998616497366,0.062060998616497366,0.23408524319585944,1,0,0,0.0,0.0,0.0
8,50,0,0,0.2,0.14240423964367893,0.14240423964367893,-0.062060998616497366,0.062060998616497366,0.23408524319585944,1,0,0,0.0,0.0,0.0
8,50,0,0,0.25,0.14240423964367893,0.14240423964367893,-0.062060998616497366,0.062060998616497366,0.23408524319585944,1,0,0,0.0,0.0,0.0
8,50,0,0,0.3,0.14240423964367893,0.14240423964367893,-0.062060998616497366,0.062060998616497366,0.23408524319585944,1,0,0,0.0,0.0,0.0
8,50,0,0,0.35,0.14240423964367893,0.14240423964367893,-0.062060998616497366,0.062060998616497366,0.23408524319585944,1,0,0,0.0,0.0,0.0
8,50,0,1,0.02,0.04000000000000001,0.04000000000000001,0.013347151673394297,-0.013347151673394297,0.23408524319585944,0,0,0,0.0,0.0,0.0
8,50,0,1,0.05,0.10000000000000005,0.10000000000000003,0.03336787918348574,-0.03336787918348574,0.23408524319585944,0,0,0,0.0,0.0,0.0
8,50,0,1,0.08,0.15999999999999998,0.15999999999999998,0.05338860669357711,-0.05338860669357711,0.23408524319585944,0,0,0,0.0,0.0,0.0
8,50,0,1,0.12,0.24,0.24,0.0800829100403657,-0.0800829100403657,0.23408524319585944,0,0,0,0.0,0.0,0.0
8,50,0,1,0.16,0.2845060870786816,0.2845060870786816,0.0949336474060771,-0.0949336474060771,0.23408524319585944,0,0,0,0.0,0.0,0.0
8,50,0,1,0.2,0.2845060870786816,0.2845060870786816,0.0949336474060771,-0.0949336474060771,0.23408524319585944,0,0,0,0.0,0.0,0.0
8,50,0,1,0.25,0.2845060870786816,0.2845060870786816,0.0949336474060771,-0.0949336474060771,0.23408524319585944,0,0,0,0.0,0.0,0.0
8,50,0,1,0.3,0.2845060870786816,0.2845060870786816,0.0949336474060771,-0.0949336474060771,0.23408524319585944,0,0,0,0.0,0.0,0.0
8,50,0,1,0.35,0.2845060870786816,0.2845060870786816,0.0949336474060771,-0.0949336474060771,0.23408524319585944,0,0,0,0.0,0.0,0.0
8,50,1,0,0.02,0.04000000000000002,0.04000000000000002,-0.019553730802043815,0.019553730802043815,0.24162656186002918,1,0,0,0.0,0.0,0.0
8,50,1,0,0.05,0.10000000000000005,0.10000000000000005,-0.048884327005109536,0.048884327005109536,0.24162656186002918,1,0,0,0.0,0.0,0.0
8,50,1,0,0.08,0.14240423964367893,0.14240423964367893,-0.06961335417655574,0.06961335417655574,0.24162656186002918,1,0,0,0.0,0.0,0.0
8,50,1,0,0.12,0.14240423964367893,0.14240423964367893,-0.06961335417655574,0.06961335417655574,0.24162656186002918,1,0,0,0.0,0.0,0.0
8,50,1,0,0.16,0.14240423964367893,0.14240423964367893,-0.06961335417655574,0.06961335417655574,0.24162656186002918,1,0,0,0.0,0.0,0.0
8,50,1,0,0.2,0.14240423964367893,0.14240423964367893,-0.06961335417655574,0.06961335417655574,0.24162656186002918,1,0,0,0.0,0.0,0.0
8,50,1,0,0.25,0.14240423964367893,0.14240423964367893,-0.06961335417655574,0.06961335417655574,0.24162656186002918,1,0,0,0.0,0.0,0.0
8,50,1,0,0.3,0.14240423964367893,0.14240423964367893,-0.06961335417655574,0.06961335417655574,0.24162656186002918,1,0,0,0.0,0.0,0.0
8,50,1,0,0.35,0.14240423964367893,0.14240423964367893,-0.06961335417655574,0.06961335417655574,0.24162656186002918,1,0,0,0.0,0.0,0.0
8,50,1,1,0.02,0.040000000000000036,0.040000000000000036,0.019553730802043815,-0.019553730802043815,0.24162656186002918,0,0,0,0.0,0.0,0.0
8,50,1,1,0.05,0.10000000000000003,0.10000000000000003,0.048884327005109536,-0.048884327005109536,0.24162656186002918,0,0,0,0.0,0.0,0.0
8,50,1,1,0.08,0.15999999999999998,0.15999999999999998,0.07821492320817515,-0.07821492320817515,0.24162656186002918,0,0,0,0.0,0.0,0.0
8,50,1,1,0.12,0.24,0.24,0.11732238481226277,-0.11732238481226277,0.24162656186002918,0,0,0,0.0,0.0,0.0
8,50,1,1,0.16,0.32000000000000006,0.32000000000000006,0.1564298464163504,-0.1564298464163504,0.24162656186002918,0,0,0,0.0,0.0,0.0
8,50,1,1,0.2,0.39999999999999997,0.39999999999999997,0.19553730802043792,-0.19553730802043792,0.24162656186002918,0,0,0,0.0,0.0,0.0
8,50,1,1,0.25,0.5,0.5,0.24442163502554745,-0.24442163502554745,0.24162656186002918,0,0,0,0.0,0.0,0.0
8,50,1,1,0.3,0.522404239643679,0.522404239643679,0.2553737967959719,-0.25537379679597194,0.24162656186002918,0,1,0,0.21904641278966763,0.0,0.21904641278966763
8,50,1,1,0.35,0.522404239643679,0.522404239643679,0.2553737967959719,-0.25537379679597194,0.24162656186002918,0,1,0,0.21904641278966763,0.0,0.21904641278966763
8,50,2,0,0.02,0.04000000000000002,0.04000000000000002,-0.02189379638456047,0.02189379638456047,0.26455920456869253,1,0,0,0.0,0.0,0.0
8,50,2,0,0.05,0.10000000000000005,0.10000000000000005,-0.05473449096140118,0.05473449096140118,0.26455920456869253,1,0,0,0.0,0.0,0.0
8,50,2,0,0.08,0.14240423964367893,0.14240423964367893,-0.07794423567642142,0.07794423567642142,0.26455920456869253,1,0,0,0.0,0.0,0.0
8,50,2,0,0.12,0.14240423964367893,0.14240423964367893,-0.07794423567642142,0.07794423567642142,0.26455920456869253,1,0,0,0.0,0.0,0.0
8,50,2,0,0.16,0.14240423964367893,0.14240423964367893,-0.07794423567642142,0.07794423567642142,0.26455920456869253,1,0,0,0.0,0.0,0.0
8,50,2,0,0.2,0.14240423964367893,0.14240423964367893,-0.07794423567642142,0.07794423567642142,0.26455920456869253,1,0,0,0.0,0.0,0.0
8,50,2,0,0.25,0.14240423964367893,0.14240423964367893,-0.07794423567642142,0.07794423567642142,0.26455920456869253,1,0,0,0.0,0.0,0.0
8,50,2,0,0.3,0.14240423964367893,0.14240423964367893,-0.07794423567642142,0.07794423567642142,0.26455920456869253,1,0,0,0.0,0.0,0.0
8,50,2,0,0.35,0.14240423964367893,0.14240423964367893,-0.07794423567642142,0.07794423567642142,0.26455920456869253,1,0,0,0.0,0.0,0.0
8,50,2,1,0.02,0.040000000000000036,0.040000000000000036,0.02189379638456047,-0.02189379638456047,0.26455920456869253,0,0,0,0.0,0.0,0.0
8,50,2,1,0.05,0.10000000000000003,0.10000000000000003,0.05473449096140118,-0.05473449096140118,0.26455920456869253,0,0,0,0.0,0.0,0.0
8,50,2,1,0.08,0.15999999999999998,0.15999999999999998,0.08757518553824176,-0.08757518553824176,0.26455920456869253,0,0,0,0.0,0.0,0.0
8,50,2,1,0.12,0.24,0.24,0.1313627783073627,-0.1313627783073627,0.26455920456869253,0,0,0,0.0,0.0,0.0
8,50,2,1,0.16,0.32000000000000006,0.32000000000000006,0.17515037107648365,-0.17515037107648365,0.26455920456869253,0,0,0,0.0,0.0,0.0
8,50,2,1,0.2,0.39999999999999997,0.39999999999999997,0.21893796384560446,-0.21893796384560446,0.26455920456869253,0,0,0,0.0,0.0,0.0
8,50,2,1,0.25,0.5,0.5,0.27367245480700564,-0.27367245480700564,0.26455920456869253,0,1,0,0.21742316742128032,0.0,0.21742316742128032
8,50,2,1,0.3,0.522404239643679,0.522404239643679,0.28593530132974576,-0.2859353013297458,0.26455920456869253,0,1,0,0.21742316742128032,0.0,0.21742316742128032
8,50,2,1,0.35,0.522404239643679,0.522404239643679,0.28593530132974576,-0.2859353013297458,0.26455920456869253,0,1,0,0.21742316742128032,0.0,0.21742316742128032
8,50,4,0,0.02,0.04000000000000001,0.04000000000000001,-0.0163710180987396,0.0163710180987396,0.21043597736764785,1,0,0,0.0,0.0,0.0
8,50,4,0,0.05,0.10000000000000003,0.10000000000000005,-0.040927545246849,0.040927545246849,0.21043597736764785,1,0,0,0.0,0.0,0.0
8,50,4,0,0.08,0.15999999999999998,0.15999999999999998,-0.06548407239495832,0.06548407239495832,0.21043597736764785,1,0,0,0.0,0.0,0.0
8,50,4,0,0.12,0.24,0.24,-0.09822610859243752,0.09822610859243752,0.21043597736764785,1,0,0,0.0,0.0,0.0
8,50,4,0,0.16,0.2845060870786816,0.2845060870786816,-0.1164413575191669,0.1164413575191669,0.21043597736764785,1,0,0,0.0,0.0,0.0
8,50,4,0,0.2,0.2845060870786816,0.2845060870786816,-0.1164413575191669,0.1164413575191669,0.21043597736764785,1,0,0,0.0,0.0,0.0
8,50,4,0,0.25,0.2845060870786816,0.2845060870786816,-0.1164413575191669,0.1164413575191669,0.21043597736764785,1,0,0,0.0,0.0,0.0
8,50,4,0,0.3,0.2845060870786816,0.2845060870786816,-0.1164413575191669,0.1164413575191669,0.21043597736764785,1,0,0,0.0,0.0,0.0
8,50,4,0,0.35,0.2845060870786816,0.2845060870786816,-0.1164413575191669,0.1164413575191669,0.21043597736764785,1,0,0,0.0,0.0,0.0
8,50,4,1,0.02,0.040000000000000036,0.040000000000000036,0.0163710180987396,-0.0163710180987396,0.21043597736764785,0,0,0,0.0,0.0,0.0
8,50,4,1,0.05,0.10000000000000003,0.10000000000000003,0.040927545246849,-0.040927545246849,0.21043597736764785,0,0,0,0.0,0.0,0.0
8,50,4,1,0.08,0.15999999999999998,0.15999999999999998,0.06548407239495832,-0.06548407239495832,0.21043597736764785,0,0,0,0.0,0.0,0.0
8,50,4,1,0.12,0.24,0.24,0.09822610859243752,-0.09822610859243752,0.21043597736764785,0,0,0,0.0,0.0,0.0
8,50,4,1,0.16,0.32000000000000006,0.32000000000000006,0.13096814478991672,-0.13096814478991672,0.21043597736764785,0,0,0,0.0,0.0,0.0
8,50,4,1,0.2,0.39999999999999997,0.39999999999999997,0.16371018098739584,-0.16371018098739587,0.21043597736764785,0,0,0,0.0,0.0,0.0
8,50,4,1,0.25,0.5,0.5,0.20463772623424484,-0.20463772623424484,0.21043597736764785,0,0,0,0.0,0.0,0.0
8,50,4,1,0.3,0.6000000000000001,0.6000000000000001,0.24556527148109383,-0.2455652714810938,0.21043597736764785,0,1,0,0.0,0.0,0.0
8,50,4,1,0.35,0.6645060870786814,0.6645060870786814,0.27196602945719295,-0.271966029457193,0.21043597736764785,0,1,0,0.0,0.0,0.0
8,50,5,0,0.02,0.04000000000000001,0.04000000000000001,-0.020000000000000018,0.020000000000000018,0.24599999999999989,1,0,0,0.0,0.0,0.0
8,50,5,0,0.05,0.10000000000000003,0.10000000000000005,-0.050000000000000044,0.050000000000000044,0.24599999999999989,1,0,0,0.0,0.0,0.0
8,50,5,0,0.08,0.15999999999999998,0.15999999999999998,-0.07999999999999996,0.07999999999999996,0.24599999999999989,1,0,0,0.0,0.0,0.0
8,50,5,0,0.12,0.24,0.24,-0.12,0.12,0.24599999999999989,1,0,0,0.0,0.0,0.0
8,50,5,0,0.16,0.2845060870786816,0.2845060870786816,-0.14225304353934076,0.14225304353934076,0.24599999999999989,1,0,0,0.0,0.0,0.0
8,50,5,0,0.2,0.2845060870786816,0.2845060870786816,-0.14225304353934076,0.14225304353934076,0.24599999999999989,1,0,0,0.0,0.0,0.0
8,50,5,0,0.25,0.2845060870786816,0.2845060870786816,-0.14225304353934076,0.14225304353934076,0.24599999999999989,1,0,0,0.0,0.0,0.0
8,50,5,0,0.3,0.2845060870786816,0.2845060870786816,-0.14225304353934076,0.14225304353934076,0.24599999999999989,1,0,0,0.0,0.0,0.0
8,50,5,0,0.35,0.2845060870786816,0.2845060870786816,-0.14225304353934076,0.14225304353934076,0.24599999999999989,1,0,0,0.0,0.0,0.0
8,50,5,1,0.02,0.040000000000000036,0.040000000000000036,0.020000000000000018,-0.020000000000000018,0.24599999999999989,0,0,0,0.0,0.0,0.0
8,50,5,1,0.05,0.10000000000000003,0.10000000000000003,0.050000000000000044,-0.050000000000000044,0.24599999999999989,0,0,0,0.0,0.0,0.0
8,50,5,1,0.08,0.15999999999999998,0.15999999999999998,0.07999999999999996,-0.07999999999999996,0.24599999999999989,0,0,0,0.0,0.0,0.0
8,50,5,1,0.12,0.24,0.24,0.12,-0.12,0.24599999999999989,0,0,0,0.0,0.0,0.0
8,50,5,1,0.16,0.32000000000000006,0.32000000000000006,0.16000000000000003,-0.16000000000000003,0.24599999999999989,0,0,0,0.0,0.0,0.0
8,50,5,1,0.2,0.39999999999999997,0.39999999999999997,0.19999999999999996,-0.2,0.24599999999999989,0,0,0,0.0,0.0,0.0
8,50,5,1,0.25,0.5,0.5,0.25,-0.25,0.24599999999999989,0,0,0,0.0,0.0,0.0
8,50,5,1,0.3,0.6000000000000001,0.6000000000000001,0.30000000000000004,-0.3,0.24599999999999989,0,1,0,0.0,0.0,0.0
8,50,5,1,0.35,0.6645060870786814,0.6645060870786814,0.3322530435393407,-0.33225304353934076,0.24599999999999989,0,1,0,0.0,0.0,0.0
9,51,0,0,0.02,0.04000000000000001,0.04000000000000001,-0.0154980117006401,0.0154980117006401,0.1670033499012707,1,0,0,0.0,0.0,0.0
9,51,0,0,0.05,0.10000000000000003,0.10000000000000005,-0.03874502925160025,0.03874502925160025,0.1670033499012707,1,0,0,0.0,0.0,0.0
9,51,0,0,0.08,0.15999999999999998,0.15999999999999998,-0.06199204680256031,0.06199204680256031,0.1670033499012707,1,0,0,0.0,0.0,0.0
9,51,0,0,0.12,0.24,0.24,-0.09298807020384052,0.09298807020384052,0.1670033499012707,1,0,0,0.0,0.0,0.0
9,51,0,0,0.16,0.292465567175209,0.292465567175209,-0.1133158695528932,0.1133158695528932,0.1670033499012707,1,0,0,0.0,0.0,0.0
9,51,0,0,0.2,0.292465567175209,0.292465567175209,-0.1133158695528932,0.1133158695528932,0.1670033499012707,1,0,0,0.0,0.0,0.0
9,51,0,0,0.25,0.292465567175209,0.292465567175209,-0.1133158695528932,0.1133158695528932,0.1670033499012707,1,0,0,0.0,0.0,0.0
9,51,0,0,0.3,0.292465567175209,0.292465567175209,-0.1133158695528932,0.1133158695528932,0.1670033499012707,1,0,0,0.0,0.0,0.0
9,51,0,0,0.35,0.292465567175209,0.292465567175209,-0.1133158695528932,0.1133158695528932,0.1670033499012707,1,0,0,0.0,0.0,0.0
9,51,0,1,0.02,0.04000000000000001,0.04000000000000001,0.012121439103053508,-0.012121439103053508,0.1670033499012707,0,0,0,0.0,0.0,0.0
9,51,0,1,0.05,0.10000000000000003,0.10000000000000003,0.03030359775763377,-0.03030359775763377,0.1670033499012707,0,0,0,0.0,0.0,0.0
9,51,0,1,0.08,0.15999999999999998,0.15999999999999998,0.04848575641221396,-0.04848575641221396,0.1670033499012707,0,0,0,0.0,0.0,0.0
9,51,0,1,0.12,0.24,0.24,0.07272863461832098,-0.07272863461832098,0.1670033499012707,0,0,0,0.0,0.0,0.0
9,51,0,1,0.16,0.32000000000000006,0.32000000000000006,0.096971512824428,-0.096971512824428,0.1670033499012707,0,0,0,0.0,0.0,0.0
9,51,0,1,0.2,0.37889782771393715,0.37889782771393715,0.11481967362284363,-0.11481967362284363,0.1670033499012707,0,0,0,0.0,0.0,0.0
9,51,0,1,0.25,0.37889782771393715,0.37889782771393715,0.11481967362284363,-0.11481967362284363,0.1670033499012707,0,0,0,0.0,0.0,0.0
9,51,0,1,0.3,0.37889782771393715,0.37889782771393715,0.11481967362284363,-0.11481967362284363,0.1670033499012707,0,0,0,0.0,0.0,0.0
9,51,0,1,0.35,0.37889782771393715,0.37889782771393715,0.11481967362284363,-0.11481967362284363,0.1670033499012707,0,0,0,0.0,0.0,0.0
9,51,1,0,0.02,0.04000000000000001,0.04000000000000001,-0.0188904740999609,0.0188904740999609,0.23512664617961665,1,0,0,0.0,0.0,0.0
9,51,1,0,0.05,0.10000000000000003,0.10000000000000005,-0.047226185249902256,0.047226185249902256,0.23512664617961665,1,0,0,0.0,0.0,0.0
9,51,1,0,0.08,0.15999999999999998,0.15999999999999998,-0.07556189639984351,0.07556189639984351,0.23512664617961665,1,0,0,0.0,0.0,0.0
9,51,1,0,0.12,0.24,0.24,-0.1133428445997653,0.1133428445997653,0.23512664617961665,1,0,0,0.0,0.0,0.0
9,51,1,0,0.16,0.292465567175209,0.292465567175209,-0.1381203305463414,0.1381203305463414,0.23512664617961665,1,0,0,0.0,0.0,0.0
9,51,1,0,0.2,0.292465567175209,0.292465567175209,-0.1381203305463414,0.1381203305463414,0.23512664617961665,1,0,0,0.0,0.0,0.0
9,51,1,0,0.25,0.292465567175209,0.292465567175209,-0.1381203305463414,0.1381203305463414,0.23512664617961665,1,0,0,0.0,0.0,0.0
9,51,1,0,0.3,0.292465567175209,0.292465567175209,-0.1381203305463414,0.1381203305463414,0.23512664617961665,1,0,0,0.0,0.0,0.0
9,51,1,0,0.35,0.292465567175209,0.292465567175209,-0.1381203305463414,0.1381203305463414,0.23512664617961665,1,0,0,0.0,0.0,0.0
9,51,1,1,0.02,0.040000000000000036,0.040000000000000036,0.0188904740999609,-0.0188904740999609,0.23512664617961665,0,0,0,0.0,0.0,0.0
9,51,1,1,0.05,0.10000000000000003,0.10000000000000003,0.047226185249902256,-0.047226185249902256,0.23512664617961665,0,0,0,0.0,0.0,0.0
9,51,1,1,0.08,0.15999999999999998,0.15999999999999998,0.07556189639984351,-0.07556189639984351,0.23512664617961665,0,0,0,0.0,0.0,0.0
9,51,1,1,0.12,0.24,0.24,0.1133428445997653,-0.1133428445997653,0.23512664617961665,0,0,0,0.0,0.0,0.0
9,51,1,1,0.16,0.32000000000000006,0.32000000000000006,0.1511237927996871,-0.1511237927996871,0.23512664617961665,0,0,0,0.0,0.0,0.0
9,51,1,1,0.2,0.39999999999999997,0.39999999999999997,0.1889047409996088,-0.18890474099960886,0.23512664617961665,0,0,0,0.0,0.0,0.0
9,51,1,1,0.25,0.5,0.5,0.23613092624951107,-0.23613092624951107,0.23512664617961665,0,0,0,0.0,0.0,0.0
9,51,1,1,0.3,0.6000000000000001,0.6000000000000001,0.28335711149941334,-0.2833571114994133,0.23512664617961665,0,1,0,0.19495510326956755,0.0,0.19495510326956755
9,51,1,1,0.35,0.6724655671752089,0.6724655671752089,0.31757983449596977,-0.3175798344959698,0.23512664617961665,0,1,0,0.19495510326956755,0.0,0.19495510326956755
9,51,3,0,0.02,0.04000000000000001,0.04000000000000001,-0.015660138905491748,0.015660138905491748,0.20346936127381893,1,0,0,0.0,0.0,0.0
9,51,3,0,0.05,0.10000000000000003,0.10000000000000003,-0.03915034726372937,0.03915034726372937,0.20346936127381893,1,0,0,0.0,0.0,0.0
9,51,3,0,0.08,0.15999999999999998,0.15999999999999998,-0.06264055562196691,0.06264055562196691,0.20346936127381893,1,0,0,0.0,0.0,0.0
9,51,3,0,0.12,0.24,0.24,-0.0939608334329504,0.0939608334329504,0.20346936127381893,1,0,0,0.0,0.0,0.0
9,51,3,0,0.16,0.32000000000000006,0.32000000000000006,-0.1252811112439339,0.1252811112439339,0.20346936127381893,1,0,0,0.0,0.0,0.0
9,51,3,0,0.2,0.37889782771393715,0.37889782771393715,-0.1483398153247333,0.1483398153247333,0.20346936127381893,1,0,0,0.0,0.0,0.0
9,51,3,0,0.25,0.37889782771393715,0.37889782771393715,-0.1483398153247333,0.1483398153247333,0.20346936127381893,1,0,0,0.0,0.0,0.0
9,51,3,0,0.3,0.37889782771393715,0.37889782771393715,-0.1483398153247333,0.1483398153247333,0.20346936127381893,1,0,0,0.0,0.0,0.0
9,51,3,0,0.35,0.37889782771393715,0.37889782771393715,-0.1483398153247333,0.1483398153247333,0.20346936127381893,1,0,0,0.0,0.0,0.0
9,51,3,1,0.02,0.040000000000000036,0.040000000000000036,0.015660138905491748,-0.015660138905491748,0.20346936127381893,0,0,0,0.0,0.0,0.0
9,51,3,1,0.05,0.10000000000000003,0.10000000000000003,0.03915034726372937,-0.03915034726372937,0.20346936127381893,0,0,0,0.0,0.0,0.0
9,51,3,1,0.08,0.15999999999999998,0.15999999999999998,0.06264055562196691,-0.06264055562196691,0.20346936127381893,0,0,0,0.0,0.0,0.0
9,51,3,1,0.12,0.24,0.24,0.0939608334329504,-0.0939608334329504,0.20346936127381893,0,0,0,0.0,0.0,0.0
9,51,3,1,0.16,0.32000000000000006,0.32000000000000006,0.1252811112439339,-0.1252811112439339,0.20346936127381893,0,0,0,0.0,0.0,0.0
9,51,3,1,0.2,0.39999999999999997,0.39999999999999997,0.1566013890549173,-0.15660138905491736,0.20346936127381893,0,0,0,0.0,0.0,0.0
9,51,3,1,0.25,0.5,0.5,0.19575173631864667,-0.19575173631864667,0.20346936127381893,0,0,0,0.0,0.0,0.0
9,51,3,1,0.3,0.6000000000000001,0.6000000000000001,0.23490208358237605,-0.234902083582376,0.20346936127381893,0,1,0,0.0,0.0,0.0
9,51,3,1,0.35,0.7,0.7,0.2740524308461053,-0.2740524308461053,0.20346936127381893,0,1,0,0.0,0.0,0.0
10,52,0,0,0.02,0.04000000000000001,0.04000000000000002,-0.012054992079789446,0.012054992079789446,0.17223186308288763,1,0,0,0.0,0.0,0.0
10,52,0,0,0.05,0.10000000000000003,0.10000000000000005,-0.030137480199473616,0.030137480199473616,0.17223186308288763,1,0,0,0.0,0.0,0.0
10,52,0,0,0.08,0.15999999999999998,0.15999999999999998,-0.048219968319157716,0.048219968319157716,0.17223186308288763,1,0,0,0.0,0.0,0.0
10,52,0,0,0.12,0.2163455057439418,0.2163455057439418,-0.06520108395603147,0.06520108395603147,0.17223186308288763,1,0,0,0.0,0.0,0.0
10,52,0,0,0.16,0.2163455057439418,0.2163455057439418,-0.06520108395603147,0.06520108395603147,0.17223186308288763,1,0,0,0.0,0.0,0.0
10,52,0,0,0.2,0.2163455057439418,0.2163455057439418,-0.06520108395603147,0.06520108395603147,0.17223186308288763,1,0,0,0.0,0.0,0.0
10,52,0,0,0.25,0.2163455057439418,0.2163455057439418,-0.06520108395603147,0.06520108395603147,0.17223186308288763,1,0,0,0.0,0.0,0.0
10,52,0,0,0.3,0.2163455057439418,0.2163455057439418,-0.06520108395603147,0.06520108395603147,0.17223186308288763,1,0,0,0.0,0.0,0.0
10,52,0,0,0.35,0.2163455057439418,0.2163455057439418,-0.06520108395603147,0.06520108395603147,0.17223186308288763,1,0,0,0.0,0.0,0.0
10,52,0,1,0.02,0.04000000000000001,0.04000000000000001,0.008666888532600288,-0.008666888532600288,0.17223186308288763,0,0,0,0.0,0.0,0.0
10,52,0,1,0.05,0.10000000000000003,0.10000000000000003,0.021667221331500723,-0.021667221331500723,0.17223186308288763,0,0,0,0.0,0.0,0.0
10,52,0,1,0.08,0.15999999999999998,0.15999999999999998,0.03466755413040111,-0.03466755413040111,0.17223186308288763,0,0,0,0.0,0.0,0.0
10,52,0,1,0.12,0.24,0.24,0.052001331195601685,-0.052001331195601685,0.17223186308288763,0,0,0,0.0,0.0,0.0
10,52,0,1,0.16,0.32000000000000006,0.32000000000000006,0.06933510826080226,-0.06933510826080226,0.17223186308288763,0,0,0,0.0,0.0,0.0
10,52,0,1,0.2,0.35305878579002825,0.35305878579002825,0.07649802854743437,-0.07649802854743437,0.17223186308288763,0,0,0,0.0,0.0,0.0
10,52,0,1,0.25,0.35305878579002825,0.35305878579002825,0.07649802854743437,-0.07649802854743437,0.17223186308288763,0,0,0,0.0,0.0,0.0
10,52,0,1,0.3,0.35305878579002825,0.35305878579002825,0.07649802854743437,-0.07649802854743437,0.17223186308288763,0,0,0,0.0,0.0,0.0
10,52,0,1,0.35,0.35305878579002825,0.35305878579002825,0.07649802854743437,-0.07649802854743437,0.17223186308288763,0,0,0,0.0,0.0,0.0
10,52,1,0,0.02,0.04000000000000001,0.04000000000000002,-0.014783904479146437,0.014783904479146437,0.19044709255189107,1,0,0,0.0,0.0,0.0
10,52,1,0,0.05,0.10000000000000003,0.10000000000000005,-0.03695976119786609,0.03695976119786609,0.19044709255189107,1,0,0,0.0,0.0,0.0
10,52,1,0,0.08,0.15999999999999998,0.15999999999999998,-0.05913561791658566,0.05913561791658566,0.19044709255189107,1,0,0,0.0,0.0,0.0
10,52,1,0,0.12,0.2163455057439418,0.2163455057439418,-0.0799607822852765,0.0799607822852765,0.19044709255189107,1,0,0,0.0,0.0,0.0
10,52,1,0,0.16,0.2163455057439418,0.2163455057439418,-0.0799607822852765,0.0799607822852765,0.19044709255189107,1,0,0,0.0,0.0,0.0
10,52,1,0,0.2,0.2163455057439418,0.2163455057439418,-0.0799607822852765,0.0799607822852765,0.19044709255189107,1,0,0,0.0,0.0,0.0
10,52,1,0,0.25,0.2163455057439418,0.2163455057439418,-0.0799607822852765,0.0799607822852765,0.19044709255189107,1,0,0,0.0,0.0,0.0
10,52,1,0,0.3,0.2163455057439418,0.2163455057439418,-0.0799607822852765,0.0799607822852765,0.19044709255189107,1,0,0,0.0,0.0,0.0
10,52,1,0,0.35,0.2163455057439418,0.2163455057439418,-0.0799607822852765,0.0799607822852765,0.19044709255189107,1,0,0,0.0,0.0,0.0
10,52,1,1,0.02,0.040000000000000036,0.040000000000000036,0.014783904479146437,-0.014783904479146437,0.19044709255189107,0,0,0,0.0,0.0,0.0
10,52,1,1,0.05,0.10000000000000003,0.10000000000000003,0.03695976119786609,-0.03695976119786609,0.19044709255189107,0,0,0,0.0,0.0,0.0
10,52,1,1,0.08,0.15999999999999998,0.15999999999999998,0.05913561791658566,-0.05913561791658566,0.19044709255189107,0,0,0,0.0,0.0,0.0
10,52,1,1,0.12,0.24,0.24,0.08870342687487853,-0.08870342687487853,0.19044709255189107,0,0,0,0.0,0.0,0.0
10,52,1,1,0.16,0.32000000000000006,0.32000000000000006,0.11827123583317141,-0.11827123583317141,0.19044709255189107,0,0,0,0.0,0.0,0.0
10,52,1,1,0.2,0.39999999999999997,0.39999999999999997,0.1478390447914642,-0.14783904479146423,0.19044709255189107,0,0,0,0.0,0.0,0.0
10,52,1,1,0.25,0.5,0.5,0.1847988059893303,-0.1847988059893303,0.19044709255189107,0,0,0,0.0,0.0,0.0
10,52,1,1,0.3,0.5963455057439417,0.5963455057439417,0.22040787483716748,-0.22040787483716745,0.19044709255189107,0,1,0,0.16032355164649537,0.0,0.16032355164649537
10,52,1,1,0.35,0.5963455057439417,0.5963455057439417,0.22040787483716748,-0.22040787483716745,0.19044709255189107,0,1,0,0.16032355164649537,0.0,0.16032355164649537
10,52,2,0,0.02,0.04000000000000001,0.04000000000000002,-0.01802555816601263,0.01802555816601263,0.2212428025771198,1,0,0,0.0,0.0,0.0
10,52,2,0,0.05,0.10000000000000003,0.10000000000000005,-0.04506389541503158,0.04506389541503158,0.2212428025771198,1,0,0,0.0,0.0,0.0
10,52,2,0,0.08,0.15999999999999998,0.15999999999999998,-0.07210223266405041,0.07210223266405041,0.2212428025771198,1,0,0,0.0,0.0,0.0
10,52,2,0,0.12,0.2163455057439418,0.2163455057439418,-0.097493712443571,0.097493712443571,0.2212428025771198,1,0,0,0.0,0.0,0.0
10,52,2,0,0.16,0.2163455057439418,0.2163455057439418,-0.097493712443571,0.097493712443571,0.2212428025771198,1,0,0,0.0,0.0,0.0
10,52,2,0,0.2,0.2163455057439418,0.2163455057439418,-0.097493712443571,0.097493712443571,0.2212428025771198,1,0,0,0.0,0.0,0.0
10,52,2,0,0.25,0.2163455057439418,0.2163455057439418,-0.097493712443571,0.097493712443571,0.2212428025771198,1,0,0,0.0,0.0,0.0
10,52,2,0,0.3,0.2163455057439418,0.2163455057439418,-0.097493712443571,0.097493712443571,0.2212428025771198,1,0,0,0.0,0.0,0.0
10,52,2,0,0.35,0.2163455057439418,0.2163455057439418,-0.097493712443571,0.097493712443571,0.2212428025771198,1,0,0,0.0,0.0,0.0
10,52,2,1,0.02,0.040000000000000036,0.040000000000000036,0.01802555816601263,-0.01802555816601263,0.2212428025771198,0,0,0,0.0,0.0,0.0
10,52,2,1,0.05,0.10000000000000003,0.10000000000000003,0.04506389541503158,-0.04506389541503158,0.2212428025771198,0,0,0,0.0,0.0,0.0
10,52,2,1,0.08,0.15999999999999998,0.15999999999999998,0.07210223266405041,-0.07210223266405041,0.2212428025771198,0,0,0,0.0,0.0,0.0
10,52,2,1,0.12,0.24,0.24,0.10815334899607568,-0.10815334899607568,0.2212428025771198,0,0,0,0.0,0.0,0.0
10,52,2,1,0.16,0.32000000000000006,0.32000000000000006,0.14420446532810094,-0.14420446532810094,0.2212428025771198,0,0,0,0.0,0.0,0.0
10,52,2,1,0.2,0.39999999999999997,0.39999999999999997,0.1802555816601261,-0.18025558166012615,0.2212428025771198,0,0,0,0.0,0.0,0.0
10,52,2,1,0.25,0.5,0.5,0.22531947707515768,-0.22531947707515768,0.2212428025771198,0,0,0,0.0,0.0,0.0
10,52,2,1,0.3,0.5963455057439417,0.5963455057439417,0.2687365150206908,-0.26873651502069074,0.2212428025771198,0,1,0,0.1567888258539979,0.0,0.1567888258539979
10,52,2,1,0.35,0.5963455057439417,0.5963455057439417,0.2687365150206908,-0.26873651502069074,0.2212428025771198,0,1,0,0.1567888258539979,0.0,0.1567888258539979
10,52,4,0,0.02,0.04000000000000001,0.04000000000000001,-0.0117100636780436,0.0117100636780436,0.16124560494141416,1,0,0,0.0,0.0,0.0
10,52,4,0,0.05,0.10000000000000003,0.10000000000000003,-0.029275159195109,0.029275159195109,0.16124560494141416,1,0,0,0.0,0.0,0.0
10,52,4,0,0.08,0.15999999999999998,0.15999999999999998,-0.04684025471217434,0.04684025471217434,0.16124560494141416,1,0,0,0.0,0.0,0.0
10,52,4,0,0.12,0.24,0.24,-0.07026038206826153,0.07026038206826153,0.16124560494141416,1,0,0,0.0,0.0,0.0
10,52,4,0,0.16,0.32000000000000006,0.32000000000000006,-0.09368050942434873,0.09368050942434873,0.16124560494141416,1,0,0,0.0,0.0,0.0
10,52,4,0,0.2,0.35305878579002825,0.35305878579002825,-0.10335852159234955,0.10335852159234955,0.16124560494141416,1,0,0,0.0,0.0,0.0
10,52,4,0,0.25,0.35305878579002825,0.35305878579002825,-0.10335852159234955,0.10335852159234955,0.16124560494141416,1,0,0,0.0,0.0,0.0
10,52,4,0,0.3,0.35305878579002825,0.35305878579002825,-0.10335852159234955,0.10335852159234955,0.16124560494141416,1,0,0,0.0,0.0,0.0
10,52,4,0,0.35,0.35305878579002825,0.35305878579002825,-0.10335852159234955,0.10335852159234955,0.16124560494141416,1,0,0,0.0,0.0,0.0
10,52,4,1,0.02,0.040000000000000036,0.040000000000000036,0.0117100636780436,-0.0117100636780436,0.16124560494141416,0,0,0,0.0,0.0,0.0
10,52,4,1,0.05,0.10000000000000003,0.10000000000000003,0.029275159195109,-0.029275159195109,0.16124560494141416,0,0,0,0.0,0.0,0.0
10,52,4,1,0.08,0.15999999999999998,0.15999999999999998,0.04684025471217434,-0.04684025471217434,0.16124560494141416,0,0,0,0.0,0.0,0.0
10,52,4,1,0.12,0.24,0.24,0.07026038206826153,-0.07026038206826153,0.16124560494141416,0,0,0,0.0,0.0,0.0
10,52,4,1,0.16,0.32000000000000006,0.32000000000000006,0.09368050942434873,-0.09368050942434873,0.16124560494141416,0,0,0,0.0,0.0,0.0
10,52,4,1,0.2,0.39999999999999997,0.39999999999999997,0.11710063678043588,-0.1171006367804359,0.16124560494141416,0,0,0,0.0,0.0,0.0
10,52,4,1,0.25,0.5,0.5,0.14637579597554487,-0.14637579597554487,0.16124560494141416,0,0,0,0.0,0.0,0.0
10,52,4,1,0.3,0.6000000000000001,0.6000000000000001,0.17565095517065388,-0.17565095517065385,0.16124560494141416,0,1,0,0.0,0.0,0.0
10,52,4,1,0.35,0.7,0.7,0.2049261143657628,-0.2049261143657628,0.16124560494141416,0,1,0,0.0,0.0,0.0
10,52,5,0,0.02,0.04000000000000001,0.04000000000000001,-0.01564450555274337,0.01564450555274337,0.19862280275106192,1,0,0,0.0,0.0,0.0
10,52,5,0,0.05,0.10000000000000003,0.10000000000000003,-0.03911126388185843,0.03911126388185843,0.19862280275106192,1,0,0,0.0,0.0,0.0
10,52,5,0,0.08,0.15999999999999998,0.15999999999999998,-0.0625780222109734,0.0625780222109734,0.19862280275106192,1,0,0,0.0,0.0,0.0
10,52,5,0,0.12,0.24,0.24,-0.09386703331646014,0.09386703331646014,0.19862280275106192,1,0,0,0.0,0.0,0.0
10,52,5,0,0.16,0.32000000000000006,0.32000000000000006,-0.1251560444219469,0.1251560444219469,0.19862280275106192,1,0,0,0.0,0.0,0.0
10,52,5,0,0.2,0.35305878579002825,0.35305878579002825,-0.1380857533684231,0.1380857533684231,0.19862280275106192,1,0,0,0.0,0.0,0.0
10,52,5,0,0.25,0.35305878579002825,0.35305878579002825,-0.1380857533684231,0.1380857533684231,0.19862280275106192,1,0,0,0.0,0.0,0.0
10,52,5,0,0.3,0.35305878579002825,0.35305878579002825,-0.1380857533684231,0.1380857533684231,0.19862280275106192,1,0,0,0.0,0.0,0.0
10,52,5,0,0.35,0.35305878579002825,0.35305878579002825,-0.1380857533684231,0.1380857533684231,0.19862280275106192,1,0,0,0.0,0.0,0.0
10,52,5,1,0.02,0.040000000000000036,0.040000000000000036,0.01564450555274337,-0.01564450555274337,0.19862280275106192,0,0,0,0.0,0.0,0.0
10,52,5,1,0.05,0.10000000000000003,0.10000000000000003,0.03911126388185843,-0.03911126388185843,0.19862280275106192,0,0,0,0.0,0.0,0.0
10,52,5,1,0.08,0.15999999999999998,0.15999999999999998,0.0625780222109734,-0.0625780222109734,0.19862280275106192,0,0,0,0.0,0.0,0.0
10,52,5,1,0.12,0.24,0.24,0.09386703331646014,-0.09386703331646014,0.19862280275106192,0,0,0,0.0,0.0,0.0
10,52,5,1,0.16,0.32000000000000006,0.32000000000000006,0.1251560444219469,-0.1251560444219469,0.19862280275106192,0,0,0,0.0,0.0,0.0
10,52,5,1,0.2,0.39999999999999997,0.39999999999999997,0.15644505552743354,-0.1564450555274336,0.19862280275106192,0,0,0,0.0,0.0,0.0
10,52,5,1,0.25,0.5,0.5,0.19555631940929197,-0.19555631940929197,0.19862280275106192,0,0,0,0.0,0.0,0.0
10,52,5,1,0.3,0.6000000000000001,0.6000000000000001,0.2346675832911504,-0.23466758329115034,0.19862280275106192,0,1,0,0.0,0.0,0.0
10,52,5,1,0.35,0.7,0.7,0.2737788471730087,-0.2737788471730087,0.19862280275106192,0,1,0,0.0,0.0,0.0
11,53,0,0,0.02,0.04000000000000002,0.04000000000000002,-0.013962997119420558,0.013962997119420558,0.1356327644553782,1,0,0,0.0,0.0,0.0
11,53,0,0,0.05,0.10000000000000003,0.10000000000000005,-0.0349074927985514,0.0349074927985514,0.1356327644553782,1,0,0,0.0,0.0,0.0
11,53,0,0,0.08,0.15999999999999998,0.15999999999999998,-0.055851988477682156,0.055851988477682156,0.1356327644553782,1,0,0,0.0,0.0,0.0
11,53,0,0,0.12,0.17511046367620525,0.17511046367620525,-0.06112667249728127,0.06112667249728127,0.1356327644553782,1,0,0,0.0,0.0,0.0
11,53,0,0,0.16,0.17511046367620525,0.17511046367620525,-0.06112667249728127,0.06112667249728127,0.1356327644553782,1,0,0,0.0,0.0,0.0
11,53,0,0,0.2,0.17511046367620525,0.17511046367620525,-0.06112667249728127,0.06112667249728127,0.1356327644553782,1,0,0,0.0,0.0,0.0
11,53,0,0,0.25,0.17511046367620525,0.17511046367620525,-0.06112667249728127,0.06112667249728127,0.1356327644553782,1,0,0,0.0,0.0,0.0
11,53,0,0,0.3,0.17511046367620525,0.17511046367620525,-0.06112667249728127,0.06112667249728127,0.1356327644553782,1,0,0,0.0,0.0,0.0
11,53,0,0,0.35,0.17511046367620525,0.17511046367620525,-0.06112667249728127,0.06112667249728127,0.1356327644553782,1,0,0,0.0,0.0,0.0
11,53,0,1,0.02,0.04000000000000001,0.04000000000000001,0.011304303774940126,-0.011304303774940126,0.1356327644553782,0,0,0,0.0,0.0,0.0
11,53,0,1,0.05,0.10000000000000005,0.10000000000000003,0.028260759437350316,-0.028260759437350316,0.1356327644553782,0,0,0,0.0,0.0,0.0
11,53,0,1,0.08,0.15999999999999998,0.15999999999999998,0.04521721509976044,-0.04521721509976044,0.1356327644553782,0,0,0,0.0,0.0,0.0
11,53,0,1,0.12,0.24,0.24,0.0678258226496407,-0.0678258226496407,0.1356327644553782,0,0,0,0.0,0.0,0.0
11,53,0,1,0.16,0.2760246299948943,0.2760246299948943,0.07800665667069331,-0.07800665667069331,0.1356327644553782,0,0,0,0.0,0.0,0.0
11,53,0,1,0.2,0.2760246299948943,0.2760246299948943,0.07800665667069331,-0.07800665667069331,0.1356327644553782,0,0,0,0.0,0.0,0.0
11,53,0,1,0.25,0.2760246299948943,0.2760246299948943,0.07800665667069331,-0.07800665667069331,0.1356327644553782,0,0,0,0.0,0.0,0.0
11,53,0,1,0.3,0.2760246299948943,0.2760246299948943,0.07800665667069331,-0.07800665667069331,0.1356327644553782,0,0,0,0.0,0.0,0.0
11,53,0,1,0.35,0.2760246299948943,0.2760246299948943,0.07800665667069331,-0.07800665667069331,0.1356327644553782,0,0,0,0.0,0.0,0.0
11,53,1,0,0.02,0.04000000000000002,0.04000000000000002,-0.01745655323368868,0.01745655323368868,0.20710897910319798,1,0,0,0.0,0.0,0.0
11,53,1,0,0.05,0.10000000000000003,0.10000000000000005,-0.0436413830842217,0.0436413830842217,0.20710897910319798,1,0,0,0.0,0.0,0.0
11,53,1,0,0.08,0.15999999999999998,0.15999999999999998,-0.06982621293475462,0.06982621293475462,0.20710897910319798,1,0,0,0.0,0.0,0.0
11,53,1,0,0.12,0.17511046367620525,0.17511046367620525,-0.07642062827348957,0.07642062827348957,0.20710897910319798,1,0,0,0.0,0.0,0.0
11,53,1,0,0.16,0.17511046367620525,0.17511046367620525,-0.07642062827348957,0.07642062827348957,0.20710897910319798,1,0,0,0.0,0.0,0.0
11,53,1,0,0.2,0.17511046367620525,0.17511046367620525,-0.07642062827348957,0.07642062827348957,0.20710897910319798,1,0,0,0.0,0.0,0.0
11,53,1,0,0.25,0.17511046367620525,0.17511046367620525,-0.07642062827348957,0.07642062827348957,0.20710897910319798,1,0,0,0.0,0.0,0.0
11,53,1,0,0.3,0.17511046367620525,0.17511046367620525,-0.07642062827348957,0.07642062827348957,0.20710897910319798,1,0,0,0.0,0.0,0.0
11,53,1,0,0.35,0.17511046367620525,0.17511046367620525,-0.07642062827348957,0.07642062827348957,0.20710897910319798,1,0,0,0.0,0.0,0.0
11,53,1,1,0.02,0.040000000000000036,0.040000000000000036,0.01745655323368868,-0.01745655323368868,0.20710897910319798,0,0,0,0.0,0.0,0.0
11,53,1,1,0.05,0.10000000000000003,0.10000000000000003,0.0436413830842217,-0.0436413830842217,0.20710897910319798,0,0,0,0.0,0.0,0.0
11,53,1,1,0.08,0.15999999999999998,0.15999999999999998,0.06982621293475462,-0.06982621293475462,0.20710897910319798,0,0,0,0.0,0.0,0.0
11,53,1,1,0.12,0.24,0.24,0.10473931940213198,-0.10473931940213198,0.20710897910319798,0,0,0,0.0,0.0,0.0
11,53,1,1,0.16,0.32000000000000006,0.32000000000000006,0.13965242586950932,-0.13965242586950932,0.20710897910319798,0,0,0,0.0,0.0,0.0
11,53,1,1,0.2,0.39999999999999997,0.39999999999999997,0.1745655323368866,-0.1745655323368866,0.20710897910319798,0,0,0,0.0,0.0,0.0
11,53,1,1,0.25,0.5,0.5,0.2182069154211083,-0.2182069154211083,0.20710897910319798,0,0,0,0.0,0.0,0.0
11,53,1,1,0.3,0.5551104636762054,0.5551104636762054,0.24225788399353193,-0.24225788399353188,0.20710897910319798,0,1,0,0.1692189999160152,0.0,0.1692189999160152
11,53,1,1,0.35,0.5551104636762054,0.5551104636762054,0.24225788399353193,-0.24225788399353188,0.20710897910319798,0,1,0,0.1692189999160152,0.0,0.1692189999160152
11,53,2,0,0.02,0.04000000000000002,0.04000000000000002,-0.02173235465448013,0.02173235465448013,0.24559119189032108,1,0,0,0.0,0.0,0.0
11,53,2,0,0.05,0.10000000000000003,0.10000000000000005,-0.054330886636200316,0.054330886636200316,0.24559119189032108,1,0,0,0.0,0.0,0.0
11,53,2,0,0.08,0.15999999999999998,0.15999999999999998,-0.08692941861792039,0.08692941861792039,0.24559119189032108,1,0,0,0.0,0.0,0.0
11,53,2,0,0.12,0.17511046367620525,0.17511046367620525,-0.09513906750804375,0.09513906750804375,0.24559119189032108,1,0,0,0.0,0.0,0.0
11,53,2,0,0.16,0.17511046367620525,0.17511046367620525,-0.09513906750804375,0.09513906750804375,0.24559119189032108,1,0,0,0.0,0.0,0.0
11,53,2,0,0.2,0.17511046367620525,0.17511046367620525,-0.09513906750804375,0.09513906750804375,0.24559119189032108,1,0,0,0.0,0.0,0.0
11,53,2,0,0.25,0.17511046367620525,0.17511046367620525,-0.09513906750804375,0.09513906750804375,0.24559119189032108,1,0,0,0.0,0.0,0.0
11,53,2,0,0.3,0.17511046367620525,0.17511046367620525,-0.09513906750804375,0.09513906750804375,0.24559119189032108,1,0,0,0.0,0.0,0.0
11,53,2,0,0.35,0.17511046367620525,0.17511046367620525,-0.09513906750804375,0.09513906750804375,0.24559119189032108,1,0,0,0.0,0.0,0.0
11,53,2,1,0.02,0.040000000000000036,0.040000000000000036,0.02173235465448013,-0.02173235465448013,0.24559119189032108,0,0,0,0.0,0.0,0.0
11,53,2,1,0.05,0.10000000000000003,0.10000000000000003,0.054330886636200316,-0.054330886636200316,0.24559119189032108,0,0,0,0.0,0.0,0.0
11,53,2,1,0.08,0.15999999999999998,0.15999999999999998,0.08692941861792039,-0.08692941861792039,0.24559119189032108,0,0,0,0.0,0.0,0.0
11,53,2,1,0.12,0.24,0.24,0.13039412792688065,-0.13039412792688065,0.24559119189032108,0,0,0,0.0,0.0,0.0
11,53,2,1,0.16,0.32000000000000006,0.32000000000000006,0.1738588372358409,-0.1738588372358409,0.24559119189032108,0,0,0,0.0,0.0,0.0
11,53,2,1,0.2,0.39999999999999997,0.39999999999999997,0.21732354654480104,-0.21732354654480104,0.24559119189032108,0,0,0,0.0,0.0,0.0
11,53,2,1,0.25,0.5,0.5,0.27165443318100135,-0.27165443318100135,0.24559119189032108,0,0,0,0.0,0.0,0.0
11,53,2,1,0.3,0.5551104636762054,0.5551104636762054,0.3015964367256049,-0.30159643672560477,0.24559119189032108,0,1,0,0.16395066368377642,0.0,0.16395066368377642
11,53,2,1,0.35,0.5551104636762054,0.5551104636762054,0.3015964367256049,-0.30159643672560477,0.24559119189032108,0,1,0,0.16395066368377642,0.0,0.16395066368377642
11,53,4,0,0.02,0.04000000000000001,0.04000000000000001,-0.015085098829067882,0.015085098829067882,0.18576588946161093,1,0,0,0.0,0.0,0.0
11,53,4,0,0.05,0.10000000000000003,0.10000000000000005,-0.03771274707266971,0.03771274707266971,0.18576588946161093,1,0,0,0.0,0.0,0.0
11,53,4,0,0.08,0.15999999999999998,0.15999999999999998,-0.060340395316271445,0.060340395316271445,0.18576588946161093,1,0,0,0.0,0.0,0.0
11,53,4,0,0.12,0.24,0.24,-0.09051059297440721,0.09051059297440721,0.18576588946161093,1,0,0,0.0,0.0,0.0
11,53,4,0,0.16,0.2760246299948943,0.2760246299948943,-0.1040964705682468,0.1040964705682468,0.18576588946161093,1,0,0,0.0,0.0,0.0
11,53,4,0,0.2,0.2760246299948943,0.2760246299948943,-0.1040964705682468,0.1040964705682468,0.18576588946161093,1,0,0,0.0,0.0,0.0
11,53,4,0,0.25,0.2760246299948943,0.2760246299948943,-0.1040964705682468,0.1040964705682468,0.18576588946161093,1,0,0,0.0,0.0,0.0
11,53,4,0,0.3,0.2760246299948943,0.2760246299948943,-0.1040964705682468,0.1040964705682468,0.18576588946161093,1,0,0,0.0,0.0,0.0
11,53,4,0,0.35,0.2760246299948943,0.2760246299948943,-0.1040964705682468,0.1040964705682468,0.18576588946161093,1,0,0,0.0,0.0,0.0
11,53,4,1,0.02,0.040000000000000036,0.040000000000000036,0.015085098829067882,-0.015085098829067882,0.18576588946161093,0,0,0,0.0,0.0,0.0
11,53,4,1,0.05,0.10000000000000003,0.10000000000000003,0.03771274707266971,-0.03771274707266971,0.18576588946161093,0,0,0,0.0,0.0,0.0
11,53,4,1,0.08,0.15999999999999998,0.15999999999999998,0.060340395316271445,-0.060340395316271445,0.18576588946161093,0,0,0,0.0,0.0,0.0
11,53,4,1,0.12,0.24,0.24,0.09051059297440721,-0.09051059297440721,0.18576588946161093,0,0,0,0.0,0.0,0.0
11,53,4,1,0.16,0.32000000000000006,0.32000000000000006,0.12068079063254297,-0.12068079063254297,0.18576588946161093,0,0,0,0.0,0.0,0.0
11,53,4,1,0.2,0.39999999999999997,0.39999999999999997,0.15085098829067867,-0.1508509882906787,0.18576588946161093,0,0,0,0.0,0.0,0.0
11,53,4,1,0.25,0.5,0.5,0.18856373536334836,-0.18856373536334836,0.18576588946161093,0,0,0,0.0,0.0,0.0
11,53,4,1,0.3,0.6000000000000001,0.6000000000000001,0.22627648243601806,-0.22627648243601803,0.18576588946161093,0,1,0,0.0,0.0,0.0
11,53,4,1,0.35,0.6560246299948944,0.6560246299948944,0.24740490944439159,-0.24740490944439159,0.18576588946161093,0,1,0,0.0,0.0,0.0
11,53,5,0,0.02,0.04000000000000001,0.04000000000000001,-0.020000000000000018,0.020000000000000018,0.2300000000000001,1,0,0,0.0,0.0,0.0
11,53,5,0,0.05,0.10000000000000003,0.10000000000000005,-0.050000000000000044,0.050000000000000044,0.2300000000000001,1,0,0,0.0,0.0,0.0
11,53,5,0,0.08,0.15999999999999998,0.15999999999999998,-0.07999999999999996,0.07999999999999996,0.2300000000000001,1,0,0,0.0,0.0,0.0
11,53,5,0,0.12,0.24,0.24,-0.12,0.12,0.2300000000000001,1,0,0,0.0,0.0,0.0
11,53,5,0,0.16,0.2760246299948943,0.2760246299948943,-0.13801231499744715,0.13801231499744715,0.2300000000000001,1,0,0,0.0,0.0,0.0
11,53,5,0,0.2,0.2760246299948943,0.2760246299948943,-0.13801231499744715,0.13801231499744715,0.2300000000000001,1,0,0,0.0,0.0,0.0
11,53,5,0,0.25,0.2760246299948943,0.2760246299948943,-0.13801231499744715,0.13801231499744715,0.2300000000000001,1,0,0,0.0,0.0,0.0
11,53,5,0,0.3,0.2760246299948943,0.2760246299948943,-0.13801231499744715,0.13801231499744715,0.2300000000000001,1,0,0,0.0,0.0,0.0
11,53,5,0,0.35,0.2760246299948943,0.2760246299948943,-0.13801231499744715,0.13801231499744715,0.2300000000000001,1,0,0,0.0,0.0,0.0
11,53,5,1,0.02,0.040000000000000036,0.040000000000000036,0.020000000000000018,-0.020000000000000018,0.2300000000000001,0,0,0,0.0,0.0,0.0
11,53,5,1,0.05,0.10000000000000003,0.10000000000000003,0.050000000000000044,-0.050000000000000044,0.2300000000000001,0,0,0,0.0,0.0,0.0
11,53,5,1,0.08,0.15999999999999998,0.15999999999999998,0.07999999999999996,-0.07999999999999996,0.2300000000000001,0,0,0,0.0,0.0,0.0
11,53,5,1,0.12,0.24,0.24,0.12,-0.12,0.2300000000000001,0,0,0,0.0,0.0,0.0
11,53,5,1,0.16,0.32000000000000006,0.32000000000000006,0.16000000000000003,-0.16000000000000003,0.2300000000000001,0,0,0,0.0,0.0,0.0
11,53,5,1,0.2,0.39999999999999997,0.39999999999999997,0.19999999999999996,-0.2,0.2300000000000001,0,0,0,0.0,0.0,0.0
11,53,5,1,0.25,0.5,0.5,0.25,-0.25,0.2300000000000001,0,0,0,0.0,0.0,0.0
11,53,5,1,0.3,0.6000000000000001,0.6000000000000001,0.30000000000000004,-0.3,0.2300000000000001,0,1,0,0.0,0.0,0.0
11,53,5,1,0.35,0.6560246299948944,0.6560246299948944,0.3280123149974472,-0.3280123149974472,0.2300000000000001,0,1,0,0.0,0.0,0.0
12,54,0,0,0.02,0.04000000000000001,0.04000000000000002,-0.015808291130805164,0.015808291130805164,0.06020985547544477,1,0,0,0.0,0.0,0.0
12,54,0,0,0.05,0.10000000000000003,0.10000000000000005,-0.03952072782701291,0.03952072782701291,0.06020985547544477,1,0,0,0.0,0.0,0.0
12,54,0,0,0.08,0.15999999999999998,0.15999999999999998,-0.06323316452322057,0.06323316452322057,0.06020985547544477,1,0,0,0.0,0.0,0.0
12,54,0,0,0.12,0.23220470829835826,0.23220470829835826,-0.09176899076810335,0.09176899076810335,0.06020985547544477,1,1,0,0.060209855475444884,0.0,0.060209855475444884
12,54,0,0,0.16,0.23220470829835826,0.23220470829835826,-0.09176899076810335,0.09176899076810335,0.06020985547544477,1,1,0,0.060209855475444884,0.0,0.060209855475444884
12,54,0,0,0.2,0.23220470829835826,0.23220470829835826,-0.09176899076810335,0.09176899076810335,0.06020985547544477,1,1,0,0.060209855475444884,0.0,0.060209855475444884
12,54,0,0,0.25,0.23220470829835826,0.23220470829835826,-0.09176899076810335,0.09176899076810335,0.06020985547544477,1,1,0,0.060209855475444884,0.0,0.060209855475444884
12,54,0,0,0.3,0.23220470829835826,0.23220470829835826,-0.09176899076810335,0.09176899076810335,0.06020985547544477,1,1,0,0.060209855475444884,0.0,0.060209855475444884
12,54,0,0,0.35,0.23220470829835826,0.23220470829835826,-0.09176899076810335,0.09176899076810335,0.06020985547544477,1,1,0,0.060209855475444884,0.0,0.060209855475444884
12,54,0,1,0.02,0.04000000000000001,0.04000000000000001,0.014754056160137608,-0.014754056160137608,0.06020985547544477,0,0,0,0.0,0.0,0.0
12,54,0,1,0.05,0.10000000000000005,0.10000000000000003,0.03688514040034402,-0.03688514040034402,0.06020985547544477,0,0,0,0.0,0.0,0.0
12,54,0,1,0.08,0.15999999999999998,0.15999999999999998,0.05901622464055035,-0.05901622464055035,0.06020985547544477,0,0,0,0.0,0.0,0.0
12,54,0,1,0.12,0.24,0.24,0.08852433696082557,-0.08852433696082557,0.06020985547544477,0,1,0,0.060209855475444884,0.0,0.060209855475444884
12,54,0,1,0.16,0.2853389629681762,0.2853389629681762,0.10524767710769732,-0.10524767710769732,0.06020985547544477,0,1,0,0.060209855475444884,0.0,0.060209855475444884
12,54,0,1,0.2,0.2853389629681762,0.2853389629681762,0.10524767710769732,-0.10524767710769732,0.06020985547544477,0,1,0,0.060209855475444884,0.0,0.060209855475444884
12,54,0,1,0.25,0.2853389629681762,0.2853389629681762,0.10524767710769732,-0.10524767710769732,0.06020985547544477,0,1,0,0.060209855475444884,0.0,0.060209855475444884
12,54,0,1,0.3,0.2853389629681762,0.2853389629681762,0.10524767710769732,-0.10524767710769732,0.06020985547544477,0,1,0,0.060209855475444884,0.0,0.060209855475444884
12,54,0,1,0.35,0.2853389629681762,0.2853389629681762,0.10524767710769732,-0.10524767710769732,0.06020985547544477,0,1,0,0.060209855475444884,0.0,0.060209855475444884
12,54,1,0,0.02,0.04000000000000001,0.04000000000000002,-0.020309758839061023,0.020309758839061023,0.23278782955154909,1,0,0,0.0,0.0,0.0
12,54,1,0,0.05,0.10000000000000003,0.10000000000000005,-0.05077439709765256,0.05077439709765256,0.23278782955154909,1,0,0,0.0,0.0,0.0
12,54,1,0,0.08,0.15999999999999998,0.15999999999999998,-0.08123903535624398,0.08123903535624398,0.23278782955154909,1,0,0,0.0,0.0,0.0
12,54,1,0,0.12,0.23220470829835826,0.23220470829835826,-0.1179005406708541,0.1179005406708541,0.23278782955154909,1,0,0,0.060209855475444884,0.0,0.060209855475444884
12,54,1,0,0.16,0.23220470829835826,0.23220470829835826,-0.1179005406708541,0.1179005406708541,0.23278782955154909,1,0,0,0.060209855475444884,0.0,0.060209855475444884
12,54,1,0,0.2,0.23220470829835826,0.23220470829835826,-0.1179005406708541,0.1179005406708541,0.23278782955154909,1,0,0,0.060209855475444884,0.0,0.060209855475444884
12,54,1,0,0.25,0.23220470829835826,0.23220470829835826,-0.1179005406708541,0.1179005406708541,0.23278782955154909,1,0,0,0.060209855475444884,0.0,0.060209855475444884
12,54,1,0,0.3,0.23220470829835826,0.23220470829835826,-0.1179005406708541,0.1179005406708541,0.23278782955154909,1,0,0,0.060209855475444884,0.0,0.060209855475444884
12,54,1,0,0.35,0.23220470829835826,0.23220470829835826,-0.1179005406708541,0.1179005406708541,0.23278782955154909,1,0,0,0.060209855475444884,0.0,0.060209855475444884
12,54,1,1,0.02,0.040000000000000036,0.040000000000000036,0.020309758839061023,-0.020309758839061023,0.23278782955154909,0,0,0,0.0,0.0,0.0
12,54,1,1,0.05,0.10000000000000003,0.10000000000000003,0.05077439709765256,-0.05077439709765256,0.23278782955154909,0,0,0,0.0,0.0,0.0
12,54,1,1,0.08,0.15999999999999998,0.15999999999999998,0.08123903535624398,-0.08123903535624398,0.23278782955154909,0,0,0,0.0,0.0,0.0
12,54,1,1,0.12,0.24,0.24,0.12185855303436603,-0.12185855303436603,0.23278782955154909,0,0,0,0.0,0.0,0.0
12,54,1,1,0.16,0.32000000000000006,0.32000000000000006,0.16247807071248807,-0.16247807071248807,0.23278782955154909,0,0,0,0.0,0.0,0.0
12,54,1,1,0.2,0.39999999999999997,0.39999999999999997,0.20309758839061,-0.20309758839061007,0.23278782955154909,0,0,0,0.0,0.0,0.0
12,54,1,1,0.25,0.5,0.5,0.25387198548826256,-0.25387198548826256,0.23278782955154909,0,0,0,0.0,0.0,0.0
12,54,1,1,0.3,0.6000000000000001,0.6000000000000001,0.30464638258591514,-0.3046463825859151,0.23278782955154909,0,1,0,0.18390431656966638,0.0,0.18390431656966638
12,54,1,1,0.35,0.6122047082983584,0.6122047082983584,0.3108432496419337,-0.3108432496419337,0.23278782955154909,0,1,0,0.18390431656966638,0.0,0.18390431656966638
12,54,3,0,0.02,0.04000000000000001,0.04000000000000001,-0.01959972544160664,0.01959972544160664,0.22639752897445964,1,0,0,0.0,0.0,0.0
12,54,3,0,0.05,0.10000000000000003,0.10000000000000005,-0.048999313604016596,0.048999313604016596,0.22639752897445964,1,0,0,0.0,0.0,0.0
12,54,3,0,0.08,0.15999999999999998,0.15999999999999998,-0.07839890176642644,0.07839890176642644,0.22639752897445964,1,0,0,0.0,0.0,0.0
12,54,3,0,0.12,0.24,0.24,-0.11759835264963972,0.11759835264963972,0.22639752897445964,1,0,0,0.0,0.060209855475444884,-0.060209855475444884
12,54,3,0,0.16,0.2853389629681762,0.2853389629681762,-0.13981413329922532,0.13981413329922532,0.22639752897445964,1,0,0,0.0,0.060209855475444884,-0.060209855475444884
12,54,3,0,0.2,0.2853389629681762,0.2853389629681762,-0.13981413329922532,0.13981413329922532,0.22639752897445964,1,0,0,0.0,0.060209855475444884,-0.060209855475444884
12,54,3,0,0.25,0.2853389629681762,0.2853389629681762,-0.13981413329922532,0.13981413329922532,0.22639752897445964,1,0,0,0.0,0.060209855475444884,-0.060209855475444884
12,54,3,0,0.3,0.2853389629681762,0.2853389629681762,-0.13981413329922532,0.13981413329922532,0.22639752897445964,1,0,0,0.0,0.060209855475444884,-0.060209855475444884
12,54,3,0,0.35,0.2853389629681762,0.2853389629681762,-0.13981413329922532,0.13981413329922532,0.22639752897445964,1,0,0,0.0,0.060209855475444884,-0.060209855475444884
12,54,3,1,0.02,0.040000000000000036,0.040000000000000036,0.01959972544160664,-0.01959972544160664,0.22639752897445964,0,0,0,0.0,0.0,0.0
12,54,3,1,0.05,0.10000000000000003,0.10000000000000003,0.048999313604016596,-0.048999313604016596,0.22639752897445964,0,0,0,0.0,0.0,0.0
12,54,3,1,0.08,0.15999999999999998,0.15999999999999998,0.07839890176642644,-0.07839890176642644,0.22639752897445964,0,0,0,0.0,0.0,0.0
12,54,3,1,0.12,0.24,0.24,0.11759835264963972,-0.11759835264963972,0.22639752897445964,0,0,0,0.0,0.0,0.0
12,54,3,1,0.16,0.32000000000000006,0.32000000000000006,0.156797803532853,-0.156797803532853,0.22639752897445964,0,0,0,0.0,0.0,0.0
12,54,3,1,0.2,0.39999999999999997,0.39999999999999997,0.19599725441606616,-0.19599725441606622,0.22639752897445964,0,0,0,0.0,0.0,0.0
12,54,3,1,0.25,0.5,0.5,0.24499656802008277,-0.24499656802008277,0.22639752897445964,0,0,0,0.0,0.0,0.0
12,54,3,1,0.3,0.6000000000000001,0.6000000000000001,0.29399588162409934,-0.2939958816240993,0.22639752897445964,0,1,0,0.0,0.0,0.0
12,54,3,1,0.35,0.6653389629681763,0.6653389629681763,0.32601152499448827,-0.32601152499448827,0.22639752897445964,0,1,0,0.0,0.0,0.0
13,55,0,0,0.02,0.04000000000000002,0.04000000000000002,-0.01511315502177972,0.01511315502177972,0.16245104020543866,1,0,0,0.0,0.0,0.0
13,55,0,0,0.05,0.10000000000000005,0.10000000000000005,-0.0377828875544493,0.0377828875544493,0.16245104020543866,1,0,0,0.0,0.0,0.0
13,55,0,0,0.08,0.13186600066084275,0.13186600066084275,-0.04982278275223555,0.04982278275223555,0.16245104020543866,1,0,0,0.0,0.0,0.0
13,55,0,0,0.12,0.13186600066084275,0.13186600066084275,-0.04982278275223555,0.04982278275223555,0.16245104020543866,1,0,0,0.0,0.0,0.0
13,55,0,0,0.16,0.13186600066084275,0.13186600066084275,-0.04982278275223555,0.04982278275223555,0.16245104020543866,1,0,0,0.0,0.0,0.0
13,55,0,0,0.2,0.13186600066084275,0.13186600066084275,-0.04982278275223555,0.04982278275223555,0.16245104020543866,1,0,0,0.0,0.0,0.0
13,55,0,0,0.25,0.13186600066084275,0.13186600066084275,-0.04982278275223555,0.04982278275223555,0.16245104020543866,1,0,0,0.0,0.0,0.0
13,55,0,0,0.3,0.13186600066084275,0.13186600066084275,-0.04982278275223555,0.04982278275223555,0.16245104020543866,1,0,0,0.0,0.0,0.0
13,55,0,0,0.35,0.13186600066084275,0.13186600066084275,-0.04982278275223555,0.04982278275223555,0.16245104020543866,1,0,0,0.0,0.0,0.0
13,55,0,1,0.02,0.04000000000000002,0.04000000000000001,0.012094287656044044,-0.012094287656044044,0.16245104020543866,0,0,0,0.0,0.0,0.0
13,55,0,1,0.05,0.10000000000000005,0.10000000000000003,0.030235719140110112,-0.030235719140110112,0.16245104020543866,0,0,0,0.0,0.0,0.0
13,55,0,1,0.08,0.15999999999999998,0.15999999999999998,0.048377150624176114,-0.048377150624176114,0.16245104020543866,0,0,0,0.0,0.0,0.0
13,55,0,1,0.12,0.21135476144094117,0.21135476144094117,0.06390463205853268,-0.06390463205853268,0.16245104020543866,0,0,0,0.0,0.0,0.0
13,55,0,1,0.16,0.21135476144094117,0.21135476144094117,0.06390463205853268,-0.06390463205853268,0.16245104020543866,0,0,0,0.0,0.0,0.0
13,55,0,1,0.2,0.21135476144094117,0.21135476144094117,0.06390463205853268,-0.06390463205853268,0.16245104020543866,0,0,0,0.0,0.0,0.0
13,55,0,1,0.25,0.21135476144094117,0.21135476144094117,0.06390463205853268,-0.06390463205853268,0.16245104020543866,0,0,0,0.0,0.0,0.0
13,55,0,1,0.3,0.21135476144094117,0.21135476144094117,0.06390463205853268,-0.06390463205853268,0.16245104020543866,0,0,0,0.0,0.0,0.0
13,55,0,1,0.35,0.21135476144094117,0.21135476144094117,0.06390463205853268,-0.06390463205853268,0.16245104020543866,0,0,0,0.0,0.0,0.0
13,55,1,0,0.02,0.04000000000000002,0.04000000000000002,-0.016929141929492103,0.016929141929492103,0.2159055909090225,1,0,0,0.0,0.0,0.0
13,55,1,0,0.05,0.10000000000000005,0.10000000000000005,-0.04232285482373026,0.04232285482373026,0.2159055909090225,1,0,0,0.0,0.0,0.0
13,55,1,0,0.08,0.13186600066084275,0.13186600066084275,-0.05580945602154761,0.05580945602154761,0.2159055909090225,1,0,0,0.0,0.0,0.0
13,55,1,0,0.12,0.13186600066084275,0.13186600066084275,-0.05580945602154761,0.05580945602154761,0.2159055909090225,1,0,0,0.0,0.0,0.0
13,55,1,0,0.16,0.13186600066084275,0.13186600066084275,-0.05580945602154761,0.05580945602154761,0.2159055909090225,1,0,0,0.0,0.0,0.0
13,55,1,0,0.2,0.13186600066084275,0.13186600066084275,-0.05580945602154761,0.05580945602154761,0.2159055909090225,1,0,0,0.0,0.0,0.0
13,55,1,0,0.25,0.13186600066084275,0.13186600066084275,-0.05580945602154761,0.05580945602154761,0.2159055909090225,1,0,0,0.0,0.0,0.0
13,55,1,0,0.3,0.13186600066084275,0.13186600066084275,-0.05580945602154761,0.05580945602154761,0.2159055909090225,1,0,0,0.0,0.0,0.0
13,55,1,0,0.35,0.13186600066084275,0.13186600066084275,-0.05580945602154761,0.05580945602154761,0.2159055909090225,1,0,0,0.0,0.0,0.0
13,55,1,1,0.02,0.04000000000000001,0.040000000000000036,0.016929141929492103,-0.016929141929492103,0.2159055909090225,0,0,0,0.0,0.0,0.0
13,55,1,1,0.05,0.10000000000000003,0.10000000000000003,0.04232285482373026,-0.04232285482373026,0.2159055909090225,0,0,0,0.0,0.0,0.0
13,55,1,1,0.08,0.15999999999999998,0.15999999999999998,0.06771656771796832,-0.06771656771796832,0.2159055909090225,0,0,0,0.0,0.0,0.0
13,55,1,1,0.12,0.24,0.24,0.10157485157695252,-0.10157485157695252,0.2159055909090225,0,0,0,0.0,0.0,0.0
13,55,1,1,0.16,0.32000000000000006,0.32000000000000006,0.13543313543593674,-0.13543313543593674,0.2159055909090225,0,0,0,0.0,0.0,0.0
13,55,1,1,0.2,0.39999999999999997,0.39999999999999997,0.16929141929492084,-0.16929141929492084,0.2159055909090225,0,0,0,0.0,0.0,0.0
13,55,1,1,0.25,0.5,0.5,0.2116142741186511,-0.2116142741186511,0.2159055909090225,0,0,0,0.0,0.0,0.0
13,55,1,1,0.3,0.5118660006608429,0.5118660006608429,0.21663630435172251,-0.21663630435172251,0.2159055909090225,0,0,0,0.0,0.0,0.0
13,55,1,1,0.35,0.5118660006608429,0.5118660006608429,0.21663630435172251,-0.21663630435172251,0.2159055909090225,0,0,0,0.0,0.0,0.0
13,55,2,0,0.02,0.04000000000000002,0.04000000000000002,-0.018920388602447838,0.018920388602447838,0.23541980830398856,1,0,0,0.0,0.0,0.0
13,55,2,0,0.05,0.10000000000000005,0.10000000000000005,-0.047300971506119595,0.047300971506119595,0.23541980830398856,1,0,0,0.0,0.0,0.0
13,55,2,0,0.08,0.13186600066084275,0.13186600066084275,-0.062373899398844655,0.062373899398844655,0.23541980830398856,1,0,0,0.0,0.0,0.0
13,55,2,0,0.12,0.13186600066084275,0.13186600066084275,-0.062373899398844655,0.062373899398844655,0.23541980830398856,1,0,0,0.0,0.0,0.0
13,55,2,0,0.16,0.13186600066084275,0.13186600066084275,-0.062373899398844655,0.062373899398844655,0.23541980830398856,1,0,0,0.0,0.0,0.0
13,55,2,0,0.2,0.13186600066084275,0.13186600066084275,-0.062373899398844655,0.062373899398844655,0.23541980830398856,1,0,0,0.0,0.0,0.0
13,55,2,0,0.25,0.13186600066084275,0.13186600066084275,-0.062373899398844655,0.062373899398844655,0.23541980830398856,1,0,0,0.0,0.0,0.0
13,55,2,0,0.3,0.13186600066084275,0.13186600066084275,-0.062373899398844655,0.062373899398844655,0.23541980830398856,1,0,0,0.0,0.0,0.0
13,55,2,0,0.35,0.13186600066084275,0.13186600066084275,-0.062373899398844655,0.062373899398844655,0.23541980830398856,1,0,0,0.0,0.0,0.0
13,55,2,1,0.02,0.04000000000000001,0.040000000000000036,0.018920388602447838,-0.018920388602447838,0.23541980830398856,0,0,0,0.0,0.0,0.0
13,55,2,1,0.05,0.10000000000000003,0.10000000000000003,0.047300971506119595,-0.047300971506119595,0.23541980830398856,0,0,0,0.0,0.0,0.0
13,55,2,1,0.08,0.15999999999999998,0.15999999999999998,0.07568155440979125,-0.07568155440979125,0.23541980830398856,0,0,0,0.0,0.0,0.0
13,55,2,1,0.12,0.24,0.24,0.11352233161468693,-0.11352233161468693,0.23541980830398856,0,0,0,0.0,0.0,0.0
13,55,2,1,0.16,0.32000000000000006,0.32000000000000006,0.1513631088195826,-0.1513631088195826,0.23541980830398856,0,0,0,0.0,0.0,0.0
13,55,2,1,0.2,0.39999999999999997,0.39999999999999997,0.18920388602447819,-0.18920388602447819,0.23541980830398856,0,0,0,0.0,0.0,0.0
13,55,2,1,0.25,0.5,0.5,0.23650485753059777,-0.23650485753059777,0.23541980830398856,0,0,0,0.0,0.0,0.0
13,55,2,1,0.3,0.5118660006608429,0.5118660006608429,0.24211759112209902,-0.24211759112209902,0.23541980830398856,0,1,0,0.19580253117877233,0.0,0.19580253117877233
13,55,2,1,0.35,0.5118660006608429,0.5118660006608429,0.24211759112209902,-0.24211759112209902,0.23541980830398856,0,1,0,0.19580253117877233,0.0,0.19580253117877233
13,55,4,0,0.02,0.04000000000000001,0.04000000000000002,-0.014260002490800425,0.014260002490800425,0.18974802440984406,1,0,0,0.0,0.0,0.0
13,55,4,0,0.05,0.10000000000000003,0.10000000000000005,-0.03565000622700106,0.03565000622700106,0.18974802440984406,1,0,0,0.0,0.0,0.0
13,55,4,0,0.08,0.15999999999999998,0.15999999999999998,-0.05704000996320162,0.05704000996320162,0.18974802440984406,1,0,0,0.0,0.0,0.0
13,55,4,0,0.12,0.21135476144094117,0.21135476144094117,-0.07534798561475872,0.07534798561475872,0.18974802440984406,1,0,0,0.0,0.0,0.0
13,55,4,0,0.16,0.21135476144094117,0.21135476144094117,-0.07534798561475872,0.07534798561475872,0.18974802440984406,1,0,0,0.0,0.0,0.0
13,55,4,0,0.2,0.21135476144094117,0.21135476144094117,-0.07534798561475872,0.07534798561475872,0.18974802440984406,1,0,0,0.0,0.0,0.0
13,55,4,0,0.25,0.21135476144094117,0.21135476144094117,-0.07534798561475872,0.07534798561475872,0.18974802440984406,1,0,0,0.0,0.0,0.0
13,55,4,0,0.3,0.21135476144094117,0.21135476144094117,-0.07534798561475872,0.07534798561475872,0.18974802440984406,1,0,0,0.0,0.0,0.0
13,55,4,0,0.35,0.21135476144094117,0.21135476144094117,-0.07534798561475872,0.07534798561475872,0.18974802440984406,1,0,0,0.0,0.0,0.0
13,55,4,1,0.02,0.040000000000000036,0.040000000000000036,0.014260002490800425,-0.014260002490800425,0.18974802440984406,0,0,0,0.0,0.0,0.0
13,55,4,1,0.05,0.10000000000000003,0.10000000000000003,0.03565000622700106,-0.03565000622700106,0.18974802440984406,0,0,0,0.0,0.0,0.0
13,55,4,1,0.08,0.15999999999999998,0.15999999999999998,0.05704000996320162,-0.05704000996320162,0.18974802440984406,0,0,0,0.0,0.0,0.0
13,55,4,1,0.12,0.24,0.24,0.08556001494480246,-0.08556001494480246,0.18974802440984406,0,0,0,0.0,0.0,0.0
13,55,4,1,0.16,0.32000000000000006,0.32000000000000006,0.11408001992640332,-0.11408001992640332,0.18974802440984406,0,0,0,0.0,0.0,0.0
13,55,4,1,0.2,0.39999999999999997,0.39999999999999997,0.14260002490800408,-0.14260002490800414,0.18974802440984406,0,0,0,0.0,0.0,0.0
13,55,4,1,0.25,0.5,0.5,0.17825003113500515,-0.17825003113500515,0.18974802440984406,0,0,0,0.0,0.0,0.0
13,55,4,1,0.3,0.5913547614409413,0.5913547614409413,0.21081800927736266,-0.21081800927736263,0.18974802440984406,0,1,0,0.0,0.0,0.0
13,55,4,1,0.35,0.5913547614409413,0.5913547614409413,0.21081800927736266,-0.21081800927736263,0.18974802440984406,0,1,0,0.0,0.0,0.0
13,55,5,0,0.02,0.04000000000000001,0.04000000000000002,-0.01674651344516421,0.01674651344516421,0.21411583176260912,1,0,0,0.0,0.0,0.0
13,55,5,0,0.05,0.10000000000000003,0.10000000000000005,-0.041866283612910525,0.041866283612910525,0.21411583176260912,1,0,0,0.0,0.0,0.0
13,55,5,0,0.08,0.15999999999999998,0.15999999999999998,-0.06698605378065675,0.06698605378065675,0.21411583176260912,1,0,0,0.0,0.0,0.0
13,55,5,0,0.12,0.21135476144094117,0.21135476144094117,-0.08848638385425484,0.08848638385425484,0.21411583176260912,1,0,0,0.0,0.0,0.0
13,55,5,0,0.16,0.21135476144094117,0.21135476144094117,-0.08848638385425484,0.08848638385425484,0.21411583176260912,1,0,0,0.0,0.0,0.0
13,55,5,0,0.2,0.21135476144094117,0.21135476144094117,-0.08848638385425484,0.08848638385425484,0.21411583176260912,1,0,0,0.0,0.0,0.0
13,55,5,0,0.25,0.21135476144094117,0.21135476144094117,-0.08848638385425484,0.08848638385425484,0.21411583176260912,1,0,0,0.0,0.0,0.0
13,55,5,0,0.3,0.21135476144094117,0.21135476144094117,-0.08848638385425484,0.08848638385425484,0.21411583176260912,1,0,0,0.0,0.0,0.0
13,55,5,0,0.35,0.21135476144094117,0.21135476144094117,-0.08848638385425484,0.08848638385425484,0.21411583176260912,1,0,0,0.0,0.0,0.0
13,55,5,1,0.02,0.040000000000000036,0.040000000000000036,0.01674651344516421,-0.01674651344516421,0.21411583176260912,0,0,0,0.0,0.0,0.0
13,55,5,1,0.05,0.10000000000000003,0.10000000000000003,0.041866283612910525,-0.041866283612910525,0.21411583176260912,0,0,0,0.0,0.0,0.0
13,55,5,1,0.08,0.15999999999999998,0.15999999999999998,0.06698605378065675,-0.06698605378065675,0.21411583176260912,0,0,0,0.0,0.0,0.0
13,55,5,1,0.12,0.24,0.24,0.10047908067098517,-0.10047908067098517,0.21411583176260912,0,0,0,0.0,0.0,0.0
13,55,5,1,0.16,0.32000000000000006,0.32000000000000006,0.13397210756131359,-0.13397210756131359,0.21411583176260912,0,0,0,0.0,0.0,0.0
13,55,5,1,0.2,0.39999999999999997,0.39999999999999997,0.1674651344516419,-0.16746513445164196,0.21411583176260912,0,0,0,0.0,0.0,0.0
13,55,5,1,0.25,0.5,0.5,0.20933141806455244,-0.20933141806455244,0.21411583176260912,0,0,0,0.0,0.0,0.0
13,55,5,1,0.3,0.5913547614409413,0.5913547614409413,0.24757826158331472,-0.2475782615833147,0.21411583176260912,0,1,0,0.0,0.0,0.0
13,55,5,1,0.35,0.5913547614409413,0.5913547614409413,0.24757826158331472,-0.2475782615833147,0.21411583176260912,0,1,0,0.0,0.0,0.0
14,56,0,0,0.02,0.04000000000000001,0.04000000000000001,-0.016265599289784608,0.016265599289784608,0.22829097280462696,1,0,0,0.0,0.0,0.0
14,56,0,0,0.05,0.10000000000000003,0.10000000000000003,-0.04066399822446152,0.04066399822446152,0.22829097280462696,1,0,0,0.0,0.0,0.0
14,56,0,0,0.08,0.15999999999999998,0.15999999999999998,-0.06506239715913834,0.06506239715913834,0.22829097280462696,1,0,0,0.0,0.0,0.0
14,56,0,0,0.12,0.24,0.24,-0.09759359573870756,0.09759359573870756,0.22829097280462696,1,0,0,0.0,0.0,0.0
14,56,0,0,0.16,0.32000000000000006,0.32000000000000006,-0.13012479431827678,0.13012479431827678,0.22829097280462696,1,0,0,0.0,0.0,0.0
14,56,0,0,0.2,0.3751826978735866,0.3751826978735866,-0.15256428560180194,0.15256428560180194,0.22829097280462696,1,0,0,0.0,0.0,0.0
14,56,0,0,0.25,0.3751826978735866,0.3751826978735866,-0.15256428560180194,0.15256428560180194,0.22829097280462696,1,0,0,0.0,0.0,0.0
14,56,0,0,0.3,0.3751826978735866,0.3751826978735866,-0.15256428560180194,0.15256428560180194,0.22829097280462696,1,0,0,0.0,0.0,0.0
14,56,0,0,0.35,0.3751826978735866,0.3751826978735866,-0.15256428560180194,0.15256428560180194,0.22829097280462696,1,0,0,0.0,0.0,0.0
14,56,0,1,0.02,0.040000000000000036,0.040000000000000036,0.012264818402453605,-0.012264818402453605,0.22829097280462696,0,0,0,0.0,0.0,0.0
14,56,0,1,0.05,0.10000000000000003,0.10000000000000003,0.030662046006134012,-0.030662046006134012,0.22829097280462696,0,0,0,0.0,0.0,0.0
14,56,0,1,0.08,0.15999999999999998,0.15999999999999998,0.04905927360981435,-0.04905927360981435,0.22829097280462696,0,0,0,0.0,0.0,0.0
14,56,0,1,0.12,0.24,0.24,0.07358891041472157,-0.07358891041472157,0.22829097280462696,0,0,0,0.0,0.0,0.0
14,56,0,1,0.16,0.32000000000000006,0.32000000000000006,0.09811854721962877,-0.09811854721962877,0.22829097280462696,0,0,0,0.0,0.0,0.0
14,56,0,1,0.2,0.39999999999999997,0.39999999999999997,0.12264818402453592,-0.12264818402453595,0.22829097280462696,0,0,0,0.0,0.0,0.0
14,56,0,1,0.25,0.5,0.5,0.15331023003066993,-0.15331023003066993,0.22829097280462696,0,0,0,0.0,0.0,0.0
14,56,0,1,0.3,0.599534900749749,0.599534900749749,0.18382966709071777,-0.18382966709071777,0.22829097280462696,0,0,0,0.0,0.0,0.0
14,56,0,1,0.35,0.599534900749749,0.599534900749749,0.18382966709071777,-0.18382966709071777,0.22829097280462696,0,0,0,0.0,0.0,0.0
14,56,1,0,0.02,0.04000000000000001,0.04000000000000001,-0.020898416848495225,0.020898416848495225,0.2548044851152531,1,0,0,0.0,0.0,0.0
14,56,1,0,0.05,0.10000000000000003,0.10000000000000003,-0.05224604212123806,0.05224604212123806,0.2548044851152531,1,0,0,0.0,0.0,0.0
14,56,1,0,0.08,0.15999999999999998,0.15999999999999998,-0.08359366739398078,0.08359366739398078,0.2548044851152531,1,0,0,0.0,0.0,0.0
14,56,1,0,0.12,0.24,0.24,-0.12539050109097122,0.12539050109097122,0.2548044851152531,1,0,0,0.0,0.0,0.0
14,56,1,0,0.16,0.32000000000000006,0.32000000000000006,-0.16718733478796166,0.16718733478796166,0.2548044851152531,1,0,0,0.0,0.0,0.0
14,56,1,0,0.2,0.3751826978735866,0.3751826978735866,-0.1960181103626312,0.1960181103626312,0.2548044851152531,1,0,0,0.0,0.0,0.0
14,56,1,0,0.25,0.3751826978735866,0.3751826978735866,-0.1960181103626312,0.1960181103626312,0.2548044851152531,1,0,0,0.0,0.0,0.0
14,56,1,0,0.3,0.3751826978735866,0.3751826978735866,-0.1960181103626312,0.1960181103626312,0.2548044851152531,1,0,0,0.0,0.0,0.0
14,56,1,0,0.35,0.3751826978735866,0.3751826978735866,-0.1960181103626312,0.1960181103626312,0.2548044851152531,1,0,0,0.0,0.0,0.0
14,56,1,1,0.02,0.040000000000000036,0.040000000000000036,0.020898416848495225,-0.020898416848495225,0.2548044851152531,0,0,0,0.0,0.0,0.0
14,56,1,1,0.05,0.10000000000000003,0.10000000000000003,0.05224604212123806,-0.05224604212123806,0.2548044851152531,0,0,0,0.0,0.0,0.0
14,56,1,1,0.08,0.15999999999999998,0.15999999999999998,0.08359366739398078,-0.08359366739398078,0.2548044851152531,0,0,0,0.0,0.0,0.0
14,56,1,1,0.12,0.24,0.24,0.12539050109097122,-0.12539050109097122,0.2548044851152531,0,0,0,0.0,0.0,0.0
14,56,1,1,0.16,0.32000000000000006,0.32000000000000006,0.16718733478796166,-0.16718733478796166,0.2548044851152531,0,0,0,0.0,0.0,0.0
14,56,1,1,0.2,0.39999999999999997,0.39999999999999997,0.208984168484952,-0.20898416848495205,0.2548044851152531,0,0,0,0.0,0.0,0.0
14,56,1,1,0.25,0.5,0.5,0.26123021060619006,-0.26123021060619006,0.2548044851152531,0,1,0,0.2003998325325721,0.0,0.2003998325325721
14,56,1,1,0.3,0.6000000000000001,0.6000000000000001,0.31347625272742813,-0.3134762527274281,0.2548044851152531,0,1,0,0.2003998325325721,0.0,0.2003998325325721
14,56,1,1,0.35,0.7,0.7,0.3657222948486661,-0.3657222948486661,0.2548044851152531,0,1,0,0.2003998325325721,0.0,0.2003998325325721
14,56,3,0,0.02,0.040000000000000036,0.040000000000000036,-0.01853925307606144,0.01853925307606144,0.23168468014540206,1,0,0,0.0,0.0,0.0
14,56,3,0,0.05,0.10000000000000003,0.10000000000000003,-0.0463481326901536,0.0463481326901536,0.23168468014540206,1,0,0,0.0,0.0,0.0
14,56,3,0,0.08,0.15999999999999998,0.15999999999999998,-0.07415701230424566,0.07415701230424566,0.23168468014540206,1,0,0,0.0,0.0,0.0
14,56,3,0,0.12,0.24,0.24,-0.11123551845636855,0.11123551845636855,0.23168468014540206,1,0,0,0.0,0.0,0.0
14,56,3,0,0.16,0.32000000000000006,0.32000000000000006,-0.1483140246084914,0.1483140246084914,0.23168468014540206,1,0,0,0.0,0.0,0.0
14,56,3,0,0.2,0.39999999999999997,0.39999999999999997,-0.18539253076061424,0.1853925307606142,0.23168468014540206,1,0,0,0.0,0.0,0.0
14,56,3,0,0.25,0.5,0.5,-0.2317406634507678,0.2317406634507678,0.23168468014540206,1,0,0,0.0,0.0,0.0
14,56,3,0,0.3,0.599534900749749,0.599534900749749,-0.27787323132327413,0.27787323132327413,0.23168468014540206,1,1,0,0.0,0.0,0.0
14,56,3,0,0.35,0.599534900749749,0.599534900749749,-0.27787323132327413,0.27787323132327413,0.23168468014540206,1,1,0,0.0,0.0,0.0
14,56,3,1,0.02,0.04000000000000005,0.040000000000000036,0.018539253076061447,-0.01853925307606144,0.23168468014540206,0,0,0,0.0,0.0,0.0
14,56,3,1,0.05,0.09999999999999998,0.10000000000000003,0.04634813269015355,-0.04634813269015355,0.23168468014540206,0,0,0,0.0,0.0,0.0
14,56,3,1,0.08,0.16000000000000003,0.16000000000000003,0.0741570123042457,-0.07415701230424565,0.23168468014540206,0,0,0,0.0,0.0,0.0
14,56,3,1,0.12,0.24,0.24,0.11123551845636855,-0.11123551845636855,0.23168468014540206,0,0,0,0.0,0.0,0.0
14,56,3,1,0.16,0.32000000000000006,0.32,0.1483140246084914,-0.14831402460849136,0.23168468014540206,0,0,0,0.0,0.0,0.0
14,56,3,1,0.2,0.4,0.4,0.18539253076061424,-0.18539253076061418,0.23168468014540206,0,0,0,0.0,0.0,0.0
14,56,3,1,0.25,0.5,0.5,0.23174066345076785,-0.2317406634507678,0.23168468014540206,0,0,0,0.0,0.0,0.0
14,56,3,1,0.3,0.6,0.6000000000000001,0.27808879614092136,-0.27808879614092136,0.23168468014540206,0,1,0,0.0,0.0,0.0
14,56,3,1,0.35,0.7,0.7,0.3244369288310749,-0.3244369288310749,0.23168468014540206,0,1,0,0.0,0.0,0.0
15,57,0,0,0.02,0.04000000000000001,0.04000000000000002,-0.016365176783321753,0.016365176783321753,0.2088952669472996,1,0,0,0.0,0.0,0.0
15,57,0,0,0.05,0.10000000000000003,0.10000000000000005,-0.04091294195830438,0.04091294195830438,0.2088952669472996,1,0,0,0.0,0.0,0.0
15,57,0,0,0.08,0.15999999999999998,0.15999999999999998,-0.06546070713328692,0.06546070713328692,0.2088952669472996,1,0,0,0.0,0.0,0.0
15,57,0,0,0.12,0.24,0.24,-0.09819106069993042,0.09819106069993042,0.2088952669472996,1,0,0,0.0,0.0,0.0
15,57,0,0,0.16,0.24653108905799304,0.246531089057993,-0.10086312137547228,0.10086312137547228,0.2088952669472996,1,0,0,0.0,0.0,0.0
15,57,0,0,0.2,0.24653108905799304,0.246531089057993,-0.10086312137547228,0.10086312137547228,0.2088952669472996,1,0,0,0.0,0.0,0.0
15,57,0,0,0.25,0.24653108905799304,0.246531089057993,-0.10086312137547228,0.10086312137547228,0.2088952669472996,1,0,0,0.0,0.0,0.0
15,57,0,0,0.3,0.24653108905799304,0.246531089057993,-0.10086312137547228,0.10086312137547228,0.2088952669472996,1,0,0,0.0,0.0,0.0
15,57,0,0,0.35,0.24653108905799304,0.246531089057993,-0.10086312137547228,0.10086312137547228,0.2088952669472996,1,0,0,0.0,0.0,0.0
15,57,0,1,0.02,0.04000000000000001,0.040000000000000036,0.013024760199002672,-0.013024760199002672,0.2088952669472996,0,0,0,0.0,0.0,0.0
15,57,0,1,0.05,0.10000000000000003,0.10000000000000003,0.03256190049750668,-0.03256190049750668,0.2088952669472996,0,0,0,0.0,0.0,0.0
15,57,0,1,0.08,0.15999999999999998,0.15999999999999998,0.05209904079601062,-0.05209904079601062,0.2088952669472996,0,0,0,0.0,0.0,0.0
15,57,0,1,0.12,0.24,0.24,0.07814856119401596,-0.07814856119401596,0.2088952669472996,0,0,0,0.0,0.0,0.0
15,57,0,1,0.16,0.32000000000000006,0.32000000000000006,0.1041980815920213,-0.1041980815920213,0.2088952669472996,0,0,0,0.0,0.0,0.0
15,57,0,1,0.2,0.39999999999999997,0.39999999999999997,0.13024760199002658,-0.13024760199002658,0.2088952669472996,0,0,0,0.0,0.0,0.0
15,57,0,1,0.25,0.44436548631084993,0.44436548631084993,0.1446938474978005,-0.1446938474978005,0.2088952669472996,0,0,0,0.0,0.0,0.0
15,57,0,1,0.3,0.44436548631084993,0.44436548631084993,0.1446938474978005,-0.1446938474978005,0.2088952669472996,0,0,0,0.0,0.0,0.0
15,57,0,1,0.35,0.44436548631084993,0.44436548631084993,0.1446938474978005,-0.1446938474978005,0.2088952669472996,0,0,0,0.0,0.0,0.0
15,57,1,0,0.02,0.04000000000000001,0.04000000000000002,-0.019361279231434783,0.019361279231434783,0.2397405364680606,1,0,0,0.0,0.0,0.0
15,57,1,0,0.05,0.10000000000000003,0.10000000000000005,-0.04840319807858696,0.04840319807858696,0.2397405364680606,1,0,0,0.0,0.0,0.0
15,57,1,0,0.08,0.15999999999999998,0.15999999999999998,-0.07744511692573904,0.07744511692573904,0.2397405364680606,1,0,0,0.0,0.0,0.0
15,57,1,0,0.12,0.24,0.24,-0.1161676753886086,0.1161676753886086,0.2397405364680606,1,0,0,0.0,0.0,0.0
15,57,1,0,0.16,0.24653108905799304,0.246531089057993,-0.11932893136203788,0.11932893136203788,0.2397405364680606,1,0,0,0.0,0.0,0.0
15,57,1,0,0.2,0.24653108905799304,0.246531089057993,-0.11932893136203788,0.11932893136203788,0.2397405364680606,1,0,0,0.0,0.0,0.0
15,57,1,0,0.25,0.24653108905799304,0.246531089057993,-0.11932893136203788,0.11932893136203788,0.2397405364680606,1,0,0,0.0,0.0,0.0
15,57,1,0,0.3,0.24653108905799304,0.246531089057993,-0.11932893136203788,0.11932893136203788,0.2397405364680606,1,0,0,0.0,0.0,0.0
15,57,1,0,0.35,0.24653108905799304,0.246531089057993,-0.11932893136203788,0.11932893136203788,0.2397405364680606,1,0,0,0.0,0.0,0.0
15,57,1,1,0.02,0.040000000000000036,0.040000000000000036,0.019361279231434783,-0.019361279231434783,0.2397405364680606,0,0,0,0.0,0.0,0.0
15,57,1,1,0.05,0.10000000000000003,0.10000000000000003,0.04840319807858696,-0.04840319807858696,0.2397405364680606,0,0,0,0.0,0.0,0.0
15,57,1,1,0.08,0.15999999999999998,0.15999999999999998,0.07744511692573904,-0.07744511692573904,0.2397405364680606,0,0,0,0.0,0.0,0.0
15,57,1,1,0.12,0.24,0.24,0.1161676753886086,-0.1161676753886086,0.2397405364680606,0,0,0,0.0,0.0,0.0
15,57,1,1,0.16,0.32000000000000006,0.32000000000000006,0.15489023385147815,-0.15489023385147815,0.2397405364680606,0,0,0,0.0,0.0,0.0
15,57,1,1,0.2,0.39999999999999997,0.39999999999999997,0.19361279231434764,-0.1936127923143477,0.2397405364680606,0,0,0,0.0,0.0,0.0
15,57,1,1,0.25,0.5,0.5,0.2420159903929346,-0.2420159903929346,0.2397405364680606,0,0,0,0.0,0.0,0.0
15,57,1,1,0.3,0.6000000000000001,0.6000000000000001,0.29041918847152154,-0.2904191884715215,0.2397405364680606,0,1,0,0.20446076487770892,0.0,0.20446076487770892
15,57,1,1,0.35,0.6265310890579932,0.6265310890579932,0.3032610840606682,-0.3032610840606682,0.2397405364680606,0,1,0,0.20446076487770892,0.0,0.20446076487770892
15,57,3,0,0.02,0.040000000000000036,0.04000000000000001,-0.017543521521048912,0.017543521521048912,0.22192651090627902,1,0,0,0.0,0.0,0.0
15,57,3,0,0.05,0.10000000000000003,0.10000000000000003,-0.043858803802622276,0.043858803802622276,0.22192651090627902,1,0,0,0.0,0.0,0.0
15,57,3,0,0.08,0.15999999999999998,0.15999999999999998,-0.07017408608419555,0.07017408608419555,0.22192651090627902,1,0,0,0.0,0.0,0.0
15,57,3,0,0.12,0.24,0.24,-0.10526112912629336,0.10526112912629336,0.22192651090627902,1,0,0,0.0,0.0,0.0
15,57,3,0,0.16,0.32000000000000006,0.32000000000000006,-0.14034817216839118,0.14034817216839118,0.22192651090627902,1,0,0,0.0,0.0,0.0
15,57,3,0,0.2,0.39999999999999997,0.39999999999999997,-0.1754352152104889,0.1754352152104889,0.22192651090627902,1,0,0,0.0,0.0,0.0
15,57,3,0,0.25,0.44436548631084993,0.44436548631084993,-0.19489338680764384,0.19489338680764384,0.22192651090627902,1,0,0,0.0,0.0,0.0
15,57,3,0,0.3,0.44436548631084993,0.44436548631084993,-0.19489338680764384,0.19489338680764384,0.22192651090627902,1,0,0,0.0,0.0,0.0
15,57,3,0,0.35,0.44436548631084993,0.44436548631084993,-0.19489338680764384,0.19489338680764384,0.22192651090627902,1,0,0,0.0,0.0,0.0
15,57,3,1,0.02,0.040000000000000036,0.040000000000000036,0.017543521521048912,-0.017543521521048912,0.22192651090627902,0,0,0,0.0,0.0,0.0
15,57,3,1,0.05,0.10000000000000003,0.10000000000000003,0.043858803802622276,-0.043858803802622276,0.22192651090627902,0,0,0,0.0,0.0,0.0
15,57,3,1,0.08,0.15999999999999998,0.15999999999999998,0.07017408608419555,-0.07017408608419559,0.22192651090627902,0,0,0,0.0,0.0,0.0
15,57,3,1,0.12,0.24,0.24,0.10526112912629336,-0.10526112912629336,0.22192651090627902,0,0,0,0.0,0.0,0.0
15,57,3,1,0.16,0.32000000000000006,0.32000000000000006,0.14034817216839118,-0.14034817216839118,0.22192651090627902,0,0,0,0.0,0.0,0.0
15,57,3,1,0.2,0.39999999999999997,0.39999999999999997,0.1754352152104889,-0.17543521521048897,0.22192651090627902,0,0,0,0.0,0.0,0.0
15,57,3,1,0.25,0.5,0.5,0.21929401901311119,-0.21929401901311119,0.22192651090627902,0,0,0,0.0,0.0,0.0
15,57,3,1,0.3,0.6000000000000001,0.6000000000000001,0.2631528228157335,-0.26315282281573343,0.22192651090627902,0,1,0,0.0,0.0,0.0
15,57,3,1,0.35,0.7,0.7,0.3070116266183556,-0.3070116266183556,0.22192651090627902,0,1,0,0.0,0.0,0.0
16,58,0,0,0.02,0.04000000000000002,0.04000000000000002,-0.012988972147989929,0.012988972147989929,0.16263064996085663,1,0,0,0.0,0.0,0.0
16,58,0,0,0.05,0.10000000000000005,0.10000000000000005,-0.03247243036997482,0.03247243036997482,0.16263064996085663,1,0,0,0.0,0.0,0.0
16,58,0,0,0.08,0.1292474213692303,0.1292474213692303,-0.04196977890911122,0.04196977890911122,0.16263064996085663,1,0,0,0.0,0.0,0.0
16,58,0,0,0.12,0.1292474213692303,0.1292474213692303,-0.04196977890911122,0.04196977890911122,0.16263064996085663,1,0,0,0.0,0.0,0.0
16,58,0,0,0.16,0.1292474213692303,0.1292474213692303,-0.04196977890911122,0.04196977890911122,0.16263064996085663,1,0,0,0.0,0.0,0.0
16,58,0,0,0.2,0.1292474213692303,0.1292474213692303,-0.04196977890911122,0.04196977890911122,0.16263064996085663,1,0,0,0.0,0.0,0.0
16,58,0,0,0.25,0.1292474213692303,0.1292474213692303,-0.04196977890911122,0.04196977890911122,0.16263064996085663,1,0,0,0.0,0.0,0.0
16,58,0,0,0.3,0.1292474213692303,0.1292474213692303,-0.04196977890911122,0.04196977890911122,0.16263064996085663,1,0,0,0.0,0.0,0.0
16,58,0,0,0.35,0.1292474213692303,0.1292474213692303,-0.04196977890911122,0.04196977890911122,0.16263064996085663,1,0,0,0.0,0.0,0.0
16,58,0,1,0.02,0.04000000000000002,0.04000000000000001,0.009565967835691525,-0.009565967835691525,0.16263064996085663,0,0,0,0.0,0.0,0.0
16,58,0,1,0.05,0.10000000000000005,0.10000000000000003,0.02391491958922881,-0.02391491958922881,0.16263064996085663,0,0,0,0.0,0.0,0.0
16,58,0,1,0.08,0.15999999999999998,0.15999999999999998,0.03826387134276604,-0.03826387134276604,0.16263064996085663,0,0,0,0.0,0.0,0.0
16,58,0,1,0.12,0.21343479727910047,0.21343479727910047,0.05104276014473034,-0.05104276014473034,0.16263064996085663,0,0,0,0.0,0.0,0.0
16,58,0,1,0.16,0.21343479727910047,0.21343479727910047,0.05104276014473034,-0.05104276014473034,0.16263064996085663,0,0,0,0.0,0.0,0.0
16,58,0,1,0.2,0.21343479727910047,0.21343479727910047,0.05104276014473034,-0.05104276014473034,0.16263064996085663,0,0,0,0.0,0.0,0.0
16,58,0,1,0.25,0.21343479727910047,0.21343479727910047,0.05104276014473034,-0.05104276014473034,0.16263064996085663,0,0,0,0.0,0.0,0.0
16,58,0,1,0.3,0.21343479727910047,0.21343479727910047,0.05104276014473034,-0.05104276014473034,0.16263064996085663,0,0,0,0.0,0.0,0.0
16,58,0,1,0.35,0.21343479727910047,0.21343479727910047,0.05104276014473034,-0.05104276014473034,0.16263064996085663,0,0,0,0.0,0.0,0.0
16,58,1,0,0.02,0.04000000000000002,0.04000000000000002,-0.015655097397466924,0.015655097397466924,0.1908958765772023,1,0,0,0.0,0.0,0.0
16,58,1,0,0.05,0.10000000000000005,0.10000000000000005,-0.03913774349366731,0.03913774349366731,0.1908958765772023,1,0,0,0.0,0.0,0.0
16,58,1,0,0.08,0.1292474213692303,0.1292474213692303,-0.050584524247668655,0.050584524247668655,0.1908958765772023,1,0,0,0.0,0.0,0.0
16,58,1,0,0.12,0.1292474213692303,0.1292474213692303,-0.050584524247668655,0.050584524247668655,0.1908958765772023,1,0,0,0.0,0.0,0.0
16,58,1,0,0.16,0.1292474213692303,0.1292474213692303,-0.050584524247668655,0.050584524247668655,0.1908958765772023,1,0,0,0.0,0.0,0.0
16,58,1,0,0.2,0.1292474213692303,0.1292474213692303,-0.050584524247668655,0.050584524247668655,0.1908958765772023,1,0,0,0.0,0.0,0.0
16,58,1,0,0.25,0.1292474213692303,0.1292474213692303,-0.050584524247668655,0.050584524247668655,0.1908958765772023,1,0,0,0.0,0.0,0.0
16,58,1,0,0.3,0.1292474213692303,0.1292474213692303,-0.050584524247668655,0.050584524247668655,0.1908958765772023,1,0,0,0.0,0.0,0.0
16,58,1,0,0.35,0.1292474213692303,0.1292474213692303,-0.050584524247668655,0.050584524247668655,0.1908958765772023,1,0,0,0.0,0.0,0.0
16,58,1,1,0.02,0.04000000000000001,0.040000000000000036,0.015655097397466924,-0.015655097397466924,0.1908958765772023,0,0,0,0.0,0.0,0.0
16,58,1,1,0.05,0.10000000000000003,0.10000000000000003,0.03913774349366731,-0.03913774349366731,0.1908958765772023,0,0,0,0.0,0.0,0.0
16,58,1,1,0.08,0.15999999999999998,0.15999999999999998,0.06262038958986761,-0.06262038958986761,0.1908958765772023,0,0,0,0.0,0.0,0.0
16,58,1,1,0.12,0.24,0.24,0.09393058438480147,-0.09393058438480147,0.1908958765772023,0,0,0,0.0,0.0,0.0
16,58,1,1,0.16,0.32000000000000006,0.32000000000000006,0.1252407791797353,-0.1252407791797353,0.1908958765772023,0,0,0,0.0,0.0,0.0
16,58,1,1,0.2,0.39999999999999997,0.39999999999999997,0.15655097397466908,-0.15655097397466908,0.1908958765772023,0,0,0,0.0,0.0,0.0
16,58,1,1,0.25,0.5,0.5,0.19568871746833638,-0.19568871746833638,0.1908958765772023,0,0,0,0.0,0.0,0.0
16,58,1,1,0.3,0.5092474213692304,0.5092474213692304,0.19930794952360434,-0.19930794952360434,0.1908958765772023,0,0,0,0.0,0.0,0.0
16,58,1,1,0.35,0.5092474213692304,0.5092474213692304,0.19930794952360434,-0.19930794952360434,0.1908958765772023,0,0,0,0.0,0.0,0.0
16,58,2,0,0.02,0.04000000000000002,0.04000000000000002,-0.018833681862461454,0.018833681862461454,0.21950313676215305,1,0,0,0.0,0.0,0.0
16,58,2,0,0.05,0.10000000000000005,0.10000000000000005,-0.047084204656153636,0.047084204656153636,0.21950313676215305,1,0,0,0.0,0.0,0.0
16,58,2,0,0.08,0.1292474213692303,0.1292474213692303,-0.060855120390289584,0.060855120390289584,0.21950313676215305,1,0,0,0.0,0.0,0.0
16,58,2,0,0.12,0.1292474213692303,0.1292474213692303,-0.060855120390289584,0.060855120390289584,0.21950313676215305,1,0,0,0.0,0.0,0.0
16,58,2,0,0.16,0.1292474213692303,0.1292474213692303,-0.060855120390289584,0.060855120390289584,0.21950313676215305,1,0,0,0.0,0.0,0.0
16,58,2,0,0.2,0.1292474213692303,0.1292474213692303,-0.060855120390289584,0.060855120390289584,0.21950313676215305,1,0,0,0.0,0.0,0.0
16,58,2,0,0.25,0.1292474213692303,0.1292474213692303,-0.060855120390289584,0.060855120390289584,0.21950313676215305,1,0,0,0.0,0.0,0.0
16,58,2,0,0.3,0.1292474213692303,0.1292474213692303,-0.060855120390289584,0.060855120390289584,0.21950313676215305,1,0,0,0.0,0.0,0.0
16,58,2,0,0.35,0.1292474213692303,0.1292474213692303,-0.060855120390289584,0.060855120390289584,0.21950313676215305,1,0,0,0.0,0.0,0.0
16,58,2,1,0.02,0.04000000000000001,0.040000000000000036,0.018833681862461454,-0.018833681862461454,0.21950313676215305,0,0,0,0.0,0.0,0.0
16,58,2,1,0.05,0.10000000000000003,0.10000000000000003,0.047084204656153636,-0.047084204656153636,0.21950313676215305,0,0,0,0.0,0.0,0.0
16,58,2,1,0.08,0.15999999999999998,0.15999999999999998,0.0753347274498457,-0.0753347274498457,0.21950313676215305,0,0,0,0.0,0.0,0.0
16,58,2,1,0.12,0.24,0.24,0.11300209117476862,-0.11300209117476862,0.21950313676215305,0,0,0,0.0,0.0,0.0
16,58,2,1,0.16,0.32000000000000006,0.32000000000000006,0.15066945489969152,-0.15066945489969152,0.21950313676215305,0,0,0,0.0,0.0,0.0
16,58,2,1,0.2,0.39999999999999997,0.39999999999999997,0.18833681862461432,-0.18833681862461432,0.21950313676215305,0,0,0,0.0,0.0,0.0
16,58,2,1,0.25,0.5,0.5,0.23542102328076797,-0.23542102328076797,0.21950313676215305,0,0,0,0.0,0.0,0.0
16,58,2,1,0.3,0.5092474213692304,0.5092474213692304,0.23977509808367328,-0.23977509808367328,0.21950313676215305,0,0,0,0.0,0.0,0.0
16,58,2,1,0.35,0.5092474213692304,0.5092474213692304,0.23977509808367328,-0.23977509808367328,0.21950313676215305,0,0,0,0.0,0.0,0.0
16,58,4,0,0.02,0.04000000000000001,0.04000000000000002,-0.01215189404782093,0.01215189404782093,0.15936704643038835,1,0,0,0.0,0.0,0.0
16,58,4,0,0.05,0.10000000000000003,0.10000000000000005,-0.030379735119552324,0.030379735119552324,0.15936704643038835,1,0,0,0.0,0.0,0.0
16,58,4,0,0.08,0.15999999999999998,0.15999999999999998,-0.048607576191283655,0.048607576191283655,0.15936704643038835,1,0,0,0.0,0.0,0.0
16,58,4,0,0.12,0.21343479727910047,0.21343479727910047,-0.06484092606634412,0.06484092606634412,0.15936704643038835,1,0,0,0.0,0.0,0.0
16,58,4,0,0.16,0.21343479727910047,0.21343479727910047,-0.06484092606634412,0.06484092606634412,0.15936704643038835,1,0,0,0.0,0.0,0.0
16,58,4,0,0.2,0.21343479727910047,0.21343479727910047,-0.06484092606634412,0.06484092606634412,0.15936704643038835,1,0,0,0.0,0.0,0.0
16,58,4,0,0.25,0.21343479727910047,0.21343479727910047,-0.06484092606634412,0.06484092606634412,0.15936704643038835,1,0,0,0.0,0.0,0.0
16,58,4,0,0.3,0.21343479727910047,0.21343479727910047,-0.06484092606634412,0.06484092606634412,0.15936704643038835,1,0,0,0.0,0.0,0.0
16,58,4,0,0.35,0.21343479727910047,0.21343479727910047,-0.06484092606634412,0.06484092606634412,0.15936704643038835,1,0,0,0.0,0.0,0.0
16,58,4,1,0.02,0.040000000000000036,0.040000000000000036,0.01215189404782093,-0.01215189404782093,0.15936704643038835,0,0,0,0.0,0.0,0.0
16,58,4,1,0.05,0.10000000000000003,0.10000000000000003,0.030379735119552324,-0.030379735119552324,0.15936704643038835,0,0,0,0.0,0.0,0.0
16,58,4,1,0.08,0.15999999999999998,0.15999999999999998,0.048607576191283655,-0.048607576191283655,0.15936704643038835,0,0,0,0.0,0.0,0.0
16,58,4,1,0.12,0.24,0.24,0.07291136428692552,-0.07291136428692552,0.15936704643038835,0,0,0,0.0,0.0,0.0
16,58,4,1,0.16,0.32000000000000006,0.32000000000000006,0.09721515238256737,-0.09721515238256737,0.15936704643038835,0,0,0,0.0,0.0,0.0
16,58,4,1,0.2,0.39999999999999997,0.39999999999999997,0.12151894047820916,-0.1215189404782092,0.15936704643038835,0,0,0,0.0,0.0,0.0
16,58,4,1,0.25,0.5,0.5,0.1518986755977615,-0.1518986755977615,0.15936704643038835,0,0,0,0.0,0.0,0.0
16,58,4,1,0.3,0.5934347972791008,0.5934347972791008,0.18028391952064296,-0.18028391952064293,0.15936704643038835,0,1,0,0.0,0.0,0.0
16,58,4,1,0.35,0.5934347972791008,0.5934347972791008,0.18028391952064296,-0.18028391952064293,0.15936704643038835,0,1,0,0.0,0.0,0.0
16,58,5,0,0.02,0.04000000000000001,0.04000000000000002,-0.015388755302952178,0.015388755302952178,0.18849879772656952,1,0,0,0.0,0.0,0.0
16,58,5,0,0.05,0.10000000000000003,0.10000000000000005,-0.038471888257380446,0.038471888257380446,0.18849879772656952,1,0,0,0.0,0.0,0.0
16,58,5,0,0.08,0.15999999999999998,0.15999999999999998,-0.06155502121180863,0.06155502121180863,0.18849879772656952,1,0,0,0.0,0.0,0.0
16,58,5,0,0.12,0.21343479727910047,0.21343479727910047,-0.08211239671158192,0.08211239671158192,0.18849879772656952,1,0,0,0.0,0.0,0.0
16,58,5,0,0.16,0.21343479727910047,0.21343479727910047,-0.08211239671158192,0.08211239671158192,0.18849879772656952,1,0,0,0.0,0.0,0.0
16,58,5,0,0.2,0.21343479727910047,0.21343479727910047,-0.08211239671158192,0.08211239671158192,0.18849879772656952,1,0,0,0.0,0.0,0.0
16,58,5,0,0.25,0.21343479727910047,0.21343479727910047,-0.08211239671158192,0.08211239671158192,0.18849879772656952,1,0,0,0.0,0.0,0.0
16,58,5,0,0.3,0.21343479727910047,0.21343479727910047,-0.08211239671158192,0.08211239671158192,0.18849879772656952,1,0,0,0.0,0.0,0.0
16,58,5,0,0.35,0.21343479727910047,0.21343479727910047,-0.08211239671158192,0.08211239671158192,0.18849879772656952,1,0,0,0.0,0.0,0.0
16,58,5,1,0.02,0.040000000000000036,0.040000000000000036,0.015388755302952178,-0.015388755302952178,0.18849879772656952,0,0,0,0.0,0.0,0.0
16,58,5,1,0.05,0.10000000000000003,0.10000000000000003,0.038471888257380446,-0.038471888257380446,0.18849879772656952,0,0,0,0.0,0.0,0.0
16,58,5,1,0.08,0.15999999999999998,0.15999999999999998,0.06155502121180863,-0.06155502121180863,0.18849879772656952,0,0,0,0.0,0.0,0.0
16,58,5,1,0.12,0.24,0.24,0.09233253181771298,-0.09233253181771298,0.18849879772656952,0,0,0,0.0,0.0,0.0
16,58,5,1,0.16,0.32000000000000006,0.32000000000000006,0.12311004242361734,-0.12311004242361734,0.18849879772656952,0,0,0,0.0,0.0,0.0
16,58,5,1,0.2,0.39999999999999997,0.39999999999999997,0.15388755302952162,-0.15388755302952165,0.18849879772656952,0,0,0,0.0,0.0,0.0
16,58,5,1,0.25,0.5,0.5,0.19235944128690205,-0.19235944128690205,0.18849879772656952,0,0,0,0.0,0.0,0.0
16,58,5,1,0.3,0.5934347972791008,0.5934347972791008,0.2283055720896276,-0.22830557208962757,0.18849879772656952,0,1,0,0.0,0.0,0.0
16,58,5,1,0.35,0.5934347972791008,0.5934347972791008,0.2283055720896276,-0.22830557208962757,0.18849879772656952,0,1,0,0.0,0.0,0.0
17,59,0,0,0.02,0.04000000000000002,0.04000000000000002,-0.014751887051648536,0.014751887051648536,0.0975676664182189,1,0,0,0.0,0.0,0.0
17,59,0,0,0.05,0.10000000000000003,0.10000000000000005,-0.03687971762912134,0.03687971762912134,0.0975676664182189,1,0,0,0.0,0.0,0.0
17,59,0,0,0.08,0.14457114206333196,0.14457114206333196,-0.05331742896615266,0.05331742896615266,0.0975676664182189,1,0,0,0.0,0.0,0.0
17,59,0,0,0.12,0.14457114206333196,0.14457114206333196,-0.05331742896615266,0.05331742896615266,0.0975676664182189,1,0,0,0.0,0.0,0.0
17,59,0,0,0.16,0.14457114206333196,0.14457114206333196,-0.05331742896615266,0.05331742896615266,0.0975676664182189,1,0,0,0.0,0.0,0.0
17,59,0,0,0.2,0.14457114206333196,0.14457114206333196,-0.05331742896615266,0.05331742896615266,0.0975676664182189,1,0,0,0.0,0.0,0.0
17,59,0,0,0.25,0.14457114206333196,0.14457114206333196,-0.05331742896615266,0.05331742896615266,0.0975676664182189,1,0,0,0.0,0.0,0.0
17,59,0,0,0.3,0.14457114206333196,0.14457114206333196,-0.05331742896615266,0.05331742896615266,0.0975676664182189,1,0,0,0.0,0.0,0.0
17,59,0,0,0.35,0.14457114206333196,0.14457114206333196,-0.05331742896615266,0.05331742896615266,0.0975676664182189,1,0,0,0.0,0.0,0.0
17,59,0,1,0.02,0.04000000000000002,0.04000000000000001,0.012973724526575763,-0.012973724526575763,0.0975676664182189,0,0,0,0.0,0.0,0.0
17,59,0,1,0.05,0.10000000000000005,0.10000000000000003,0.03243431131643941,-0.03243431131643941,0.0975676664182189,0,0,0,0.0,0.0,0.0
17,59,0,1,0.08,0.15999999999999998,0.15999999999999998,0.05189489810630298,-0.05189489810630298,0.0975676664182189,0,0,0,0.0,0.0,0.0
17,59,0,1,0.12,0.2047904603103094,0.2047904603103094,0.06642237544341499,-0.06642237544341499,0.0975676664182189,0,0,0,0.0,0.0,0.0
17,59,0,1,0.16,0.2047904603103094,0.2047904603103094,0.06642237544341499,-0.06642237544341499,0.0975676664182189,0,0,0,0.0,0.0,0.0
17,59,0,1,0.2,0.2047904603103094,0.2047904603103094,0.06642237544341499,-0.06642237544341499,0.0975676664182189,0,0,0,0.0,0.0,0.0
17,59,0,1,0.25,0.2047904603103094,0.2047904603103094,0.06642237544341499,-0.06642237544341499,0.0975676664182189,0,0,0,0.0,0.0,0.0
17,59,0,1,0.3,0.2047904603103094,0.2047904603103094,0.06642237544341499,-0.06642237544341499,0.0975676664182189,0,0,0,0.0,0.0,0.0
17,59,0,1,0.35,0.2047904603103094,0.2047904603103094,0.06642237544341499,-0.06642237544341499,0.0975676664182189,0,0,0,0.0,0.0,0.0
17,59,1,0,0.02,0.04000000000000002,0.04000000000000002,-0.016975876595042242,0.016975876595042242,0.21127082765290106,1,0,0,0.0,0.0,0.0
17,59,1,0,0.05,0.10000000000000003,0.10000000000000005,-0.0424396914876056,0.0424396914876056,0.21127082765290106,1,0,0,0.0,0.0,0.0
17,59,1,0,0.08,0.14457114206333196,0.14457114206333196,-0.06135554667178606,0.06135554667178606,0.21127082765290106,1,0,0,0.0,0.0,0.0
17,59,1,0,0.12,0.14457114206333196,0.14457114206333196,-0.06135554667178606,0.06135554667178606,0.21127082765290106,1,0,0,0.0,0.0,0.0
17,59,1,0,0.16,0.14457114206333196,0.14457114206333196,-0.06135554667178606,0.06135554667178606,0.21127082765290106,1,0,0,0.0,0.0,0.0
17,59,1,0,0.2,0.14457114206333196,0.14457114206333196,-0.06135554667178606,0.06135554667178606,0.21127082765290106,1,0,0,0.0,0.0,0.0
17,59,1,0,0.25,0.14457114206333196,0.14457114206333196,-0.06135554667178606,0.06135554667178606,0.21127082765290106,1,0,0,0.0,0.0,0.0
17,59,1,0,0.3,0.14457114206333196,0.14457114206333196,-0.06135554667178606,0.06135554667178606,0.21127082765290106,1,0,0,0.0,0.0,0.0
17,59,1,0,0.35,0.14457114206333196,0.14457114206333196,-0.06135554667178606,0.06135554667178606,0.21127082765290106,1,0,0,0.0,0.0,0.0
17,59,1,1,0.02,0.040000000000000036,0.040000000000000036,0.016975876595042242,-0.016975876595042242,0.21127082765290106,0,0,0,0.0,0.0,0.0
17,59,1,1,0.05,0.10000000000000003,0.10000000000000003,0.0424396914876056,-0.0424396914876056,0.21127082765290106,0,0,0,0.0,0.0,0.0
17,59,1,1,0.08,0.15999999999999998,0.15999999999999998,0.06790350638016887,-0.06790350638016887,0.21127082765290106,0,0,0,0.0,0.0,0.0
17,59,1,1,0.12,0.24,0.24,0.10185525957025336,-0.10185525957025336,0.21127082765290106,0,0,0,0.0,0.0,0.0
17,59,1,1,0.16,0.32000000000000006,0.32000000000000006,0.13580701276033785,-0.13580701276033785,0.21127082765290106,0,0,0,0.0,0.0,0.0
17,59,1,1,0.2,0.39999999999999997,0.39999999999999997,0.16975876595042225,-0.16975876595042225,0.21127082765290106,0,0,0,0.0,0.0,0.0
17,59,1,1,0.25,0.5,0.5,0.21219845743802784,-0.21219845743802784,0.21127082765290106,0,0,0,0.0,0.0,0.0
17,59,1,1,0.3,0.5245711420633319,0.5245711420633319,0.22262637432468718,-0.22262637432468718,0.21127082765290106,0,1,0,0.18543545385103338,0.0,0.18543545385103338
17,59,1,1,0.35,0.5245711420633319,0.5245711420633319,0.22262637432468718,-0.22262637432468718,0.21127082765290106,0,1,0,0.18543545385103338,0.0,0.18543545385103338
17,59,2,0,0.02,0.04000000000000002,0.04000000000000002,-0.019509718434702762,0.019509718434702762,0.235342325129676,1,0,0,0.0,0.0,0.0
17,59,2,0,0.05,0.10000000000000003,0.10000000000000005,-0.04877429608675691,0.04877429608675691,0.235342325129676,1,0,0,0.0,0.0,0.0
17,59,2,0,0.08,0.14457114206333196,0.14457114206333196,-0.07051355688597544,0.07051355688597544,0.235342325129676,1,0,0,0.0,0.0,0.0
17,59,2,0,0.12,0.14457114206333196,0.14457114206333196,-0.07051355688597544,0.07051355688597544,0.235342325129676,1,0,0,0.0,0.0,0.0
17,59,2,0,0.16,0.14457114206333196,0.14457114206333196,-0.07051355688597544,0.07051355688597544,0.235342325129676,1,0,0,0.0,0.0,0.0
17,59,2,0,0.2,0.14457114206333196,0.14457114206333196,-0.07051355688597544,0.07051355688597544,0.235342325129676,1,0,0,0.0,0.0,0.0
17,59,2,0,0.25,0.14457114206333196,0.14457114206333196,-0.07051355688597544,0.07051355688597544,0.235342325129676,1,0,0,0.0,0.0,0.0
17,59,2,0,0.3,0.14457114206333196,0.14457114206333196,-0.07051355688597544,0.07051355688597544,0.235342325129676,1,0,0,0.0,0.0,0.0
17,59,2,0,0.35,0.14457114206333196,0.14457114206333196,-0.07051355688597544,0.07051355688597544,0.235342325129676,1,0,0,0.0,0.0,0.0
17,59,2,1,0.02,0.040000000000000036,0.040000000000000036,0.019509718434702762,-0.019509718434702762,0.235342325129676,0,0,0,0.0,0.0,0.0
17,59,2,1,0.05,0.10000000000000003,0.10000000000000003,0.04877429608675691,-0.04877429608675691,0.235342325129676,0,0,0,0.0,0.0,0.0
17,59,2,1,0.08,0.15999999999999998,0.15999999999999998,0.07803887373881094,-0.07803887373881094,0.235342325129676,0,0,0,0.0,0.0,0.0
17,59,2,1,0.12,0.24,0.24,0.11705831060821646,-0.11705831060821646,0.235342325129676,0,0,0,0.0,0.0,0.0
17,59,2,1,0.16,0.32000000000000006,0.32000000000000006,0.156077747477622,-0.156077747477622,0.235342325129676,0,0,0,0.0,0.0,0.0
17,59,2,1,0.2,0.39999999999999997,0.39999999999999997,0.1950971843470274,-0.1950971843470274,0.235342325129676,0,0,0,0.0,0.0,0.0
17,59,2,1,0.25,0.5,0.5,0.24387148043378432,-0.24387148043378432,0.235342325129676,0,0,0,0.0,0.0,0.0
17,59,2,1,0.3,0.5245711420633319,0.5245711420633319,0.25585588201565146,-0.25585588201565146,0.235342325129676,0,1,0,0.18130363675240146,0.0,0.18130363675240146
17,59,2,1,0.35,0.5245711420633319,0.5245711420633319,0.25585588201565146,-0.25585588201565146,0.235342325129676,0,1,0,0.18130363675240146,0.0,0.18130363675240146
17,59,4,0,0.02,0.04000000000000001,0.04000000000000002,-0.015481047032313882,0.015481047032313882,0.19706994680698176,1,0,0,0.0,0.0,0.0
17,59,4,0,0.05,0.10000000000000003,0.10000000000000005,-0.03870261758078471,0.03870261758078471,0.19706994680698176,1,0,0,0.0,0.0,0.0
17,59,4,0,0.08,0.15999999999999998,0.15999999999999998,-0.061924188129255445,0.061924188129255445,0.19706994680698176,1,0,0,0.0,0.0,0.0
17,59,4,0,0.12,0.2047904603103094,0.2047904603103094,-0.07925926869582768,0.07925926869582768,0.19706994680698176,1,0,0,0.0,0.0,0.0
17,59,4,0,0.16,0.2047904603103094,0.2047904603103094,-0.07925926869582768,0.07925926869582768,0.19706994680698176,1,0,0,0.0,0.0,0.0
17,59,4,0,0.2,0.2047904603103094,0.2047904603103094,-0.07925926869582768,0.07925926869582768,0.19706994680698176,1,0,0,0.0,0.0,0.0
17,59,4,0,0.25,0.2047904603103094,0.2047904603103094,-0.07925926869582768,0.07925926869582768,0.19706994680698176,1,0,0,0.0,0.0,0.0
17,59,4,0,0.3,0.2047904603103094,0.2047904603103094,-0.07925926869582768,0.07925926869582768,0.19706994680698176,1,0,0,0.0,0.0,0.0
17,59,4,0,0.35,0.2047904603103094,0.2047904603103094,-0.07925926869582768,0.07925926869582768,0.19706994680698176,1,0,0,0.0,0.0,0.0
17,59,4,1,0.02,0.040000000000000036,0.040000000000000036,0.015481047032313882,-0.015481047032313882,0.19706994680698176,0,0,0,0.0,0.0,0.0
17,59,4,1,0.05,0.10000000000000003,0.10000000000000003,0.03870261758078471,-0.03870261758078471,0.19706994680698176,0,0,0,0.0,0.0,0.0
17,59,4,1,0.08,0.15999999999999998,0.15999999999999998,0.061924188129255445,-0.061924188129255445,0.19706994680698176,0,0,0,0.0,0.0,0.0
17,59,4,1,0.12,0.24,0.24,0.0928862821938832,-0.0928862821938832,0.19706994680698176,0,0,0,0.0,0.0,0.0
17,59,4,1,0.16,0.32000000000000006,0.32000000000000006,0.12384837625851097,-0.12384837625851097,0.19706994680698176,0,0,0,0.0,0.0,0.0
17,59,4,1,0.2,0.39999999999999997,0.39999999999999997,0.15481047032313866,-0.1548104703231387,0.19706994680698176,0,0,0,0.0,0.0,0.0
17,59,4,1,0.25,0.5,0.5,0.19351308790392335,-0.19351308790392335,0.19706994680698176,0,0,0,0.0,0.0,0.0
17,59,4,1,0.3,0.5847904603103093,0.5847904603103093,0.22632921550280938,-0.22632921550280935,0.19706994680698176,0,1,0,0.0,0.0,0.0
17,59,4,1,0.35,0.5847904603103093,0.5847904603103093,0.22632921550280938,-0.22632921550280935,0.19706994680698176,0,1,0,0.0,0.0,0.0
17,59,5,0,0.02,0.04000000000000001,0.04000000000000002,-0.018439173974186904,0.018439173974186904,0.22517215275477542,1,0,0,0.0,0.0,0.0
17,59,5,0,0.05,0.10000000000000003,0.10000000000000005,-0.046097934935467266,0.046097934935467266,0.22517215275477542,1,0,0,0.0,0.0,0.0
17,59,5,0,0.08,0.15999999999999998,0.15999999999999998,-0.07375669589674752,0.07375669589674752,0.22517215275477542,1,0,0,0.0,0.0,0.0
17,59,5,0,0.12,0.2047904603103094,0.2047904603103094,-0.09440417314789028,0.09440417314789028,0.22517215275477542,1,0,0,0.0,0.0,0.0
17,59,5,0,0.16,0.2047904603103094,0.2047904603103094,-0.09440417314789028,0.09440417314789028,0.22517215275477542,1,0,0,0.0,0.0,0.0
17,59,5,0,0.2,0.2047904603103094,0.2047904603103094,-0.09440417314789028,0.09440417314789028,0.22517215275477542,1,0,0,0.0,0.0,0.0
17,59,5,0,0.25,0.2047904603103094,0.2047904603103094,-0.09440417314789028,0.09440417314789028,0.22517215275477542,1,0,0,0.0,0.0,0.0
17,59,5,0,0.3,0.2047904603103094,0.2047904603103094,-0.09440417314789028,0.09440417314789028,0.22517215275477542,1,0,0,0.0,0.0,0.0
17,59,5,0,0.35,0.2047904603103094,0.2047904603103094,-0.09440417314789028,0.09440417314789028,0.22517215275477542,1,0,0,0.0,0.0,0.0
17,59,5,1,0.02,0.040000000000000036,0.040000000000000036,0.018439173974186904,-0.018439173974186904,0.22517215275477542,0,0,0,0.0,0.0,0.0
17,59,5,1,0.05,0.10000000000000003,0.10000000000000003,0.046097934935467266,-0.046097934935467266,0.22517215275477542,0,0,0,0.0,0.0,0.0
17,59,5,1,0.08,0.15999999999999998,0.15999999999999998,0.07375669589674752,-0.07375669589674752,0.22517215275477542,0,0,0,0.0,0.0,0.0
17,59,5,1,0.12,0.24,0.24,0.11063504384512132,-0.11063504384512132,0.22517215275477542,0,0,0,0.0,0.0,0.0
17,59,5,1,0.16,0.32000000000000006,0.32000000000000006,0.14751339179349515,-0.14751339179349515,0.22517215275477542,0,0,0,0.0,0.0,0.0
17,59,5,1,0.2,0.39999999999999997,0.39999999999999997,0.18439173974186884,-0.1843917397418689,0.22517215275477542,0,0,0,0.0,0.0,0.0
17,59,5,1,0.25,0.5,0.5,0.2304896746773361,-0.2304896746773361,0.22517215275477542,0,0,0,0.0,0.0,0.0
17,59,5,1,0.3,0.5847904603103093,0.5847904603103093,0.26957632590266567,-0.2695763259026656,0.22517215275477542,0,1,0,0.0,0.0,0.0
17,59,5,1,0.35,0.5847904603103093,0.5847904603103093,0.26957632590266567,-0.2695763259026656,0.22517215275477542,0,1,0,0.0,0.0,0.0
18,60,0,0,0.02,0.04000000000000001,0.04000000000000001,-0.015627941929460563,0.015627941929460563,0.12167764840209366,1,0,0,0.0,0.0,0.0
18,60,0,0,0.05,0.10000000000000003,0.10000000000000003,-0.039069854823651405,0.039069854823651405,0.12167764840209366,1,0,0,0.0,0.0,0.0
18,60,0,0,0.08,0.15999999999999998,0.15999999999999998,-0.06251176771784217,0.06251176771784217,0.12167764840209366,1,0,0,0.0,0.0,0.0
18,60,0,0,0.12,0.24,0.24,-0.0937676515767633,0.0937676515767633,0.12167764840209366,1,0,0,0.0,0.0,0.0
18,60,0,0,0.16,0.32000000000000006,0.32000000000000006,-0.12502353543568442,0.12502353543568442,0.12167764840209366,1,0,0,0.0,0.0,0.0
18,60,0,0,0.2,0.37226327830992356,0.37226327830992356,-0.1454427223974524,0.1454427223974524,0.12167764840209366,1,1,0,0.12167764840209372,0.0,0.12167764840209372
18,60,0,0,0.25,0.37226327830992356,0.37226327830992356,-0.1454427223974524,0.1454427223974524,0.12167764840209366,1,1,0,0.12167764840209372,0.0,0.12167764840209372
18,60,0,0,0.3,0.37226327830992356,0.37226327830992356,-0.1454427223974524,0.1454427223974524,0.12167764840209366,1,1,0,0.12167764840209372,0.0,0.12167764840209372
18,60,0,0,0.35,0.37226327830992356,0.37226327830992356,-0.1454427223974524,0.1454427223974524,0.12167764840209366,1,1,0,0.12167764840209372,0.0,0.12167764840209372
18,60,0,1,0.02,0.04000000000000001,0.04000000000000001,0.012666380404368823,-0.012666380404368823,0.12167764840209366,0,0,0,0.0,0.0,0.0
18,60,0,1,0.05,0.10000000000000003,0.10000000000000003,0.03166595101092205,-0.03166595101092205,0.12167764840209366,0,0,0,0.0,0.0,0.0
18,60,0,1,0.08,0.15999999999999998,0.15999999999999998,0.05066552161747522,-0.05066552161747522,0.12167764840209366,0,0,0,0.0,0.0,0.0
18,60,0,1,0.12,0.24,0.24,0.07599828242621286,-0.07599828242621286,0.12167764840209366,0,0,0,0.0,0.0,0.0
18,60,0,1,0.16,0.32000000000000006,0.32000000000000006,0.10133104323495051,-0.10133104323495051,0.12167764840209366,0,0,0,0.0,0.0,0.0
18,60,0,1,0.2,0.4000000000000001,0.4000000000000001,0.12666380404368816,-0.12666380404368816,0.12167764840209366,0,0,0,0.0,0.0,0.0
18,60,0,1,0.25,0.420660246923946,0.420660246923946,0.13320606771336038,-0.13320606771336038,0.12167764840209366,0,0,0,0.0,0.0,0.0
18,60,0,1,0.3,0.420660246923946,0.420660246923946,0.13320606771336038,-0.13320606771336038,0.12167764840209366,0,0,0,0.0,0.0,0.0
18,60,0,1,0.35,0.420660246923946,0.420660246923946,0.13320606771336038,-0.13320606771336038,0.12167764840209366,0,0,0,0.0,0.0,0.0
18,60,1,0,0.02,0.04000000000000001,0.04000000000000001,-0.021961966085206206,0.021961966085206206,0.24765769476685573,1,0,0,0.0,0.0,0.0
18,60,1,0,0.05,0.10000000000000003,0.10000000000000003,-0.05490491521301552,0.05490491521301552,0.24765769476685573,1,0,0,0.0,0.0,0.0
18,60,1,0,0.08,0.15999999999999998,0.15999999999999998,-0.08784786434082471,0.08784786434082471,0.24765769476685573,1,0,0,0.0,0.0,0.0
18,60,1,0,0.12,0.24,0.24,-0.13177179651123713,0.13177179651123713,0.24765769476685573,1,0,0,0.0,0.0,0.0
18,60,1,0,0.16,0.32000000000000006,0.32000000000000006,-0.17569572868164954,0.17569572868164954,0.24765769476685573,1,0,0,0.0,0.0,0.0
18,60,1,0,0.2,0.37226327830992356,0.37226327830992356,-0.20439083732525534,0.20439083732525534,0.24765769476685573,1,0,0,0.12167764840209372,0.0,0.12167764840209372
18,60,1,0,0.25,0.37226327830992356,0.37226327830992356,-0.20439083732525534,0.20439083732525534,0.24765769476685573,1,0,0,0.12167764840209372,0.0,0.12167764840209372
18,60,1,0,0.3,0.37226327830992356,0.37226327830992356,-0.20439083732525534,0.20439083732525534,0.24765769476685573,1,0,0,0.12167764840209372,0.0,0.12167764840209372
18,60,1,0,0.35,0.37226327830992356,0.37226327830992356,-0.20439083732525534,0.20439083732525534,0.24765769476685573,1,0,0,0.12167764840209372,0.0,0.12167764840209372
18,60,1,1,0.02,0.040000000000000036,0.040000000000000036,0.021961966085206206,-0.021961966085206206,0.24765769476685573,0,0,0,0.0,0.0,0.0
18,60,1,1,0.05,0.10000000000000003,0.10000000000000003,0.05490491521301552,-0.05490491521301552,0.24765769476685573,0,0,0,0.0,0.0,0.0
18,60,1,1,0.08,0.15999999999999998,0.15999999999999998,0.08784786434082471,-0.08784786434082471,0.24765769476685573,0,0,0,0.0,0.0,0.0
18,60,1,1,0.12,0.24,0.24,0.13177179651123713,-0.13177179651123713,0.24765769476685573,0,0,0,0.0,0.0,0.0
18,60,1,1,0.16,0.32000000000000006,0.32000000000000006,0.17569572868164954,-0.17569572868164954,0.24765769476685573,0,0,0,0.0,0.0,0.0
18,60,1,1,0.2,0.39999999999999997,0.39999999999999997,0.21961966085206183,-0.2196196608520619,0.24765769476685573,0,0,0,0.0,0.0,0.0
18,60,1,1,0.25,0.5,0.5,0.27452457606507735,-0.27452457606507735,0.24765769476685573,0,0,0,0.0,0.0,0.0
18,60,1,1,0.3,0.6000000000000001,0.6000000000000001,0.32942949127809285,-0.3294294912780928,0.24765769476685573,0,1,0,0.17922114696525998,0.0,0.17922114696525998
18,60,1,1,0.35,0.7,0.7,0.3843344064911083,-0.3843344064911083,0.24765769476685573,0,1,0,0.17922114696525998,0.0,0.17922114696525998
18,60,3,0,0.02,0.04000000000000001,0.04000000000000001,-0.018454122232742922,0.018454122232742922,0.21608710009468618,1,0,0,0.0,0.0,0.0
18,60,3,0,0.05,0.10000000000000003,0.10000000000000003,-0.0461353055818573,0.0461353055818573,0.21608710009468618,1,0,0,0.0,0.0,0.0
18,60,3,0,0.08,0.15999999999999998,0.15999999999999998,-0.07381648893097158,0.07381648893097158,0.21608710009468618,1,0,0,0.0,0.0,0.0
18,60,3,0,0.12,0.24,0.24,-0.11072473339645743,0.11072473339645743,0.21608710009468618,1,0,0,0.0,0.0,0.0
18,60,3,0,0.16,0.32000000000000006,0.32000000000000006,-0.14763297786194327,0.14763297786194327,0.21608710009468618,1,0,0,0.0,0.0,0.0
18,60,3,0,0.2,0.4000000000000001,0.4000000000000001,-0.18454122232742912,0.18454122232742912,0.21608710009468618,1,0,0,0.0,0.0,0.0
18,60,3,0,0.25,0.420660246923946,0.420660246923946,-0.19407289037975778,0.19407289037975778,0.21608710009468618,1,0,0,0.0,0.12167764840209372,-0.12167764840209372
18,60,3,0,0.3,0.420660246923946,0.420660246923946,-0.19407289037975778,0.19407289037975778,0.21608710009468618,1,0,0,0.0,0.12167764840209372,-0.12167764840209372
18,60,3,0,0.35,0.420660246923946,0.420660246923946,-0.19407289037975778,0.19407289037975778,0.21608710009468618,1,0,0,0.0,0.12167764840209372,-0.12167764840209372
18,60,3,1,0.02,0.040000000000000036,0.040000000000000036,0.018454122232742922,-0.018454122232742922,0.21608710009468618,0,0,0,0.0,0.0,0.0
18,60,3,1,0.05,0.10000000000000003,0.10000000000000003,0.0461353055818573,-0.0461353055818573,0.21608710009468618,0,0,0,0.0,0.0,0.0
18,60,3,1,0.08,0.15999999999999998,0.15999999999999998,0.07381648893097158,-0.07381648893097163,0.21608710009468618,0,0,0,0.0,0.0,0.0
18,60,3,1,0.12,0.24,0.24,0.11072473339645743,-0.11072473339645743,0.21608710009468618,0,0,0,0.0,0.0,0.0
18,60,3,1,0.16,0.32000000000000006,0.32000000000000006,0.14763297786194327,-0.14763297786194327,0.21608710009468618,0,0,0,0.0,0.0,0.0
18,60,3,1,0.2,0.39999999999999997,0.39999999999999997,0.184541222327429,-0.18454122232742906,0.21608710009468618,0,0,0,0.0,0.0,0.0
18,60,3,1,0.25,0.5,0.5,0.2306765279092863,-0.2306765279092863,0.21608710009468618,0,0,0,0.0,0.0,0.0
18,60,3,1,0.3,0.6000000000000001,0.6000000000000001,0.27681183349114363,-0.2768118334911436,0.21608710009468618,0,1,0,0.0,0.0,0.0
18,60,3,1,0.35,0.7,0.7,0.3229471390730008,-0.3229471390730008,0.21608710009468618,0,1,0,0.0,0.0,0.0
19,61,0,0,0.02,0.04000000000000002,0.04000000000000002,-0.01772869546332049,0.01772869546332049,0.20201881413864664,1,0,0,0.0,0.0,0.0
19,61,0,0,0.05,0.10000000000000003,0.10000000000000005,-0.04432173865830122,0.04432173865830122,0.20201881413864664,1,0,0,0.0,0.0,0.0
19,61,0,0,0.08,0.15999834881520408,0.15999834881520408,-0.0709140500194719,0.0709140500194719,0.20201881413864664,1,0,0,0.0,0.0,0.0
19,61,0,0,0.12,0.15999834881520408,0.15999834881520408,-0.0709140500194719,0.0709140500194719,0.20201881413864664,1,0,0,0.0,0.0,0.0
19,61,0,0,0.16,0.15999834881520408,0.15999834881520408,-0.0709140500194719,0.0709140500194719,0.20201881413864664,1,0,0,0.0,0.0,0.0
19,61,0,0,0.2,0.15999834881520408,0.15999834881520408,-0.0709140500194719,0.0709140500194719,0.20201881413864664,1,0,0,0.0,0.0,0.0
19,61,0,0,0.25,0.15999834881520408,0.15999834881520408,-0.0709140500194719,0.0709140500194719,0.20201881413864664,1,0,0,0.0,0.0,0.0
19,61,0,0,0.3,0.15999834881520408,0.15999834881520408,-0.0709140500194719,0.0709140500194719,0.20201881413864664,1,0,0,0.0,0.0,0.0
19,61,0,0,0.35,0.15999834881520408,0.15999834881520408,-0.0709140500194719,0.0709140500194719,0.20201881413864664,1,0,0,0.0,0.0,0.0
19,61,0,1,0.02,0.04000000000000001,0.04000000000000001,0.014460102573517509,-0.014460102573517509,0.20201881413864664,0,0,0,0.0,0.0,0.0
19,61,0,1,0.05,0.10000000000000005,0.10000000000000003,0.03615025643379377,-0.03615025643379377,0.20201881413864664,0,0,0,0.0,0.0,0.0
19,61,0,1,0.08,0.15999999999999998,0.15999999999999998,0.05784041029406995,-0.05784041029406995,0.20201881413864664,0,0,0,0.0,0.0,0.0
19,61,0,1,0.12,0.24,0.24,0.08676061544110497,-0.08676061544110497,0.20201881413864664,0,0,0,0.0,0.0,0.0
19,61,0,1,0.16,0.32000000000000006,0.32000000000000006,0.11568082058813998,-0.11568082058813998,0.20201881413864664,0,0,0,0.0,0.0,0.0
19,61,0,1,0.2,0.3255155384803114,0.3255155384803114,0.11767470189247711,-0.11767470189247711,0.20201881413864664,0,0,0,0.0,0.0,0.0
19,61,0,1,0.25,0.3255155384803114,0.3255155384803114,0.11767470189247711,-0.11767470189247711,0.20201881413864664,0,0,0,0.0,0.0,0.0
19,61,0,1,0.3,0.3255155384803114,0.3255155384803114,0.11767470189247711,-0.11767470189247711,0.20201881413864664,0,0,0,0.0,0.0,0.0
19,61,0,1,0.35,0.3255155384803114,0.3255155384803114,0.11767470189247711,-0.11767470189247711,0.20201881413864664,0,0,0,0.0,0.0,0.0
19,61,1,0,0.02,0.04000000000000002,0.04000000000000002,-0.02083661934616265,0.02083661934616265,0.24794788378854504,1,0,0,0.0,0.0,0.0
19,61,1,0,0.05,0.10000000000000003,0.10000000000000005,-0.05209154836540663,0.05209154836540663,0.24794788378854504,1,0,0,0.0,0.0,0.0
19,61,1,0,0.08,0.15999834881520408,0.15999834881520408,-0.08334561725692399,0.08334561725692399,0.24794788378854504,1,0,0,0.0,0.0,0.0
19,61,1,0,0.12,0.15999834881520408,0.15999834881520408,-0.08334561725692399,0.08334561725692399,0.24794788378854504,1,0,0,0.0,0.0,0.0
19,61,1,0,0.16,0.15999834881520408,0.15999834881520408,-0.08334561725692399,0.08334561725692399,0.24794788378854504,1,0,0,0.0,0.0,0.0
19,61,1,0,0.2,0.15999834881520408,0.15999834881520408,-0.08334561725692399,0.08334561725692399,0.24794788378854504,1,0,0,0.0,0.0,0.0
19,61,1,0,0.25,0.15999834881520408,0.15999834881520408,-0.08334561725692399,0.08334561725692399,0.24794788378854504,1,0,0,0.0,0.0,0.0
19,61,1,0,0.3,0.15999834881520408,0.15999834881520408,-0.08334561725692399,0.08334561725692399,0.24794788378854504,1,0,0,0.0,0.0,0.0
19,61,1,0,0.35,0.15999834881520408,0.15999834881520408,-0.08334561725692399,0.08334561725692399,0.24794788378854504,1,0,0,0.0,0.0,0.0
19,61,1,1,0.02,0.040000000000000036,0.040000000000000036,0.02083661934616265,-0.02083661934616265,0.24794788378854504,0,0,0,0.0,0.0,0.0
19,61,1,1,0.05,0.10000000000000003,0.10000000000000003,0.05209154836540663,-0.05209154836540663,0.24794788378854504,0,0,0,0.0,0.0,0.0
19,61,1,1,0.08,0.15999999999999998,0.15999999999999998,0.0833464773846505,-0.0833464773846505,0.24794788378854504,0,0,0,0.0,0.0,0.0
19,61,1,1,0.12,0.24,0.24,0.1250197160769758,-0.1250197160769758,0.24794788378854504,0,0,0,0.0,0.0,0.0
19,61,1,1,0.16,0.32000000000000006,0.32000000000000006,0.1666929547693011,-0.1666929547693011,0.24794788378854504,0,0,0,0.0,0.0,0.0
19,61,1,1,0.2,0.39999999999999997,0.39999999999999997,0.20836619346162627,-0.20836619346162627,0.24794788378854504,0,0,0,0.0,0.0,0.0
19,61,1,1,0.25,0.5,0.5,0.2604577418270329,-0.2604577418270329,0.24794788378854504,0,0,0,0.0,0.0,0.0
19,61,1,1,0.3,0.539998348815204,0.539998348815204,0.28129350104546896,-0.281293501045469,0.24794788378854504,0,1,0,0.2157148635999222,0.0,0.2157148635999222
19,61,1,1,0.35,0.539998348815204,0.539998348815204,0.28129350104546896,-0.281293501045469,0.24794788378854504,0,1,0,0.2157148635999222,0.0,0.2157148635999222
19,61,3,0,0.02,0.04000000000000001,0.04000000000000001,-0.01887510929078451,0.01887510929078451,0.2293135382624527,1,0,0,0.0,0.0,0.0
19,61,3,0,0.05,0.10000000000000003,0.10000000000000005,-0.04718777322696127,0.04718777322696127,0.2293135382624527,1,0,0,0.0,0.0,0.0
19,61,3,0,0.08,0.15999999999999998,0.15999999999999998,-0.07550043716313792,0.07550043716313792,0.2293135382624527,1,0,0,0.0,0.0,0.0
19,61,3,0,0.12,0.24,0.24,-0.11325065574470694,0.11325065574470694,0.2293135382624527,1,0,0,0.0,0.0,0.0
19,61,3,0,0.16,0.32000000000000006,0.32000000000000006,-0.15100087432627596,0.15100087432627596,0.2293135382624527,1,0,0,0.0,0.0,0.0
19,61,3,0,0.2,0.3255155384803114,0.3255155384803114,-0.15360353411661107,0.15360353411661107,0.2293135382624527,1,0,0,0.0,0.0,0.0
19,61,3,0,0.25,0.3255155384803114,0.3255155384803114,-0.15360353411661107,0.15360353411661107,0.2293135382624527,1,0,0,0.0,0.0,0.0
19,61,3,0,0.3,0.3255155384803114,0.3255155384803114,-0.15360353411661107,0.15360353411661107,0.2293135382624527,1,0,0,0.0,0.0,0.0
19,61,3,0,0.35,0.3255155384803114,0.3255155384803114,-0.15360353411661107,0.15360353411661107,0.2293135382624527,1,0,0,0.0,0.0,0.0
19,61,3,1,0.02,0.040000000000000036,0.040000000000000036,0.01887510929078451,-0.01887510929078451,0.2293135382624527,0,0,0,0.0,0.0,0.0
19,61,3,1,0.05,0.10000000000000003,0.10000000000000003,0.04718777322696127,-0.04718777322696127,0.2293135382624527,0,0,0,0.0,0.0,0.0
19,61,3,1,0.08,0.15999999999999998,0.15999999999999998,0.07550043716313792,-0.07550043716313792,0.2293135382624527,0,0,0,0.0,0.0,0.0
19,61,3,1,0.12,0.24,0.24,0.11325065574470694,-0.11325065574470694,0.2293135382624527,0,0,0,0.0,0.0,0.0
19,61,3,1,0.16,0.32000000000000006,0.32000000000000006,0.15100087432627596,-0.15100087432627596,0.2293135382624527,0,0,0,0.0,0.0,0.0
19,61,3,1,0.2,0.39999999999999997,0.39999999999999997,0.18875109290784486,-0.18875109290784492,0.2293135382624527,0,0,0,0.0,0.0,0.0
19,61,3,1,0.25,0.5,0.5,0.23593886613480614,-0.23593886613480614,0.2293135382624527,0,0,0,0.0,0.0,0.0
19,61,3,1,0.3,0.6000000000000001,0.6000000000000001,0.2831266393617674,-0.28312663936176735,0.2293135382624527,0,1,0,0.0,0.0,0.0
19,61,3,1,0.35,0.7,0.7,0.33031441258872857,-0.33031441258872857,0.2293135382624527,0,1,0,0.0,0.0,0.0
20,62,0,0,0.02,0.04000000000000002,0.04000000000000002,-0.01621798970051241,0.01621798970051241,0.23114468906428404,1,0,0,0.0,0.0,0.0
20,62,0,0,0.05,0.10000000000000003,0.10000000000000005,-0.04054497425128103,0.04054497425128103,0.23114468906428404,1,0,0,0.0,0.0,0.0
20,62,0,0,0.08,0.15999999999999998,0.15999999999999998,-0.06487195880204956,0.06487195880204956,0.23114468906428404,1,0,0,0.0,0.0,0.0
20,62,0,0,0.12,0.16688460835567404,0.16688460835567404,-0.06766332148715919,0.06766332148715919,0.23114468906428404,1,0,0,0.0,0.0,0.0
20,62,0,0,0.16,0.16688460835567404,0.16688460835567404,-0.06766332148715919,0.06766332148715919,0.23114468906428404,1,0,0,0.0,0.0,0.0
20,62,0,0,0.2,0.16688460835567404,0.16688460835567404,-0.06766332148715919,0.06766332148715919,0.23114468906428404,1,0,0,0.0,0.0,0.0
20,62,0,0,0.25,0.16688460835567404,0.16688460835567404,-0.06766332148715919,0.06766332148715919,0.23114468906428404,1,0,0,0.0,0.0,0.0
20,62,0,0,0.3,0.16688460835567404,0.16688460835567404,-0.06766332148715919,0.06766332148715919,0.23114468906428404,1,0,0,0.0,0.0,0.0
20,62,0,0,0.35,0.16688460835567404,0.16688460835567404,-0.06766332148715919,0.06766332148715919,0.23114468906428404,1,0,0,0.0,0.0,0.0
20,62,0,1,0.02,0.04000000000000001,0.04000000000000001,0.01219425179039998,-0.01219425179039998,0.23114468906428404,0,0,0,0.0,0.0,0.0
20,62,0,1,0.05,0.10000000000000003,0.10000000000000003,0.030485629475999948,-0.030485629475999948,0.23114468906428404,0,0,0,0.0,0.0,0.0
20,62,0,1,0.08,0.15999999999999998,0.15999999999999998,0.04877700716159985,-0.04877700716159985,0.23114468906428404,0,0,0,0.0,0.0,0.0
20,62,0,1,0.12,0.24,0.24,0.07316551074239981,-0.07316551074239981,0.23114468906428404,0,0,0,0.0,0.0,0.0
20,62,0,1,0.16,0.32000000000000006,0.32000000000000006,0.09755401432319977,-0.09755401432319977,0.23114468906428404,0,0,0,0.0,0.0,0.0
20,62,0,1,0.2,0.3532171113798886,0.3532171113798886,0.10768045982110278,-0.10768045982110278,0.23114468906428404,0,0,0,0.0,0.0,0.0
20,62,0,1,0.25,0.3532171113798886,0.3532171113798886,0.10768045982110278,-0.10768045982110278,0.23114468906428404,0,0,0,0.0,0.0,0.0
20,62,0,1,0.3,0.3532171113798886,0.3532171113798886,0.10768045982110278,-0.10768045982110278,0.23114468906428404,0,0,0,0.0,0.0,0.0
20,62,0,1,0.35,0.3532171113798886,0.3532171113798886,0.10768045982110278,-0.10768045982110278,0.23114468906428404,0,0,0,0.0,0.0,0.0
20,62,1,0,0.02,0.04000000000000002,0.04000000000000002,-0.01915142131711415,0.01915142131711415,0.2319385025125843,1,0,0,0.0,0.0,0.0
20,62,1,0,0.05,0.10000000000000003,0.10000000000000005,-0.04787855329278538,0.04787855329278538,0.2319385025125843,1,0,0,0.0,0.0,0.0
20,62,1,0,0.08,0.15999999999999998,0.15999999999999998,-0.07660568526845649,0.07660568526845649,0.2319385025125843,1,0,0,0.0,0.0,0.0
20,62,1,0,0.12,0.16688460835567404,0.16688460835567404,-0.0799019361490275,0.0799019361490275,0.2319385025125843,1,0,0,0.0,0.0,0.0
20,62,1,0,0.16,0.16688460835567404,0.16688460835567404,-0.0799019361490275,0.0799019361490275,0.2319385025125843,1,0,0,0.0,0.0,0.0
20,62,1,0,0.2,0.16688460835567404,0.16688460835567404,-0.0799019361490275,0.0799019361490275,0.2319385025125843,1,0,0,0.0,0.0,0.0
20,62,1,0,0.25,0.16688460835567404,0.16688460835567404,-0.0799019361490275,0.0799019361490275,0.2319385025125843,1,0,0,0.0,0.0,0.0
20,62,1,0,0.3,0.16688460835567404,0.16688460835567404,-0.0799019361490275,0.0799019361490275,0.2319385025125843,1,0,0,0.0,0.0,0.0
20,62,1,0,0.35,0.16688460835567404,0.16688460835567404,-0.0799019361490275,0.0799019361490275,0.2319385025125843,1,0,0,0.0,0.0,0.0
20,62,1,1,0.02,0.040000000000000036,0.040000000000000036,0.01915142131711415,-0.01915142131711415,0.2319385025125843,0,0,0,0.0,0.0,0.0
20,62,1,1,0.05,0.10000000000000003,0.10000000000000003,0.04787855329278538,-0.04787855329278538,0.2319385025125843,0,0,0,0.0,0.0,0.0
20,62,1,1,0.08,0.15999999999999998,0.15999999999999998,0.07660568526845649,-0.07660568526845649,0.2319385025125843,0,0,0,0.0,0.0,0.0
20,62,1,1,0.12,0.24,0.24,0.11490852790268478,-0.11490852790268478,0.2319385025125843,0,0,0,0.0,0.0,0.0
20,62,1,1,0.16,0.32000000000000006,0.32000000000000006,0.15321137053691308,-0.15321137053691308,0.2319385025125843,0,0,0,0.0,0.0,0.0
20,62,1,1,0.2,0.39999999999999997,0.39999999999999997,0.19151421317114128,-0.19151421317114128,0.2319385025125843,0,0,0,0.0,0.0,0.0
20,62,1,1,0.25,0.5,0.5,0.23939276646392665,-0.23939276646392665,0.2319385025125843,0,0,0,0.0,0.0,0.0
20,62,1,1,0.3,0.5468846083556742,0.5468846083556742,0.26184043866161183,-0.2618404386616118,0.2319385025125843,0,1,0,0.20098809430974784,0.0,0.20098809430974784
20,62,1,1,0.35,0.5468846083556742,0.5468846083556742,0.26184043866161183,-0.2618404386616118,0.2319385025125843,0,1,0,0.20098809430974784,0.0,0.20098809430974784
20,62,3,0,0.02,0.04000000000000001,0.04000000000000001,-0.016255770232086075,0.016255770232086075,0.20442981720481768,1,0,0,0.0,0.0,0.0
20,62,3,0,0.05,0.10000000000000003,0.10000000000000003,-0.04063942558021519,0.04063942558021519,0.20442981720481768,1,0,0,0.0,0.0,0.0
20,62,3,0,0.08,0.15999999999999998,0.15999999999999998,-0.0650230809283442,0.0650230809283442,0.20442981720481768,1,0,0,0.0,0.0,0.0
20,62,3,0,0.12,0.24,0.24,-0.09753462139251635,0.09753462139251635,0.20442981720481768,1,0,0,0.0,0.0,0.0
20,62,3,0,0.16,0.32000000000000006,0.32000000000000006,-0.1300461618566885,0.1300461618566885,0.20442981720481768,1,0,0,0.0,0.0,0.0
20,62,3,0,0.2,0.3532171113798886,0.3532171113798886,-0.14354540511581546,0.14354540511581546,0.20442981720481768,1,0,0,0.0,0.0,0.0
20,62,3,0,0.25,0.3532171113798886,0.3532171113798886,-0.14354540511581546,0.14354540511581546,0.20442981720481768,1,0,0,0.0,0.0,0.0
20,62,3,0,0.3,0.3532171113798886,0.3532171113798886,-0.14354540511581546,0.14354540511581546,0.20442981720481768,1,0,0,0.0,0.0,0.0
20,62,3,0,0.35,0.3532171113798886,0.3532171113798886,-0.14354540511581546,0.14354540511581546,0.20442981720481768,1,0,0,0.0,0.0,0.0
20,62,3,1,0.02,0.040000000000000036,0.040000000000000036,0.016255770232086075,-0.016255770232086075,0.20442981720481768,0,0,0,0.0,0.0,0.0
20,62,3,1,0.05,0.10000000000000003,0.10000000000000003,0.04063942558021519,-0.04063942558021519,0.20442981720481768,0,0,0,0.0,0.0,0.0
20,62,3,1,0.08,0.15999999999999998,0.15999999999999998,0.0650230809283442,-0.0650230809283442,0.20442981720481768,0,0,0,0.0,0.0,0.0
20,62,3,1,0.12,0.24,0.24,0.09753462139251635,-0.09753462139251635,0.20442981720481768,0,0,0,0.0,0.0,0.0
20,62,3,1,0.16,0.32000000000000006,0.32000000000000006,0.1300461618566885,-0.1300461618566885,0.20442981720481768,0,0,0,0.0,0.0,0.0
20,62,3,1,0.2,0.39999999999999997,0.39999999999999997,0.16255770232086056,-0.16255770232086061,0.20442981720481768,0,0,0,0.0,0.0,0.0
20,62,3,1,0.25,0.5,0.5,0.20319712790107575,-0.20319712790107575,0.20442981720481768,0,0,0,0.0,0.0,0.0
20,62,3,1,0.3,0.6000000000000001,0.6000000000000001,0.24383655348129094,-0.24383655348129088,0.20442981720481768,0,1,0,0.0,0.0,0.0
20,62,3,1,0.35,0.7,0.7,0.284475979061506,-0.284475979061506,0.20442981720481768,0,1,0,0.0,0.0,0.0
21,63,0,0,0.02,0.04000000000000002,0.04000000000000002,-0.017895304293331936,0.017895304293331936,0.12221289814564207,1,0,0,0.0,0.0,0.0
21,63,0,0,0.05,0.09720622237500721,0.09720622237500721,-0.04348837321515109,0.04348837321515109,0.12221289814564207,1,0,0,0.0,0.0,0.0
21,63,0,0,0.08,0.09720622237500721,0.09720622237500721,-0.04348837321515109,0.04348837321515109,0.12221289814564207,1,0,0,0.0,0.0,0.0
21,63,0,0,0.12,0.09720622237500721,0.09720622237500721,-0.04348837321515109,0.04348837321515109,0.12221289814564207,1,0,0,0.0,0.0,0.0
21,63,0,0,0.16,0.09720622237500721,0.09720622237500721,-0.04348837321515109,0.04348837321515109,0.12221289814564207,1,0,0,0.0,0.0,0.0
21,63,0,0,0.2,0.09720622237500721,0.09720622237500721,-0.04348837321515109,0.04348837321515109,0.12221289814564207,1,0,0,0.0,0.0,0.0
21,63,0,0,0.25,0.09720622237500721,0.09720622237500721,-0.04348837321515109,0.04348837321515109,0.12221289814564207,1,0,0,0.0,0.0,0.0
21,63,0,0,0.3,0.09720622237500721,0.09720622237500721,-0.04348837321515109,0.04348837321515109,0.12221289814564207,1,0,0,0.0,0.0,0.0
21,63,0,0,0.35,0.09720622237500721,0.09720622237500721,-0.04348837321515109,0.04348837321515109,0.12221289814564207,1,0,0,0.0,0.0,0.0
21,63,0,1,0.02,0.04000000000000002,0.04000000000000002,0.016007618305788854,-0.016007618305788854,0.12221289814564207,0,0,0,0.0,0.0,0.0
21,63,0,1,0.05,0.10000000000000005,0.10000000000000003,0.040019045764472135,-0.040019045764472135,0.12221289814564207,0,0,0,0.0,0.0,0.0
21,63,0,1,0.08,0.15999999999999998,0.15999999999999998,0.06403047322315533,-0.06403047322315533,0.12221289814564207,0,0,0,0.0,0.0,0.0
21,63,0,1,0.12,0.18999999999999995,0.18999999999999995,0.07603618695249696,-0.07603618695249696,0.12221289814564207,0,0,0,0.0,0.0,0.0
21,63,0,1,0.16,0.18999999999999995,0.18999999999999995,0.07603618695249696,-0.07603618695249696,0.12221289814564207,0,0,0,0.0,0.0,0.0
21,63,0,1,0.2,0.18999999999999995,0.18999999999999995,0.07603618695249696,-0.07603618695249696,0.12221289814564207,0,0,0,0.0,0.0,0.0
21,63,0,1,0.25,0.18999999999999995,0.18999999999999995,0.07603618695249696,-0.07603618695249696,0.12221289814564207,0,0,0,0.0,0.0,0.0
21,63,0,1,0.3,0.18999999999999995,0.18999999999999995,0.07603618695249696,-0.07603618695249696,0.12221289814564207,0,0,0,0.0,0.0,0.0
21,63,0,1,0.35,0.18999999999999995,0.18999999999999995,0.07603618695249696,-0.07603618695249696,0.12221289814564207,0,0,0,0.0,0.0,0.0
21,63,1,0,0.02,0.04000000000000002,0.04000000000000002,-0.020021150448890482,0.020021150448890482,0.24020092926445946,1,0,0,0.0,0.0,0.0
21,63,1,0,0.05,0.09720622237500721,0.09720622237500721,-0.04865451006845804,0.04865451006845804,0.24020092926445946,1,0,0,0.0,0.0,0.0
21,63,1,0,0.08,0.09720622237500721,0.09720622237500721,-0.04865451006845804,0.04865451006845804,0.24020092926445946,1,0,0,0.0,0.0,0.0
21,63,1,0,0.12,0.09720622237500721,0.09720622237500721,-0.04865451006845804,0.04865451006845804,0.24020092926445946,1,0,0,0.0,0.0,0.0
21,63,1,0,0.16,0.09720622237500721,0.09720622237500721,-0.04865451006845804,0.04865451006845804,0.24020092926445946,1,0,0,0.0,0.0,0.0
21,63,1,0,0.2,0.09720622237500721,0.09720622237500721,-0.04865451006845804,0.04865451006845804,0.24020092926445946,1,0,0,0.0,0.0,0.0
21,63,1,0,0.25,0.09720622237500721,0.09720622237500721,-0.04865451006845804,0.04865451006845804,0.24020092926445946,1,0,0,0.0,0.0,0.0
21,63,1,0,0.3,0.09720622237500721,0.09720622237500721,-0.04865451006845804,0.04865451006845804,0.24020092926445946,1,0,0,0.0,0.0,0.0
21,63,1,0,0.35,0.09720622237500721,0.09720622237500721,-0.04865451006845804,0.04865451006845804,0.24020092926445946,1,0,0,0.0,0.0,0.0
21,63,1,1,0.02,0.04000000000000001,0.040000000000000036,0.020021150448890482,-0.020021150448890482,0.24020092926445946,0,0,0,0.0,0.0,0.0
21,63,1,1,0.05,0.10000000000000003,0.10000000000000003,0.05005287612222621,-0.05005287612222621,0.24020092926445946,0,0,0,0.0,0.0,0.0
21,63,1,1,0.08,0.15999999999999998,0.15999999999999998,0.08008460179556182,-0.08008460179556182,0.24020092926445946,0,0,0,0.0,0.0,0.0
21,63,1,1,0.12,0.24,0.24,0.1201269026933428,-0.1201269026933428,0.24020092926445946,0,0,0,0.0,0.0,0.0
21,63,1,1,0.16,0.32000000000000006,0.32000000000000006,0.16016920359112374,-0.16016920359112374,0.24020092926445946,0,0,0,0.0,0.0,0.0
21,63,1,1,0.2,0.39999999999999997,0.39999999999999997,0.20021150448890462,-0.20021150448890462,0.24020092926445946,0,0,0,0.0,0.0,0.0
21,63,1,1,0.25,0.4772062223750073,0.4772062223750073,0.23885543933291753,-0.23885543933291753,0.24020092926445946,0,0,0,0.0,0.0,0.0
21,63,1,1,0.3,0.4772062223750073,0.4772062223750073,0.23885543933291753,-0.23885543933291753,0.24020092926445946,0,0,0,0.0,0.0,0.0
21,63,1,1,0.35,0.4772062223750073,0.4772062223750073,0.23885543933291753,-0.23885543933291753,0.24020092926445946,0,0,0,0.0,0.0,0.0
21,63,3,0,0.02,0.04000000000000002,0.04000000000000002,-0.01889978565793417,0.01889978565793417,0.22954796375037445,1,0,0,0.0,0.0,0.0
21,63,3,0,0.05,0.10000000000000003,0.10000000000000005,-0.047249464144835426,0.047249464144835426,0.22954796375037445,1,0,0,0.0,0.0,0.0
21,63,3,0,0.08,0.15999999999999998,0.15999999999999998,-0.07559914263173657,0.07559914263173657,0.22954796375037445,1,0,0,0.0,0.0,0.0
21,63,3,0,0.12,0.18999999999999995,0.18999999999999995,-0.0897739818751872,0.0897739818751872,0.22954796375037445,1,0,0,0.0,0.0,0.0
21,63,3,0,0.16,0.18999999999999995,0.18999999999999995,-0.0897739818751872,0.0897739818751872,0.22954796375037445,1,0,0,0.0,0.0,0.0
21,63,3,0,0.2,0.18999999999999995,0.18999999999999995,-0.0897739818751872,0.0897739818751872,0.22954796375037445,1,0,0,0.0,0.0,0.0
21,63,3,0,0.25,0.18999999999999995,0.18999999999999995,-0.0897739818751872,0.0897739818751872,0.22954796375037445,1,0,0,0.0,0.0,0.0
21,63,3,0,0.3,0.18999999999999995,0.18999999999999995,-0.0897739818751872,0.0897739818751872,0.22954796375037445,1,0,0,0.0,0.0,0.0
21,63,3,0,0.35,0.18999999999999995,0.18999999999999995,-0.0897739818751872,0.0897739818751872,0.22954796375037445,1,0,0,0.0,0.0,0.0
21,63,3,1,0.02,0.040000000000000036,0.040000000000000036,0.01889978565793417,-0.01889978565793417,0.22954796375037445,0,0,0,0.0,0.0,0.0
21,63,3,1,0.05,0.10000000000000003,0.10000000000000003,0.047249464144835426,-0.047249464144835426,0.22954796375037445,0,0,0,0.0,0.0,0.0
21,63,3,1,0.08,0.15999999999999998,0.15999999999999998,0.07559914263173657,-0.07559914263173657,0.22954796375037445,0,0,0,0.0,0.0,0.0
21,63,3,1,0.12,0.24,0.24,0.11339871394760492,-0.11339871394760492,0.22954796375037445,0,0,0,0.0,0.0,0.0
21,63,3,1,0.16,0.32000000000000006,0.32000000000000006,0.15119828526347326,-0.15119828526347326,0.22954796375037445,0,0,0,0.0,0.0,0.0
21,63,3,1,0.2,0.39999999999999997,0.39999999999999997,0.18899785657934148,-0.18899785657934154,0.22954796375037445,0,0,0,0.0,0.0,0.0
21,63,3,1,0.25,0.5,0.5,0.23624732072417692,-0.23624732072417692,0.22954796375037445,0,0,0,0.0,0.0,0.0
21,63,3,1,0.3,0.5700000000000001,0.5700000000000001,0.2693219456255617,-0.2693219456255617,0.22954796375037445,0,1,0,0.0,0.0,0.0
21,63,3,1,0.35,0.5700000000000001,0.5700000000000001,0.2693219456255617,-0.2693219456255617,0.22954796375037445,0,1,0,0.0,0.0,0.0
22,64,0,0,0.02,0.04000000000000001,0.04000000000000002,-0.014052802276956999,0.014052802276956999,0.15525008552111536,1,0,0,0.0,0.0,0.0
22,64,0,0,0.05,0.10000000000000003,0.10000000000000005,-0.0351320056923925,0.0351320056923925,0.15525008552111536,1,0,0,0.0,0.0,0.0
22,64,0,0,0.08,0.15999999999999998,0.15999999999999998,-0.05621120910782792,0.05621120910782792,0.15525008552111536,1,0,0,0.0,0.0,0.0
22,64,0,0,0.12,0.2308482056948884,0.2308482056948884,-0.08110160476551406,0.08110160476551406,0.15525008552111536,1,0,0,0.0,0.0,0.0
22,64,0,0,0.16,0.2308482056948884,0.2308482056948884,-0.08110160476551406,0.08110160476551406,0.15525008552111536,1,0,0,0.0,0.0,0.0
22,64,0,0,0.2,0.2308482056948884,0.2308482056948884,-0.08110160476551406,0.08110160476551406,0.15525008552111536,1,0,0,0.0,0.0,0.0
22,64,0,0,0.25,0.2308482056948884,0.2308482056948884,-0.08110160476551406,0.08110160476551406,0.15525008552111536,1,0,0,0.0,0.0,0.0
22,64,0,0,0.3,0.2308482056948884,0.2308482056948884,-0.08110160476551406,0.08110160476551406,0.15525008552111536,1,0,0,0.0,0.0,0.0
22,64,0,0,0.35,0.2308482056948884,0.2308482056948884,-0.08110160476551406,0.08110160476551406,0.15525008552111536,1,0,0,0.0,0.0,0.0
22,64,0,1,0.02,0.04000000000000001,0.04000000000000001,0.010772050037139195,-0.010772050037139195,0.15525008552111536,0,0,0,0.0,0.0,0.0
22,64,0,1,0.05,0.10000000000000005,0.10000000000000003,0.026930125092847985,-0.026930125092847985,0.15525008552111536,0,0,0,0.0,0.0,0.0
22,64,0,1,0.08,0.15999999999999998,0.15999999999999998,0.043088200148556716,-0.043088200148556716,0.15525008552111536,0,0,0,0.0,0.0,0.0
22,64,0,1,0.12,0.24,0.24,0.0646323002228351,-0.0646323002228351,0.15525008552111536,0,0,0,0.0,0.0,0.0
22,64,0,1,0.16,0.2813332838064069,0.2813332838064069,0.07576340525688235,-0.07576340525688235,0.15525008552111536,0,0,0,0.0,0.0,0.0
22,64,0,1,0.2,0.2813332838064069,0.2813332838064069,0.07576340525688235,-0.07576340525688235,0.15525008552111536,0,0,0,0.0,0.0,0.0
22,64,0,1,0.25,0.2813332838064069,0.2813332838064069,0.07576340525688235,-0.07576340525688235,0.15525008552111536,0,0,0,0.0,0.0,0.0
22,64,0,1,0.3,0.2813332838064069,0.2813332838064069,0.07576340525688235,-0.07576340525688235,0.15525008552111536,0,0,0,0.0,0.0,0.0
22,64,0,1,0.35,0.2813332838064069,0.2813332838064069,0.07576340525688235,-0.07576340525688235,0.15525008552111536,0,0,0,0.0,0.0,0.0
22,64,1,0,0.02,0.04000000000000001,0.04000000000000002,-0.016468417462885427,0.016468417462885427,0.21139049113627706,1,0,0,0.0,0.0,0.0
22,64,1,0,0.05,0.10000000000000003,0.10000000000000005,-0.041171043657213566,0.041171043657213566,0.21139049113627706,1,0,0,0.0,0.0,0.0
22,64,1,0,0.08,0.15999999999999998,0.15999999999999998,-0.06587366985154161,0.06587366985154161,0.21139049113627706,1,0,0,0.0,0.0,0.0
22,64,1,0,0.12,0.2308482056948884,0.2308482056948884,-0.09504261554853659,0.09504261554853659,0.21139049113627706,1,0,0,0.0,0.0,0.0
22,64,1,0,0.16,0.2308482056948884,0.2308482056948884,-0.09504261554853659,0.09504261554853659,0.21139049113627706,1,0,0,0.0,0.0,0.0
22,64,1,0,0.2,0.2308482056948884,0.2308482056948884,-0.09504261554853659,0.09504261554853659,0.21139049113627706,1,0,0,0.0,0.0,0.0
22,64,1,0,0.25,0.2308482056948884,0.2308482056948884,-0.09504261554853659,0.09504261554853659,0.21139049113627706,1,0,0,0.0,0.0,0.0
22,64,1,0,0.3,0.2308482056948884,0.2308482056948884,-0.09504261554853659,0.09504261554853659,0.21139049113627706,1,0,0,0.0,0.0,0.0
22,64,1,0,0.35,0.2308482056948884,0.2308482056948884,-0.09504261554853659,0.09504261554853659,0.21139049113627706,1,0,0,0.0,0.0,0.0
22,64,1,1,0.02,0.040000000000000036,0.040000000000000036,0.016468417462885427,-0.016468417462885427,0.21139049113627706,0,0,0,0.0,0.0,0.0
22,64,1,1,0.05,0.10000000000000003,0.10000000000000003,0.041171043657213566,-0.041171043657213566,0.21139049113627706,0,0,0,0.0,0.0,0.0
22,64,1,1,0.08,0.15999999999999998,0.15999999999999998,0.06587366985154161,-0.06587366985154161,0.21139049113627706,0,0,0,0.0,0.0,0.0
22,64,1,1,0.12,0.24,0.24,0.09881050477731247,-0.09881050477731247,0.21139049113627706,0,0,0,0.0,0.0,0.0
22,64,1,1,0.16,0.32000000000000006,0.32000000000000006,0.13174733970308333,-0.13174733970308333,0.21139049113627706,0,0,0,0.0,0.0,0.0
22,64,1,1,0.2,0.39999999999999997,0.39999999999999997,0.16468417462885407,-0.16468417462885412,0.21139049113627706,0,0,0,0.0,0.0,0.0
22,64,1,1,0.25,0.5,0.5,0.20585521828606765,-0.20585521828606765,0.21139049113627706,0,0,0,0.0,0.0,0.0
22,64,1,1,0.3,0.6000000000000001,0.6000000000000001,0.24702626194328123,-0.24702626194328117,0.21139049113627706,0,1,0,0.1819926111724065,0.0,0.1819926111724065
22,64,1,1,0.35,0.6108482056948883,0.6108482056948883,0.25149258144594794,-0.25149258144594794,0.21139049113627706,0,1,0,0.1819926111724065,0.0,0.1819926111724065
22,64,2,0,0.02,0.04000000000000001,0.04000000000000002,-0.01927423511262461,0.01927423511262461,0.23888750410372106,1,0,0,0.0,0.0,0.0
22,64,2,0,0.05,0.10000000000000003,0.10000000000000005,-0.04818558778156153,0.04818558778156153,0.23888750410372106,1,0,0,0.0,0.0,0.0
22,64,2,0,0.08,0.15999999999999998,0.15999999999999998,-0.07709694045049835,0.07709694045049835,0.23888750410372106,1,0,0,0.0,0.0,0.0
22,64,2,0,0.12,0.2308482056948884,0.2308482056948884,-0.11123556479727008,0.11123556479727008,0.23888750410372106,1,0,0,0.0,0.0,0.0
22,64,2,0,0.16,0.2308482056948884,0.2308482056948884,-0.11123556479727008,0.11123556479727008,0.23888750410372106,1,0,0,0.0,0.0,0.0
22,64,2,0,0.2,0.2308482056948884,0.2308482056948884,-0.11123556479727008,0.11123556479727008,0.23888750410372106,1,0,0,0.0,0.0,0.0
22,64,2,0,0.25,0.2308482056948884,0.2308482056948884,-0.11123556479727008,0.11123556479727008,0.23888750410372106,1,0,0,0.0,0.0,0.0
22,64,2,0,0.3,0.2308482056948884,0.2308482056948884,-0.11123556479727008,0.11123556479727008,0.23888750410372106,1,0,0,0.0,0.0,0.0
22,64,2,0,0.35,0.2308482056948884,0.2308482056948884,-0.11123556479727008,0.11123556479727008,0.23888750410372106,1,0,0,0.0,0.0,0.0
22,64,2,1,0.02,0.040000000000000036,0.040000000000000036,0.01927423511262461,-0.01927423511262461,0.23888750410372106,0,0,0,0.0,0.0,0.0
22,64,2,1,0.05,0.10000000000000003,0.10000000000000003,0.04818558778156153,-0.04818558778156153,0.23888750410372106,0,0,0,0.0,0.0,0.0
22,64,2,1,0.08,0.15999999999999998,0.15999999999999998,0.07709694045049835,-0.07709694045049835,0.23888750410372106,0,0,0,0.0,0.0,0.0
22,64,2,1,0.12,0.24,0.24,0.11564541067574757,-0.11564541067574757,0.23888750410372106,0,0,0,0.0,0.0,0.0
22,64,2,1,0.16,0.32000000000000006,0.32000000000000006,0.1541938809009968,-0.1541938809009968,0.23888750410372106,0,0,0,0.0,0.0,0.0
22,64,2,1,0.2,0.39999999999999997,0.39999999999999997,0.1927423511262459,-0.19274235112624596,0.23888750410372106,0,0,0,0.0,0.0,0.0
22,64,2,1,0.25,0.5,0.5,0.24092793890780745,-0.24092793890780745,0.23888750410372106,0,0,0,0.0,0.0,0.0
22,64,2,1,0.3,0.6000000000000001,0.6000000000000001,0.28911352668936896,-0.2891135266893689,0.23888750410372106,0,1,0,0.17706390978066455,0.0,0.17706390978066455
22,64,2,1,0.35,0.6108482056948883,0.6108482056948883,0.29434079836720367,-0.29434079836720367,0.23888750410372106,0,1,0,0.17706390978066455,0.0,0.17706390978066455
22,64,4,0,0.02,0.04000000000000001,0.04000000000000001,-0.013052499472910655,0.013052499472910655,0.17791449483452437,1,0,0,0.0,0.0,0.0
22,64,4,0,0.05,0.10000000000000003,0.10000000000000005,-0.03263124868227664,0.03263124868227664,0.17791449483452437,1,0,0,0.0,0.0,0.0
22,64,4,0,0.08,0.15999999999999998,0.15999999999999998,-0.052209997891642546,0.052209997891642546,0.17791449483452437,1,0,0,0.0,0.0,0.0
22,64,4,0,0.12,0.24,0.24,-0.07831499683746386,0.07831499683746386,0.17791449483452437,1,0,0,0.0,0.0,0.0
22,64,4,0,0.16,0.2813332838064069,0.2813332838064069,-0.09180256346488366,0.09180256346488366,0.17791449483452437,1,0,0,0.0,0.0,0.0
22,64,4,0,0.2,0.2813332838064069,0.2813332838064069,-0.09180256346488366,0.09180256346488366,0.17791449483452437,1,0,0,0.0,0.0,0.0
22,64,4,0,0.25,0.2813332838064069,0.2813332838064069,-0.09180256346488366,0.09180256346488366,0.17791449483452437,1,0,0,0.0,0.0,0.0
22,64,4,0,0.3,0.2813332838064069,0.2813332838064069,-0.09180256346488366,0.09180256346488366,0.17791449483452437,1,0,0,0.0,0.0,0.0
22,64,4,0,0.35,0.2813332838064069,0.2813332838064069,-0.09180256346488366,0.09180256346488366,0.17791449483452437,1,0,0,0.0,0.0,0.0
22,64,4,1,0.02,0.040000000000000036,0.040000000000000036,0.013052499472910655,-0.013052499472910655,0.17791449483452437,0,0,0,0.0,0.0,0.0
22,64,4,1,0.05,0.10000000000000003,0.10000000000000003,0.03263124868227664,-0.03263124868227664,0.17791449483452437,0,0,0,0.0,0.0,0.0
22,64,4,1,0.08,0.15999999999999998,0.15999999999999998,0.052209997891642546,-0.052209997891642546,0.17791449483452437,0,0,0,0.0,0.0,0.0
22,64,4,1,0.12,0.24,0.24,0.07831499683746386,-0.07831499683746386,0.17791449483452437,0,0,0,0.0,0.0,0.0
22,64,4,1,0.16,0.32000000000000006,0.32000000000000006,0.10441999578328517,-0.10441999578328517,0.17791449483452437,0,0,0,0.0,0.0,0.0
22,64,4,1,0.2,0.39999999999999997,0.39999999999999997,0.13052499472910642,-0.13052499472910645,0.17791449483452437,0,0,0,0.0,0.0,0.0
22,64,4,1,0.25,0.5,0.5,0.16315624341138305,-0.16315624341138305,0.17791449483452437,0,0,0,0.0,0.0,0.0
22,64,4,1,0.3,0.6000000000000001,0.6000000000000001,0.19578749209365967,-0.19578749209365964,0.17791449483452437,0,1,0,0.0,0.0,0.0
22,64,4,1,0.35,0.6613332838064068,0.6613332838064068,0.21580130845753473,-0.21580130845753473,0.17791449483452437,0,1,0,0.0,0.0,0.0
22,64,5,0,0.02,0.04000000000000001,0.04000000000000001,-0.015783932370183894,0.015783932370183894,0.20468253722780194,1,0,0,0.0,0.0,0.0
22,64,5,0,0.05,0.10000000000000003,0.10000000000000005,-0.03945983092545974,0.03945983092545974,0.20468253722780194,1,0,0,0.0,0.0,0.0
22,64,5,0,0.08,0.15999999999999998,0.15999999999999998,-0.0631357294807355,0.0631357294807355,0.20468253722780194,1,0,0,0.0,0.0,0.0
22,64,5,0,0.12,0.24,0.24,-0.09470359422110329,0.09470359422110329,0.20468253722780194,1,0,0,0.0,0.0,0.0
22,64,5,0,0.16,0.2813332838064069,0.2813332838064069,-0.11101363812705185,0.11101363812705185,0.20468253722780194,1,0,0,0.0,0.0,0.0
22,64,5,0,0.2,0.2813332838064069,0.2813332838064069,-0.11101363812705185,0.11101363812705185,0.20468253722780194,1,0,0,0.0,0.0,0.0
22,64,5,0,0.25,0.2813332838064069,0.2813332838064069,-0.11101363812705185,0.11101363812705185,0.20468253722780194,1,0,0,0.0,0.0,0.0
22,64,5,0,0.3,0.2813332838064069,0.2813332838064069,-0.11101363812705185,0.11101363812705185,0.20468253722780194,1,0,0,0.0,0.0,0.0
22,64,5,0,0.35,0.2813332838064069,0.2813332838064069,-0.11101363812705185,0.11101363812705185,0.20468253722780194,1,0,0,0.0,0.0,0.0
22,64,5,1,0.02,0.040000000000000036,0.040000000000000036,0.015783932370183894,-0.015783932370183894,0.20468253722780194,0,0,0,0.0,0.0,0.0
22,64,5,1,0.05,0.10000000000000003,0.10000000000000003,0.03945983092545974,-0.03945983092545974,0.20468253722780194,0,0,0,0.0,0.0,0.0
22,64,5,1,0.08,0.15999999999999998,0.15999999999999998,0.0631357294807355,-0.0631357294807355,0.20468253722780194,0,0,0,0.0,0.0,0.0
22,64,5,1,0.12,0.24,0.24,0.09470359422110329,-0.09470359422110329,0.20468253722780194,0,0,0,0.0,0.0,0.0
22,64,5,1,0.16,0.32000000000000006,0.32000000000000006,0.12627145896147107,-0.12627145896147107,0.20468253722780194,0,0,0,0.0,0.0,0.0
22,64,5,1,0.2,0.39999999999999997,0.39999999999999997,0.15783932370183879,-0.15783932370183884,0.20468253722780194,0,0,0,0.0,0.0,0.0
22,64,5,1,0.25,0.5,0.5,0.19729915462729852,-0.19729915462729852,0.20468253722780194,0,0,0,0.0,0.0,0.0
22,64,5,1,0.3,0.6000000000000001,0.6000000000000001,0.23675898555275826,-0.2367589855527582,0.20468253722780194,0,1,0,0.0,0.0,0.0
22,64,5,1,0.35,0.6613332838064068,0.6613332838064068,0.2609609956437987,-0.2609609956437987,0.20468253722780194,0,1,0,0.0,0.0,0.0
23,65,0,0,0.02,0.04000000000000001,0.04000000000000002,-0.014663516966938144,0.014663516966938144,0.17733148437880009,1,0,0,0.0,0.0,0.0
23,65,0,0,0.05,0.10000000000000003,0.10000000000000005,-0.036658792417345355,0.036658792417345355,0.17733148437880009,1,0,0,0.0,0.0,0.0
23,65,0,0,0.08,0.15999999999999998,0.15999999999999998,-0.05865406786775249,0.05865406786775249,0.17733148437880009,1,0,0,0.0,0.0,0.0
23,65,0,0,0.12,0.23230667940121766,0.23230667940121766,-0.08516082337332029,0.08516082337332029,0.17733148437880009,1,0,0,0.0,0.0,0.0
23,65,0,0,0.16,0.23230667940121766,0.23230667940121766,-0.08516082337332029,0.08516082337332029,0.17733148437880009,1,0,0,0.0,0.0,0.0
23,65,0,0,0.2,0.23230667940121766,0.23230667940121766,-0.08516082337332029,0.08516082337332029,0.17733148437880009,1,0,0,0.0,0.0,0.0
23,65,0,0,0.25,0.23230667940121766,0.23230667940121766,-0.08516082337332029,0.08516082337332029,0.17733148437880009,1,0,0,0.0,0.0,0.0
23,65,0,0,0.3,0.23230667940121766,0.23230667940121766,-0.08516082337332029,0.08516082337332029,0.17733148437880009,1,0,0,0.0,0.0,0.0
23,65,0,0,0.35,0.23230667940121766,0.23230667940121766,-0.08516082337332029,0.08516082337332029,0.17733148437880009,1,0,0,0.0,0.0,0.0
23,65,0,1,0.02,0.04000000000000001,0.04000000000000001,0.01088690693729165,-0.01088690693729165,0.17733148437880009,0,0,0,0.0,0.0,0.0
23,65,0,1,0.05,0.10000000000000003,0.10000000000000003,0.027217267343229126,-0.027217267343229126,0.17733148437880009,0,0,0,0.0,0.0,0.0
23,65,0,1,0.08,0.15999999999999998,0.15999999999999998,0.04354762774916654,-0.04354762774916654,0.17733148437880009,0,0,0,0.0,0.0,0.0
23,65,0,1,0.12,0.24,0.24,0.06532144162374984,-0.06532144162374984,0.17733148437880009,0,0,0,0.0,0.0,0.0
23,65,0,1,0.16,0.32000000000000006,0.32000000000000006,0.08709525549833314,-0.08709525549833314,0.17733148437880009,0,0,0,0.0,0.0,0.0
23,65,0,1,0.2,0.34152980644176356,0.34152980644176356,0.09295508047606767,-0.09295508047606767,0.17733148437880009,0,0,0,0.0,0.0,0.0
23,65,0,1,0.25,0.34152980644176356,0.34152980644176356,0.09295508047606767,-0.09295508047606767,0.17733148437880009,0,0,0,0.0,0.0,0.0
23,65,0,1,0.3,0.34152980644176356,0.34152980644176356,0.09295508047606767,-0.09295508047606767,0.17733148437880009,0,0,0,0.0,0.0,0.0
23,65,0,1,0.35,0.34152980644176356,0.34152980644176356,0.09295508047606767,-0.09295508047606767,0.17733148437880009,0,0,0,0.0,0.0,0.0
23,65,1,0,0.02,0.04000000000000001,0.04000000000000002,-0.01891471409325573,0.01891471409325573,0.22023242683930133,1,0,0,0.0,0.0,0.0
23,65,1,0,0.05,0.10000000000000003,0.10000000000000005,-0.047286785233139325,0.047286785233139325,0.22023242683930133,1,0,0,0.0,0.0,0.0
23,65,1,0,0.08,0.15999999999999998,0.15999999999999998,-0.07565885637302282,0.07565885637302282,0.22023242683930133,1,0,0,0.0,0.0,0.0
23,65,1,0,0.12,0.23230667940121766,0.23230667940121766,-0.1098503605706912,0.1098503605706912,0.22023242683930133,1,0,0,0.0,0.0,0.0
23,65,1,0,0.16,0.23230667940121766,0.23230667940121766,-0.1098503605706912,0.1098503605706912,0.22023242683930133,1,0,0,0.0,0.0,0.0
23,65,1,0,0.2,0.23230667940121766,0.23230667940121766,-0.1098503605706912,0.1098503605706912,0.22023242683930133,1,0,0,0.0,0.0,0.0
23,65,1,0,0.25,0.23230667940121766,0.23230667940121766,-0.1098503605706912,0.1098503605706912,0.22023242683930133,1,0,0,0.0,0.0,0.0
23,65,1,0,0.3,0.23230667940121766,0.23230667940121766,-0.1098503605706912,0.1098503605706912,0.22023242683930133,1,0,0,0.0,0.0,0.0
23,65,1,0,0.35,0.23230667940121766,0.23230667940121766,-0.1098503605706912,0.1098503605706912,0.22023242683930133,1,0,0,0.0,0.0,0.0
23,65,1,1,0.02,0.040000000000000036,0.040000000000000036,0.01891471409325573,-0.01891471409325573,0.22023242683930133,0,0,0,0.0,0.0,0.0
23,65,1,1,0.05,0.10000000000000003,0.10000000000000003,0.047286785233139325,-0.047286785233139325,0.22023242683930133,0,0,0,0.0,0.0,0.0
23,65,1,1,0.08,0.15999999999999998,0.15999999999999998,0.07565885637302282,-0.07565885637302282,0.22023242683930133,0,0,0,0.0,0.0,0.0
23,65,1,1,0.12,0.24,0.24,0.11348828455953427,-0.11348828455953427,0.22023242683930133,0,0,0,0.0,0.0,0.0
23,65,1,1,0.16,0.32000000000000006,0.32000000000000006,0.15131771274604575,-0.15131771274604575,0.22023242683930133,0,0,0,0.0,0.0,0.0
23,65,1,1,0.2,0.39999999999999997,0.39999999999999997,0.18914714093255708,-0.18914714093255713,0.22023242683930133,0,0,0,0.0,0.0,0.0
23,65,1,1,0.25,0.5,0.5,0.23643392616569642,-0.23643392616569642,0.22023242683930133,0,0,0,0.0,0.0,0.0
23,65,1,1,0.3,0.6000000000000001,0.6000000000000001,0.28372071139883576,-0.2837207113988357,0.22023242683930133,0,1,0,0.1739748065774983,0.0,0.1739748065774983
23,65,1,1,0.35,0.6123066794012177,0.6123066794012177,0.2895401444566205,-0.2895401444566205,0.22023242683930133,0,1,0,0.1739748065774983,0.0,0.1739748065774983
23,65,3,0,0.02,0.04000000000000001,0.04000000000000001,-0.01512451059755033,0.01512451059755033,0.1861205953779529,1,0,0,0.0,0.0,0.0
23,65,3,0,0.05,0.10000000000000003,0.10000000000000003,-0.03781127649387582,0.03781127649387582,0.1861205953779529,1,0,0,0.0,0.0,0.0
23,65,3,0,0.08,0.15999999999999998,0.15999999999999998,-0.060498042390201234,0.060498042390201234,0.1861205953779529,1,0,0,0.0,0.0,0.0
23,65,3,0,0.12,0.24,0.24,-0.0907470635853019,0.0907470635853019,0.1861205953779529,1,0,0,0.0,0.0,0.0
23,65,3,0,0.16,0.32000000000000006,0.32000000000000006,-0.12099608478040255,0.12099608478040255,0.1861205953779529,1,0,0,0.0,0.0,0.0
23,65,3,0,0.2,0.34152980644176356,0.34152980644176356,-0.12913677942269403,0.12913677942269403,0.1861205953779529,1,0,0,0.0,0.0,0.0
23,65,3,0,0.25,0.34152980644176356,0.34152980644176356,-0.12913677942269403,0.12913677942269403,0.1861205953779529,1,0,0,0.0,0.0,0.0
23,65,3,0,0.3,0.34152980644176356,0.34152980644176356,-0.12913677942269403,0.12913677942269403,0.1861205953779529,1,0,0,0.0,0.0,0.0
23,65,3,0,0.35,0.34152980644176356,0.34152980644176356,-0.12913677942269403,0.12913677942269403,0.1861205953779529,1,0,0,0.0,0.0,0.0
23,65,3,1,0.02,0.040000000000000036,0.040000000000000036,0.01512451059755033,-0.01512451059755033,0.1861205953779529,0,0,0,0.0,0.0,0.0
23,65,3,1,0.05,0.10000000000000003,0.10000000000000003,0.03781127649387582,-0.03781127649387582,0.1861205953779529,0,0,0,0.0,0.0,0.0
23,65,3,1,0.08,0.15999999999999998,0.15999999999999998,0.060498042390201234,-0.060498042390201234,0.1861205953779529,0,0,0,0.0,0.0,0.0
23,65,3,1,0.12,0.24,0.24,0.0907470635853019,-0.0907470635853019,0.1861205953779529,0,0,0,0.0,0.0,0.0
23,65,3,1,0.16,0.32000000000000006,0.32000000000000006,0.12099608478040255,-0.12099608478040255,0.1861205953779529,0,0,0,0.0,0.0,0.0
23,65,3,1,0.2,0.39999999999999997,0.39999999999999997,0.1512451059755031,-0.15124510597550317,0.1861205953779529,0,0,0,0.0,0.0,0.0
23,65,3,1,0.25,0.5,0.5,0.18905638246937895,-0.18905638246937895,0.1861205953779529,0,0,0,0.0,0.0,0.0
23,65,3,1,0.3,0.6000000000000001,0.6000000000000001,0.22686765896325478,-0.22686765896325473,0.1861205953779529,0,1,0,0.0,0.0,0.0
23,65,3,1,0.35,0.7,0.7,0.2646789354571305,-0.2646789354571305,0.1861205953779529,0,1,0,0.0,0.0,0.0
24,66,0,0,0.02,0.04000000000000002,0.04000000000000002,-0.01541549949026309,0.01541549949026309,0.12791142575157388,1,0,0,0.0,0.0,0.0
24,66,0,0,0.05,0.10000000000000003,0.10000000000000005,-0.038538748725657726,0.038538748725657726,0.12791142575157388,1,0,0,0.0,0.0,0.0
24,66,0,0,0.08,0.15999999999999998,0.15999999999999998,-0.061661997961052276,0.061661997961052276,0.12791142575157388,1,0,0,0.0,0.0,0.0
24,66,0,0,0.12,0.1825468326295669,0.1825468326295669,-0.07035126513375571,0.07035126513375571,0.12791142575157388,1,0,0,0.0,0.0,0.0
24,66,0,0,0.16,0.1825468326295669,0.1825468326295669,-0.07035126513375571,0.07035126513375571,0.12791142575157388,1,0,0,0.0,0.0,0.0
24,66,0,0,0.2,0.1825468326295669,0.1825468326295669,-0.07035126513375571,0.07035126513375571,0.12791142575157388,1,0,0,0.0,0.0,0.0
24,66,0,0,0.25,0.1825468326295669,0.1825468326295669,-0.07035126513375571,0.07035126513375571,0.12791142575157388,1,0,0,0.0,0.0,0.0
24,66,0,0,0.3,0.1825468326295669,0.1825468326295669,-0.07035126513375571,0.07035126513375571,0.12791142575157388,1,0,0,0.0,0.0,0.0
24,66,0,0,0.35,0.1825468326295669,0.1825468326295669,-0.07035126513375571,0.07035126513375571,0.12791142575157388,1,0,0,0.0,0.0,0.0
24,66,0,1,0.02,0.04000000000000002,0.04000000000000001,0.012917642283557863,-0.012917642283557863,0.12791142575157388,0,0,0,0.0,0.0,0.0
24,66,0,1,0.05,0.10000000000000005,0.10000000000000003,0.032294105708894655,-0.032294105708894655,0.12791142575157388,0,0,0,0.0,0.0,0.0
24,66,0,1,0.08,0.15999999999999998,0.15999999999999998,0.051670569134231376,-0.051670569134231376,0.12791142575157388,0,0,0,0.0,0.0,0.0
24,66,0,1,0.12,0.23440444011313047,0.23440444011313047,0.07569881767647695,-0.07569881767647695,0.12791142575157388,0,0,0,0.0,0.0,0.0
24,66,0,1,0.16,0.23440444011313047,0.23440444011313047,0.07569881767647695,-0.07569881767647695,0.12791142575157388,0,0,0,0.0,0.0,0.0
24,66,0,1,0.2,0.23440444011313047,0.23440444011313047,0.07569881767647695,-0.07569881767647695,0.12791142575157388,0,0,0,0.0,0.0,0.0
24,66,0,1,0.25,0.23440444011313047,0.23440444011313047,0.07569881767647695,-0.07569881767647695,0.12791142575157388,0,0,0,0.0,0.0,0.0
24,66,0,1,0.3,0.23440444011313047,0.23440444011313047,0.07569881767647695,-0.07569881767647695,0.12791142575157388,0,0,0,0.0,0.0,0.0
24,66,0,1,0.35,0.23440444011313047,0.23440444011313047,0.07569881767647695,-0.07569881767647695,0.12791142575157388,0,0,0,0.0,0.0,0.0
24,66,1,0,0.02,0.04000000000000002,0.04000000000000002,-0.017802457762750416,0.017802457762750416,0.22446408607495383,1,0,0,0.0,0.0,0.0
24,66,1,0,0.05,0.10000000000000003,0.10000000000000005,-0.044506144406876044,0.044506144406876044,0.22446408607495383,1,0,0,0.0,0.0,0.0
24,66,1,0,0.08,0.15999999999999998,0.15999999999999998,-0.07120983105100157,0.07120983105100157,0.22446408607495383,1,0,0,0.0,0.0,0.0
24,66,1,0,0.12,0.1825468326295669,0.1825468326295669,-0.08124455694029331,0.08124455694029331,0.22446408607495383,1,0,0,0.0,0.0,0.0
24,66,1,0,0.16,0.1825468326295669,0.1825468326295669,-0.08124455694029331,0.08124455694029331,0.22446408607495383,1,0,0,0.0,0.0,0.0
24,66,1,0,0.2,0.1825468326295669,0.1825468326295669,-0.08124455694029331,0.08124455694029331,0.22446408607495383,1,0,0,0.0,0.0,0.0
24,66,1,0,0.25,0.1825468326295669,0.1825468326295669,-0.08124455694029331,0.08124455694029331,0.22446408607495383,1,0,0,0.0,0.0,0.0
24,66,1,0,0.3,0.1825468326295669,0.1825468326295669,-0.08124455694029331,0.08124455694029331,0.22446408607495383,1,0,0,0.0,0.0,0.0
24,66,1,0,0.35,0.1825468326295669,0.1825468326295669,-0.08124455694029331,0.08124455694029331,0.22446408607495383,1,0,0,0.0,0.0,0.0
24,66,1,1,0.02,0.040000000000000036,0.040000000000000036,0.017802457762750416,-0.017802457762750416,0.22446408607495383,0,0,0,0.0,0.0,0.0
24,66,1,1,0.05,0.10000000000000003,0.10000000000000003,0.044506144406876044,-0.044506144406876044,0.22446408607495383,0,0,0,0.0,0.0,0.0
24,66,1,1,0.08,0.15999999999999998,0.15999999999999998,0.07120983105100157,-0.07120983105100157,0.22446408607495383,0,0,0,0.0,0.0,0.0
24,66,1,1,0.12,0.24,0.24,0.1068147465765024,-0.1068147465765024,0.22446408607495383,0,0,0,0.0,0.0,0.0
24,66,1,1,0.16,0.32000000000000006,0.32000000000000006,0.14241966210200324,-0.14241966210200324,0.22446408607495383,0,0,0,0.0,0.0,0.0
24,66,1,1,0.2,0.39999999999999997,0.39999999999999997,0.17802457762750398,-0.17802457762750398,0.22446408607495383,0,0,0,0.0,0.0,0.0
24,66,1,1,0.25,0.5,0.5,0.22253072203438,-0.22253072203438,0.22446408607495383,0,0,0,0.0,0.0,0.0
24,66,1,1,0.3,0.5625468326295668,0.5625468326295668,0.2503679056864221,-0.25036790568642203,0.22446408607495383,0,1,0,0.19884022340975382,0.0,0.19884022340975382
24,66,1,1,0.35,0.5625468326295668,0.5625468326295668,0.2503679056864221,-0.25036790568642203,0.22446408607495383,0,1,0,0.19884022340975382,0.0,0.19884022340975382
24,66,2,0,0.02,0.04000000000000002,0.04000000000000002,-0.020497015221724965,0.020497015221724965,0.25087074917290453,1,0,0,0.0,0.0,0.0
24,66,2,0,0.05,0.10000000000000003,0.10000000000000005,-0.05124253805431241,0.05124253805431241,0.25087074917290453,1,0,0,0.0,0.0,0.0
24,66,2,0,0.08,0.15999999999999998,0.15999999999999998,-0.08198806088689975,0.08198806088689975,0.25087074917290453,1,0,0,0.0,0.0,0.0
24,66,2,0,0.12,0.1825468326295669,0.1825468326295669,-0.09354163017714776,0.09354163017714776,0.25087074917290453,1,0,0,0.0,0.0,0.0
24,66,2,0,0.16,0.1825468326295669,0.1825468326295669,-0.09354163017714776,0.09354163017714776,0.25087074917290453,1,0,0,0.0,0.0,0.0
24,66,2,0,0.2,0.1825468326295669,0.1825468326295669,-0.09354163017714776,0.09354163017714776,0.25087074917290453,1,0,0,0.0,0.0,0.0
24,66,2,0,0.25,0.1825468326295669,0.1825468326295669,-0.09354163017714776,0.09354163017714776,0.25087074917290453,1,0,0,0.0,0.0,0.0
24,66,2,0,0.3,0.1825468326295669,0.1825468326295669,-0.09354163017714776,0.09354163017714776,0.25087074917290453,1,0,0,0.0,0.0,0.0
24,66,2,0,0.35,0.1825468326295669,0.1825468326295669,-0.09354163017714776,0.09354163017714776,0.25087074917290453,1,0,0,0.0,0.0,0.0
24,66,2,1,0.02,0.040000000000000036,0.040000000000000036,0.020497015221724965,-0.020497015221724965,0.25087074917290453,0,0,0,0.0,0.0,0.0
24,66,2,1,0.05,0.10000000000000003,0.10000000000000003,0.05124253805431241,-0.05124253805431241,0.25087074917290453,0,0,0,0.0,0.0,0.0
24,66,2,1,0.08,0.15999999999999998,0.15999999999999998,0.08198806088689975,-0.08198806088689975,0.25087074917290453,0,0,0,0.0,0.0,0.0
24,66,2,1,0.12,0.24,0.24,0.12298209133034968,-0.12298209133034968,0.25087074917290453,0,0,0,0.0,0.0,0.0
24,66,2,1,0.16,0.32000000000000006,0.32000000000000006,0.1639761217737996,-0.1639761217737996,0.25087074917290453,0,0,0,0.0,0.0,0.0
24,66,2,1,0.2,0.39999999999999997,0.39999999999999997,0.20497015221724943,-0.20497015221724943,0.25087074917290453,0,0,0,0.0,0.0,0.0
24,66,2,1,0.25,0.5,0.5,0.25621269027156185,-0.25621269027156185,0.25087074917290453,0,1,0,0.196863309925501,0.0,0.196863309925501
24,66,2,1,0.3,0.5625468326295668,0.5625468326295668,0.2882632747835347,-0.28826327478353464,0.25087074917290453,0,1,0,0.196863309925501,0.0,0.196863309925501
24,66,2,1,0.35,0.5625468326295668,0.5625468326295668,0.2882632747835347,-0.28826327478353464,0.25087074917290453,0,1,0,0.196863309925501,0.0,0.196863309925501
24,66,4,0,0.02,0.04000000000000001,0.04000000000000002,-0.01544919049436885,0.01544919049436885,0.20140206684481454,1,0,0,0.0,0.0,0.0
24,66,4,0,0.05,0.10000000000000003,0.10000000000000005,-0.038622976235922125,0.038622976235922125,0.20140206684481454,1,0,0,0.0,0.0,0.0
24,66,4,0,0.08,0.15999999999999998,0.15999999999999998,-0.061796761977475315,0.061796761977475315,0.20140206684481454,1,0,0,0.0,0.0,0.0
24,66,4,0,0.12,0.23440444011313047,0.23440444011313047,-0.0905339712008406,0.0905339712008406,0.20140206684481454,1,0,0,0.0,0.0,0.0
24,66,4,0,0.16,0.23440444011313047,0.23440444011313047,-0.0905339712008406,0.0905339712008406,0.20140206684481454,1,0,0,0.0,0.0,0.0
24,66,4,0,0.2,0.23440444011313047,0.23440444011313047,-0.0905339712008406,0.0905339712008406,0.20140206684481454,1,0,0,0.0,0.0,0.0
24,66,4,0,0.25,0.23440444011313047,0.23440444011313047,-0.0905339712008406,0.0905339712008406,0.20140206684481454,1,0,0,0.0,0.0,0.0
24,66,4,0,0.3,0.23440444011313047,0.23440444011313047,-0.0905339712008406,0.0905339712008406,0.20140206684481454,1,0,0,0.0,0.0,0.0
24,66,4,0,0.35,0.23440444011313047,0.23440444011313047,-0.0905339712008406,0.0905339712008406,0.20140206684481454,1,0,0,0.0,0.0,0.0
24,66,4,1,0.02,0.040000000000000036,0.040000000000000036,0.01544919049436885,-0.01544919049436885,0.20140206684481454,0,0,0,0.0,0.0,0.0
24,66,4,1,0.05,0.10000000000000003,0.10000000000000003,0.038622976235922125,-0.038622976235922125,0.20140206684481454,0,0,0,0.0,0.0,0.0
24,66,4,1,0.08,0.15999999999999998,0.15999999999999998,0.061796761977475315,-0.061796761977475315,0.20140206684481454,0,0,0,0.0,0.0,0.0
24,66,4,1,0.12,0.24,0.24,0.09269514296621302,-0.09269514296621302,0.20140206684481454,0,0,0,0.0,0.0,0.0
24,66,4,1,0.16,0.32000000000000006,0.32000000000000006,0.12359352395495071,-0.12359352395495071,0.20140206684481454,0,0,0,0.0,0.0,0.0
24,66,4,1,0.2,0.39999999999999997,0.39999999999999997,0.15449190494368834,-0.15449190494368836,0.20140206684481454,0,0,0,0.0,0.0,0.0
24,66,4,1,0.25,0.5,0.5,0.19311488117961045,-0.19311488117961045,0.20140206684481454,0,0,0,0.0,0.0,0.0
24,66,4,1,0.3,0.6000000000000001,0.6000000000000001,0.23173785741553257,-0.23173785741553254,0.20140206684481454,0,1,0,0.0,0.0,0.0
24,66,4,1,0.35,0.6144044401131306,0.6144044401131306,0.2373012808973446,-0.2373012808973446,0.20140206684481454,0,1,0,0.0,0.0,0.0
24,66,5,0,0.02,0.04000000000000001,0.04000000000000002,-0.01839594647296588,0.01839594647296588,0.23028027543506546,1,0,0,0.0,0.0,0.0
24,66,5,0,0.05,0.10000000000000003,0.10000000000000005,-0.045989866182414706,0.045989866182414706,0.23028027543506546,1,0,0,0.0,0.0,0.0
24,66,5,0,0.08,0.15999999999999998,0.15999999999999998,-0.07358378589186343,0.07358378589186343,0.23028027543506546,1,0,0,0.0,0.0,0.0
24,66,5,0,0.12,0.23440444011313047,0.23440444011313047,-0.107802288333667,0.107802288333667,0.23028027543506546,1,0,0,0.0,0.0,0.0
24,66,5,0,0.16,0.23440444011313047,0.23440444011313047,-0.107802288333667,0.107802288333667,0.23028027543506546,1,0,0,0.0,0.0,0.0
24,66,5,0,0.2,0.23440444011313047,0.23440444011313047,-0.107802288333667,0.107802288333667,0.23028027543506546,1,0,0,0.0,0.0,0.0
24,66,5,0,0.25,0.23440444011313047,0.23440444011313047,-0.107802288333667,0.107802288333667,0.23028027543506546,1,0,0,0.0,0.0,0.0
24,66,5,0,0.3,0.23440444011313047,0.23440444011313047,-0.107802288333667,0.107802288333667,0.23028027543506546,1,0,0,0.0,0.0,0.0
24,66,5,0,0.35,0.23440444011313047,0.23440444011313047,-0.107802288333667,0.107802288333667,0.23028027543506546,1,0,0,0.0,0.0,0.0
24,66,5,1,0.02,0.040000000000000036,0.040000000000000036,0.01839594647296588,-0.01839594647296588,0.23028027543506546,0,0,0,0.0,0.0,0.0
24,66,5,1,0.05,0.10000000000000003,0.10000000000000003,0.045989866182414706,-0.045989866182414706,0.23028027543506546,0,0,0,0.0,0.0,0.0
24,66,5,1,0.08,0.15999999999999998,0.15999999999999998,0.07358378589186343,-0.07358378589186343,0.23028027543506546,0,0,0,0.0,0.0,0.0
24,66,5,1,0.12,0.24,0.24,0.11037567883779519,-0.11037567883779519,0.23028027543506546,0,0,0,0.0,0.0,0.0
24,66,5,1,0.16,0.32000000000000006,0.32000000000000006,0.14716757178372694,-0.14716757178372694,0.23028027543506546,0,0,0,0.0,0.0,0.0
24,66,5,1,0.2,0.39999999999999997,0.39999999999999997,0.1839594647296586,-0.18395946472965866,0.23028027543506546,0,0,0,0.0,0.0,0.0
24,66,5,1,0.25,0.5,0.5,0.2299493309120733,-0.2299493309120733,0.23028027543506546,0,0,0,0.0,0.0,0.0
24,66,5,1,0.3,0.6000000000000001,0.6000000000000001,0.275939197094488,-0.27593919709448794,0.23028027543506546,0,1,0,0.0,0.0,0.0
24,66,5,1,0.35,0.6144044401131306,0.6144044401131306,0.2825637798268428,-0.2825637798268428,0.23028027543506546,0,1,0,0.0,0.0,0.0
