state,action,row,column,true_margin,value_span,rival_action,naive_critical_mass,critical_mass,margin_factor,fraction_of_cap,fraction_of_naive_critical,fraction_of_critical,mass,actual_l1,revisit_weight,revisit_weight_rival,predicted_shift,corrected_shift,measured_shift,residual,relative_residual,corrected_relative_residual,naive_predicted_flip,predicted_flip,measured_margin_shift,predicted_margin_shift,decision_flip
0,3,0,0,0.006652309533436096,0.41570120137738,1,0.01684486613131184,0.01684486613131184,1.0,0.04,0.1691910151011719,0.1691910151011719,0.0028500000000000005,0.0057000000000000245,0.07671601615074027,0.07671601615074027,-0.001125511002729332,-0.0012118557229925514,-0.001215398864229833,-8.988786150050101e-05,0.07986404511597445,0.0029237319014611463,0,0,-0.001128801695153392,-0.001125511002729332,0
0,3,0,0,0.006652309533436096,0.41570120137738,1,0.01684486613131184,0.01684486613131184,1.0,0.08,0.3383820302023438,0.3383820302023438,0.005700000000000001,0.011400000000000035,0.07671601615074027,0.07671601615074027,-0.0022510220054587364,-0.0024237114459851805,-0.002437925569222621,-0.00018690356376388452,0.08303053604569068,0.005864610352435233,0,0,-0.002264223372415053,-0.0022510220054587364,0
0,3,0,0,0.006652309533436096,0.41570120137738,1,0.01684486613131184,0.01684486613131184,1.0,0.12,0.5075730453035157,0.5075730453035157,0.00855,0.01709999999999995,0.07671601615074027,0.07671601615074027,-0.003376533008187472,-0.00363556716897709,-0.0036676430023945272,-0.0002911099942070551,0.08621565182427267,0.008822786631793221,0,0,-0.0034063234384733576,-0.003376533008187472,0
0,3,0,0,0.006652309533436096,0.41570120137738,1,0.01684486613131184,0.01684486613131184,1.0,0.16,0.6767640604046876,0.6767640604046876,0.011400000000000002,0.022799999999999973,0.07671601615074027,0.07671601615074027,-0.004502044010916808,-0.004847422891969645,-0.0049046147931379735,-0.000402570782221166,0.08941955725998899,0.011798413805214646,0,0,-0.004555160989126783,-0.004502044010916808,0
0,3,0,0,0.006652309533436096,0.41570120137738,1,0.01684486613131184,0.01684486613131184,1.0,0.2,0.8459550755058595,0.8459550755058595,0.014250000000000002,0.028499999999999984,0.07671601615074027,0.07671601615074027,-0.005627555013646202,-0.006059278614962263,-0.006148905323786202,-0.0005213503101400008,0.09264241911021459,0.014791646748611775,0,0,-0.005710795819465986,-0.005627555013646202,0
0,3,0,0,0.006652309533436096,0.41570120137738,1,0.01684486613131184,0.01684486613131184,1.0,0.24000000000000002,1.0151460906070315,1.0151460906070315,0.017100000000000004,0.03420000000000001,0.07671601615074027,0.07671601615074027,-0.0067530660163755375,-0.007271134337954819,-0.007379761922299721,-0.0006266959059241838,0.09280168510192353,0.014939565038411389,1,1,-0.006869423236693706,-0.0067530660163755375,1
0,3,0,0,0.006652309533436096,0.41570120137738,1,0.01684486613131184,0.01684486613131184,1.0,0.27999999999999997,1.184337105708203,1.184337105708203,0.01995,0.03990000000000002,0.07671601615074027,0.07671601615074027,-0.00787857701910494,-0.008482990060947446,-0.008524665795082598,-0.0006460887759776584,0.08200577012967483,0.004912859007935346,1,1,-0.008014327109476582,-0.00787857701910494,1
0,3,0,0,0.006652309533436096,0.41570120137738,1,0.01684486613131184,0.01684486613131184,1.0,0.32,1.3535281208093752,1.3535281208093752,0.022800000000000004,0.04560000000000004,0.07671601615074027,0.07671601615074027,-0.00900408802183426,-0.009694845783939985,-0.009669569667864586,-0.0006654816460303255,0.07390883390039954,0.0026071705150039533,1,1,-0.00915923098225857,-0.00900408802183426,1
0,3,0,0,0.006652309533436096,0.41570120137738,1,0.01684486613131184,0.01684486613131184,1.0,0.36,1.522719135910547,1.522719135910547,0.025650000000000003,0.05129999999999996,0.07671601615074027,0.07671601615074027,-0.01012959902456303,-0.01090670150693193,-0.010814473540646574,-0.0006848745160835442,0.06761121683324363,0.00845608236612498,1,1,-0.010304134855040559,-0.01012959902456303,1
0,3,0,0,0.006652309533436096,0.41570120137738,1,0.01684486613131184,0.01684486613131184,1.0,0.39999999999999997,1.6919101510117187,1.6919101510117187,0.0285,0.05699999999999997,0.07671601615074027,0.07671601615074027,-0.011255110027292403,-0.012118557229924526,-0.01195937741342945,-0.0007042673861370474,0.06257312317954036,0.01313521184700191,1,1,-0.011449038727823435,-0.011255110027292403,1
0,3,0,0,0.006652309533436096,0.41570120137738,1,0.01684486613131184,0.01684486613131184,1.0,0.44,1.8611011661128907,1.8611011661128907,0.03135,0.06269999999999999,0.07671601615074027,0.07671601615074027,-0.012380621030021726,-0.013330412952917068,-0.013104281286211439,-0.0007236602561897128,0.0584510465537158,0.016963590513236516,1,1,-0.012593942600605423,-0.012380621030021726,1
0,3,0,0,0.006652309533436096,0.41570120137738,1,0.01684486613131184,0.01684486613131184,1.0,0.48,2.0302921812140626,2.0302921812140626,0.0342,0.06840000000000002,0.07671601615074027,0.07671601615074027,-0.013506132032751075,-0.014542268675909638,-0.014249185158994315,-0.0007430531262432403,0.05501598269892577,0.020153906068372775,1,1,-0.0137388464733883,-0.013506132032751075,1
0,3,0,0,0.006652309533436096,0.41570120137738,1,0.01684486613131184,0.01684486613131184,1.0,0.52,2.1994831963152346,2.1994831963152346,0.03705000000000001,0.07410000000000003,0.07671601615074027,0.07671601615074027,-0.014631643035480476,-0.015754124398902263,-0.015394089031776304,-0.0007624459962958276,0.05210939020634672,0.022853403845855547,1,1,-0.014883750346170288,-0.014631643035480476,1
0,3,0,0,0.006652309533436096,0.41570120137738,1,0.01684486613131184,0.01684486613131184,1.0,0.56,2.3686742114164065,2.3686742114164065,0.039900000000000005,0.07980000000000005,0.07671601615074027,0.07671601615074027,-0.015757154038209823,-0.01696598012189483,-0.01653899290455918,-0.0007818388663493568,0.049618025212767536,0.025167259083642143,1,1,-0.016028654218953164,-0.015757154038209823,1
0,3,0,0,0.006652309533436096,0.41570120137738,1,0.01684486613131184,0.01684486613131184,1.0,0.6000000000000001,2.5378652265175785,2.5378652265175785,0.04275000000000001,0.08549999999999996,0.07671601615074027,0.07671601615074027,-0.01688266504093854,-0.01817783584488672,-0.01768389677734028,-0.0008012317364017411,0.04745884221826622,0.027172600289785354,1,1,-0.017173558091734265,-0.01688266504093854,1
0,3,0,0,0.006652309533436096,0.41570120137738,1,0.01684486613131184,0.01684486613131184,1.0,0.64,2.7070562416187505,2.7070562416187505,0.04560000000000001,0.09119999999999998,0.07671601615074027,0.07671601615074027,-0.01800817604366794,-0.019389691567879345,-0.018828800650122268,-0.0008206246064543267,0.04556955709808689,0.0289272738451518,1,1,-0.018318461964516253,-0.01800817604366794,1
0,3,0,0,0.006652309533436096,0.41570120137738,1,0.01684486613131184,0.01684486613131184,1.0,0.68,2.876247256719922,2.876247256719922,0.04845000000000001,0.0969,0.07671601615074027,0.07671601615074027,-0.019133687046397237,-0.02060154729087186,-0.019973704522905145,-0.000840017476507908,0.04390254081562803,0.030475515217485597,1,1,-0.01946336583729913,-0.019133687046397237,1
0,3,0,0,0.006652309533436096,0.41570120137738,1,0.01684486613131184,0.01684486613131184,1.0,0.7200000000000001,3.0454382718210944,3.0454382718210944,0.05130000000000001,0.10260000000000002,0.07671601615074027,0.07671601615074027,-0.02025919804912664,-0.021813403013864485,-0.02111860839568802,-0.0008594103465613817,0.04242074856454796,0.031851729770676115,1,1,-0.020608269710082006,-0.02025919804912664,1
0,3,0,0,0.006652309533436096,0.41570120137738,1,0.01684486613131184,0.01684486613131184,1.0,0.76,3.2146292869222655,3.2146292869222655,0.054150000000000004,0.10830000000000004,0.07671601615074027,0.07671601615074027,-0.021384709051855987,-0.023025258736857054,-0.02226351226847001,-0.0008788032166140228,0.04109493444512172,0.03308307963409333,1,1,-0.021753173582863994,-0.021384709051855987,1
0,3,0,0,0.006652309533436096,0.41570120137738,1,0.01684486613131184,0.01684486613131184,1.0,0.8,3.383820302023438,3.383820302023438,0.05700000000000001,0.11400000000000005,0.07671601615074027,0.07671601615074027,-0.02251022005458544,-0.024237114459849735,-0.023408416141251998,-0.0008981960866665563,0.03990170173763314,0.03419129451117323,1,1,-0.022898077455645982,-0.02251022005458544,1
0,3,0,0,0.006652309533436096,0.41570120137738,1,0.01684486613131184,0.01684486613131184,1.0,0.8400000000000001,3.55301131712461,3.55301131712461,0.059850000000000014,0.11970000000000008,0.07671601615074027,0.07671601615074027,-0.023635731057314684,-0.02544897018284219,-0.024553320014034874,-0.0009175889567201896,0.03882211024042847,0.035193965114202065,1,1,-0.02404298132842886,-0.023635731057314684,1
0,3,0,0,0.006652309533436096,0.41570120137738,1,0.01684486613131184,0.01684486613131184,1.0,0.88,3.7222023322257813,3.7222023322257813,0.0627,0.12539999999999998,0.07671601615074027,0.07671601615074027,-0.024761242060043452,-0.026660825905834136,-0.025698223886816862,-0.0009369818267734101,0.03784066342477191,0.036105483844243155,1,1,-0.025187885201210847,-0.024761242060043452,1
0,3,0,0,0.006652309533436096,0.41570120137738,1,0.01684486613131184,0.01684486613131184,1.0,0.92,3.8913933473269537,3.8913933473269537,0.06555000000000001,0.1311,0.07671601615074027,0.07671601615074027,-0.025886753062772907,-0.02787268162882682,-0.02684312775959885,-0.0009563746968259436,0.03694455981044924,0.03693774007604537,1,1,-0.026332789073992835,-0.025886753062772907,1
0,3,0,0,0.006652309533436096,0.41570120137738,1,0.01684486613131184,0.01684486613131184,1.0,0.9600000000000001,4.060584362428126,4.060584362428126,0.06840000000000002,0.13680000000000003,0.07671601615074027,0.07671601615074027,-0.02701226406550215,-0.029084537351819276,-0.02798803163238084,-0.0009757675668786887,0.03612313149732825,0.03770064162185647,1,1,-0.027477692946774823,-0.02701226406550215,1
0,3,0,0,0.006652309533436096,0.41570120137738,1,0.01684486613131184,0.01684486613131184,1.0,1.0,4.229775377529297,4.229775377529297,0.07125000000000001,0.14250000000000004,0.07671601615074027,0.07671601615074027,-0.02813777506823155,-0.030296393074811898,-0.029132935505163715,-0.000995160436932166,0.03536741744928276,0.03840251104397866,1,1,-0.0286225968195577,-0.02813777506823155,1
1,3,0,1,0.37873492870623604,0.8777374138811016,0,0.45420001437989055,3.2131498971216237,0.14135662167107987,0.04,0.006274768625648425,0.0008869800946893461,0.0028500000000000005,0.0057000000000000245,0.08302679970432261,0.9416701780332427,-0.002376474048083169,-0.002573785082875891,-0.0025743584525592667,-0.00019788440447609775,0.0832680687742871,0.0002227729452589184,0,0,-0.00033600517911480665,-0.0003359303429260322,0
1,3,0,1,0.37873492870623604,0.8777374138811016,0,0.45420001437989055,3.2131498971216237,0.14135662167107987,0.08,0.01254953725129685,0.0017739601893786922,0.005700000000000001,0.011400000000000035,0.08302679970432261,0.9416701780332427,-0.004752948096166411,-0.005147570165751861,-0.00514986415552432,-0.000396916059357909,0.08350944536466744,0.00044564516822352197,0,0,-0.0006721600973174091,-0.0006718606858520747,0
1,3,0,1,0.37873492870623604,0.8777374138811016,0,0.45420001437989055,3.2131498971216237,0.14135662167107987,0.12,0.018824305876945273,0.002660940284068038,0.00855,0.01709999999999995,0.08302679970432261,0.9416701780332427,-0.007129422144248917,-0.007721355248627034,-0.00772651787596601,-0.0005970957317170929,0.08375092954746009,0.0006686167353709428,0,0,-0.0010084648547197261,-0.0010077910287780132,0
1,3,0,1,0.37873492870623604,0.8777374138811016,0,0.45420001437989055,3.2131498971216237,0.14135662167107987,0.16,0.0250990745025937,0.0035479203787573844,0.011400000000000002,0.022799999999999973,0.08302679970432261,0.9416701780332427,-0.00950589619233209,-0.010295140331502929,-0.010304320381639087,-0.0007984241893069979,0.08399252139435785,0.0008916877128976665,0,0,-0.0014131998424629089,-0.0013437213717040458,0
1,3,0,1,0.37873492870623604,0.8777374138811016,0,0.45420001437989055,3.2131498971216237,0.14135662167107987,0.2,0.031373843128242124,0.004434900473446731,0.014250000000000002,0.028499999999999984,0.08302679970432261,0.9416701780332427,-0.01188237024041534,-0.012868925414378908,-0.012883272440983973,-0.0010009022005686326,0.0842342209775856,0.0011148581674919457,0,0,-0.0018946205926413384,-0.0016796517146300896,0
1,3,0,1,0.37873492870623604,0.8777374138811016,0,0.45420001437989055,3.2131498971216237,0.14135662167107987,0.24000000000000002,0.03764861175389055,0.005321880568136077,0.017100000000000004,0.03420000000000001,0.08302679970432261,0.9416701780332427,-0.014258844288498494,-0.015442710497254783,-0.015463374823124987,-0.001204530534626493,0.08447602836915012,0.0013381281656401987,0,0,-0.0023762560770412833,-0.0020155820575561197,0
1,3,0,1,0.37873492870623604,0.8777374138811016,0,0.45420001437989055,3.2131498971216237,0.14135662167107987,0.27999999999999997,0.04392338037953896,0.006208860662825421,0.01995,0.039899999999999936,0.08302679970432261,0.9416701780332427,-0.016635318336580936,-0.018016495580129886,-0.018044628297871235,-0.0014093099612902983,0.08471794364110463,0.0015614977738720893,0,0,-0.0028581064393637945,-0.002351512400482049,0
1,3,0,1,0.37873492870623604,0.8777374138811016,0,0.45420001437989055,3.2131498971216237,0.14135662167107987,0.32,0.0501981490051874,0.007095840757514769,0.022800000000000004,0.04559999999999996,0.08302679970432261,0.9416701780332427,-0.019011792384664102,-0.020590280663005774,-0.02062703363572549,-0.0016152412510613869,0.08495996686584502,0.0017849670590332596,0,0,-0.00334017182344315,-0.002687442743408081,0
1,3,0,1,0.37873492870623604,0.8777374138811016,0,0.45420001437989055,3.2131498971216237,0.14135662167107987,0.36,0.05647291763083582,0.007982820852204114,0.025650000000000003,0.05129999999999996,0.08302679970432261,0.9416701780332427,-0.021388266432747438,-0.023164065745881847,-0.023210591607870867,-0.0018223251751234293,0.08520209811550125,0.0020085360877242346,0,0,-0.0038224523732397486,-0.0030233730863341367,0
1,3,0,1,0.37873492870623604,0.8777374138811016,0,0.45420001437989055,3.2131498971216237,0.14135662167107987,0.39999999999999997,0.06274768625648423,0.00886980094689346,0.0285,0.05699999999999997,0.08302679970432261,0.9416701780332427,-0.02376474048083068,-0.025737850828757815,-0.025795302986183266,-0.002030562505352586,0.08544433746248968,0.0022322049268098682,0,0,-0.004304948232838335,-0.003359303429260179,0
1,3,0,1,0.37873492870623604,0.8777374138811016,0,0.45420001437989055,3.2131498971216237,0.14135662167107987,0.44,0.06902245488213267,0.009756781041582806,0.03135,0.06269999999999999,0.08302679970432261,0.9416701780332427,-0.026141214528913822,-0.028311635911633676,-0.02838116854322692,-0.002239954014313098,0.08568668497921428,0.002455973643143369,0,0,-0.004787659546458656,-0.003695233772186208,0
1,3,0,1,0.37873492870623604,0.8777374138811016,0,0.45420001437989055,3.2131498971216237,0.14135662167107987,0.48,0.07529722350778109,0.010643761136272151,0.0342,0.06840000000000002,0.08302679970432261,0.9416701780332427,-0.028517688576996988,-0.030885420994509565,-0.03096818905225529,-0.0024505004752583028,0.08592914073810778,0.0026798423036046293,0,0,-0.005270586458445692,-0.0040311641151122395,0
1,3,0,1,0.37873492870623604,0.8777374138811016,0,0.45420001437989055,3.2131498971216237,0.14135662167107987,0.52,0.08157199213342951,0.011530741230961499,0.03705000000000001,0.07410000000000003,0.08302679970432261,0.9416701780332427,-0.030894162625080233,-0.03345920607738554,-0.03355636528721373,-0.0026622026621334963,0.08617170481171384,0.00290381097517604,0,0,-0.005753729113271433,-0.004367094458038283,0
1,3,0,1,0.37873492870623604,0.8777374138811016,0,0.45420001437989055,3.2131498971216237,0.14135662167107987,0.56,0.08784676075907794,0.012417721325650844,0.039900000000000005,0.07980000000000005,0.08302679970432261,0.9416701780332427,-0.0332706366731634,-0.03603299116026143,-0.03614569802274037,-0.0028750613495769697,0.08641437727267894,0.0031278797249348826,0,0,-0.006237087655544649,-0.004703024800964314,0
1,3,0,1,0.37873492870623604,0.8777374138811016,0,0.45420001437989055,3.2131498971216237,0.14135662167107987,0.6000000000000001,0.09412152938472637,0.013304701420340192,0.04275000000000001,0.08549999999999996,0.08302679970432261,0.9416701780332427,-0.035647110721245906,-0.0386067762431366,-0.038736188034162566,-0.0030890773129166604,0.08665715819362467,0.0033520486199356335,0,0,-0.0067206622299949,-0.0050389551438902525,0
1,3,0,1,0.37873492870623604,0.8777374138811016,0,0.45420001437989055,3.2131498971216237,0.14135662167107987,0.64,0.1003962980103748,0.014191681515029538,0.04560000000000001,0.09119999999999998,0.08302679970432261,0.9416701780332427,-0.038023584769329176,-0.0411805613260126,-0.04132783609750312,-0.0033042513281739475,0.0869000476472498,0.003576317727303313,0,0,-0.007204452981484977,-0.005374885486816299,0
1,3,0,1,0.37873492870623604,0.8777374138811016,0,0.45420001437989055,3.2131498971216237,0.14135662167107987,0.68,0.10667106663602322,0.015078661609718883,0.04845000000000001,0.0969,0.08302679970432261,0.9416701780332427,-0.04040005881741234,-0.043754346408888485,-0.0439206429894794,-0.0035205841720670553,0.08714304570640106,0.0038006871143007087,0,0,-0.0076884600550091164,-0.0057108158297423306,0
1,3,0,1,0.37873492870623604,0.8777374138811016,0,0.45420001437989055,3.2131498971216237,0.14135662167107987,0.7200000000000001,0.11294583526167165,0.015965641704408232,0.05130000000000001,0.10260000000000002,0.08302679970432261,0.9416701780332427,-0.04277653286549551,-0.046328131491764374,-0.04651460948750241,-0.003738076622006904,0.08738615244392842,0.004025156848192501,0,0,-0.008172683595686792,-0.006046746172668363,0
1,3,0,1,0.37873492870623604,0.8777374138811016,0,0.45420001437989055,3.2131498971216237,0.14135662167107987,0.76,0.11922060388732006,0.016852621799097574,0.054150000000000004,0.10829999999999997,0.08302679970432261,0.9416701780332427,-0.04515300691357786,-0.04890191657463938,-0.04910973636967775,-0.003956729456099886,0.08762936793274928,0.004249726996306361,0,0,-0.008657123748769813,-0.006382676515594279,0
1,3,0,1,0.37873492870623604,0.8777374138811016,0,0.45420001437989055,3.2131498971216237,0.14135662167107987,0.8,0.1254953725129685,0.017739601893786924,0.05700000000000001,0.11399999999999998,0.08302679970432261,0.9416701780332427,-0.04752948096166113,-0.05147570165751538,-0.05170602441480909,-0.0041765434531479614,0.0878726922458274,0.004474397626012449,0,0,-0.009141780659639664,-0.006718606858520326,0
1,3,0,1,0.37873492870623604,0.8777374138811016,0,0.45420001437989055,3.2131498971216237,0.14135662167107987,0.8400000000000001,0.13177014113861693,0.01862658198847627,0.059850000000000014,0.11970000000000001,0.08302679970432261,0.9416701780332427,-0.04990595500974419,-0.05404948674039116,-0.054303474402397356,-0.0043975193926531625,0.08811612545626152,0.004699168804805544,0,0,-0.009626654473807505,-0.007054537201446344,0
1,3,0,1,0.37873492870623604,0.8777374138811016,0,0.45420001437989055,3.2131498971216237,0.14135662167107987,0.88,0.13804490976426534,0.01951356208316561,0.0627,0.12539999999999998,0.08302679970432261,0.9416701780332427,-0.052282429057827644,-0.05662327182326735,-0.05690208711263889,-0.0046196580548112445,0.08835966763712552,0.004924040600157725,0,0,-0.010111745336916833,-0.007390467544372416,0
1,3,0,1,0.37873492870623604,0.8777374138811016,0,0.45420001437989055,3.2131498971216237,0.14135662167107987,0.92,0.14431967838991377,0.02040054217785496,0.06555000000000001,0.1311,0.08302679970432261,0.9416701780332427,-0.054658903105910914,-0.05919705690614335,-0.05950186332643348,-0.004842960220522566,0.08860331886167762,0.005149013079710971,0,0,-0.01059705339473993,-0.007726397887298462,0
1,3,0,1,0.37873492870623604,0.8777374138811016,0,0.45420001437989055,3.2131498971216237,0.14135662167107987,0.9600000000000001,0.1505944470155622,0.02128752227254431,0.06840000000000002,0.13680000000000003,0.08302679970432261,0.9416701780332427,-0.057035377153993976,-0.06177084198901913,-0.06210280382537192,-0.005067426671377946,0.0888470792030713,0.005374086311010677,0,0,-0.011082578793176978,-0.008062328230224479,0
1,3,0,1,0.37873492870623604,0.8777374138811016,0,0.45420001437989055,3.2131498971216237,0.14135662167107987,1.0,0.1568692156412106,0.022174502367233652,0.07125000000000001,0.14250000000000004,0.08302679970432261,0.9416701780332427,-0.05941185120207719,-0.06434462707189507,-0.06470490939175466,-0.0052930581896774714,0.08909094873469306,0.0055992603618174284,0,0,-0.011568321678264049,-0.008398258573150517,0
2,3,0,2,0.380892318830397,0.93134561502991,0,0.4304946268163717,3.0542284225971517,0.14095037019212275,0.04,0.006620291688833723,0.0009331325643209468,0.0028500000000000005,0.0057000000000000245,0.08266407112213575,0.941713700930013,-0.00252161825269358,-0.002730065483277118,-0.0027380916869592653,-0.0002164734342656855,0.08584702860333822,0.002939930829978844,0,0,-0.00035646794531185577,-0.0003554230262003738,0
2,3,0,2,0.380892318830397,0.93134561502991,0,0.4304946268163717,3.0542284225971517,0.14095037019212275,0.08,0.013240583377667446,0.0018662651286418936,0.005700000000000001,0.011400000000000035,0.08266407112213575,0.941713700930013,-0.0050432365053872386,-0.005460130966554321,-0.005492330445523663,-0.0004490939401364247,0.08904875661823469,0.0058971990171258586,0,0,-0.0007150380530420719,-0.0007108460524007588,0
2,3,0,2,0.380892318830397,0.93134561502991,0,0.4304946268163717,3.0542284225971517,0.14095037019212275,0.12,0.019860875066501166,0.00279939769296284,0.00855,0.01709999999999995,0.08266407112213575,0.941713700930013,-0.00756485475808007,-0.008190196449830628,-0.008262859531839695,-0.0006980047737596244,0.09226942169829248,0.00887195837782004,0,0,-0.0010757289734870668,-0.001066269078601027,0
2,3,0,2,0.380892318830397,0.93134561502991,0,0.4304946268163717,3.0542284225971517,0.14095037019212275,0.16,0.026481166755334892,0.003732530257283787,0.011400000000000002,0.022799999999999973,0.08266407112213575,0.941713700930013,-0.010086473010773646,-0.010920261933107743,-0.01104982390169873,-0.0009633508909250837,0.09550919235059682,0.011864364553215052,0,0,-0.0014385595782151483,-0.0014216921048014004,0
2,3,0,2,0.380892318830397,0.93134561502991,0,0.4304946268163717,3.0542284225971517,0.14095037019212275,0.2,0.03310145844416861,0.004665662821604734,0.014250000000000002,0.028499999999999984,0.08266407112213575,0.941713700930013,-0.012608091263467309,-0.01365032741638495,-0.013853370235814566,-0.0012452789723472572,0.09876823908750779,0.014874575036632273,0,0,-0.0018035489633660973,-0.001777115131001786,0
2,3,0,2,0.380892318830397,0.93134561502991,0,0.4304946268163717,3.0542284225971517,0.14095037019212275,0.24000000000000002,0.03972175013300234,0.005598795385925681,0.017100000000000004,0.03420000000000001,0.08266407112213575,0.941713700930013,-0.015129709516160892,-0.01638039289966207,-0.01667364696556284,-0.0015439374494019466,0.10204673445665169,0.017902749201261045,0,0,-0.0021707164529916056,-0.00213253815720216,0
2,3,0,2,0.380892318830397,0.93134561502991,0,0.4304946268163717,3.0542284225971517,0.14095037019212275,0.27999999999999997,0.04634204182183605,0.006531927950246626,0.01995,0.03990000000000002,0.08266407112213575,0.941713700930013,-0.017651327768854554,-0.019110458382939278,-0.019510804299171625,-0.0018594765303170703,0.10534485307094477,0.020949048327891115,0,0,-0.0025400816024712114,-0.0024879611834025457,0
2,3,0,2,0.380892318830397,0.93134561502991,0,0.4304946268163717,3.0542284225971517,0.14095037019212275,0.32,0.052962333510669785,0.007465060514567574,0.022800000000000004,0.04560000000000004,0.08266407112213575,0.941713700930013,-0.02017294602154811,-0.02184052386621637,-0.02236499424838989,-0.00219204822684178,0.10866277163981417,0.0240136356337491,0,0,-0.0029116642019788586,-0.002843384209602916,0
2,3,0,2,0.380892318830397,0.93134561502991,0,0.4304946268163717,3.0542284225971517,0.14095037019212275,0.36,0.0595826251995035,0.00839819307888852,0.025650000000000003,0.05129999999999996,0.08266407112213575,0.941713700930013,-0.022694564274240957,-0.024570589349492692,-0.02523637065564266,-0.0025418063814017025,0.11200066900102297,0.02709667630189398,0,0,-0.0032854842800222883,-0.0031988072358031866,0
2,3,0,2,0.380892318830397,0.93134561502991,0,0.4304946268163717,3.0542284225971517,0.14095037019212275,0.39999999999999997,0.06620291688833722,0.009331325643209466,0.0285,0.05699999999999997,0.08266407112213575,0.941713700930013,-0.025216182526934618,-0.0273006548327699,-0.02812508922166934,-0.002908906694734724,0.11535872615244519,0.03019833751056573,0,0,-0.003661562107042826,-0.003554230262003572,0
2,3,0,2,0.380892318830397,0.93134561502991,0,0.4304946268163717,3.0542284225971517,0.14095037019212275,0.44,0.07282320857717095,0.010264458207530414,0.03135,0.06269999999999999,0.08266407112213575,0.941713700930013,-0.027737800779628202,-0.030030720316047022,-0.03103130753366834,-0.0032935067540401375,0.11873712628504514,0.03331878846364701,0,0,-0.00403991819907823,-0.003909653288203946,0
2,3,0,2,0.380892318830397,0.93134561502991,0,0.4304946268163717,3.0542284225971517,0.14095037019212275,0.48,0.07944350026600466,0.01119759077185136,0.0342,0.06840000000000002,0.08266407112213575,0.941713700930013,-0.030259419032321783,-0.03276078579932414,-0.03395518509394435,-0.003695766061622568,0.12213605481568938,0.036458200420969436,0,0,-0.004420573321483268,-0.00426507631440432,0
2,3,0,2,0.380892318830397,0.93134561502991,0,0.4304946268163717,3.0542284225971517,0.14095037019212275,0.52,0.08606379195483839,0.012130723336172308,0.03705000000000001,0.07410000000000003,0.08266407112213575,0.941713700930013,-0.03278103728501542,-0.03549085128260132,-0.0368968833491099,-0.004115846064094479,0.12555569942186906,0.03961674673038505,0,0,-0.004803548492745335,-0.004620499340604702,0
2,3,0,2,0.380892318830397,0.93134561502991,0,0.4304946268163717,3.0542284225971517,0.14095037019212275,0.56,0.09268408364367212,0.013063855900493254,0.039900000000000005,0.07980000000000005,0.08266407112213575,0.941713700930013,-0.03530265553770903,-0.03822091676587847,-0.039856565719787795,-0.004553910182078763,0.12899625007570434,0.042794602859174226,0,0,-0.00518886498834803,-0.00497592236680508,0
2,3,0,2,0.380892318830397,0.93134561502991,0,0.4304946268163717,3.0542284225971517,0.14095037019212275,0.6000000000000001,0.09930437533250584,0.013996988464814203,0.04275000000000001,0.08549999999999996,0.08266407112213575,0.941713700930013,-0.03782427379040185,-0.04095098224915476,-0.042834397630864274,-0.005010123840462427,0.13245789907891842,0.045991946426349385,0,0,-0.005576544344696011,-0.0053313453930053465,0
2,3,0,2,0.380892318830397,0.93134561502991,0,0.4304946268163717,3.0542284225971517,0.14095037019212275,0.64,0.10592466702133957,0.014930121029135148,0.04560000000000001,0.09119999999999998,0.08266407112213575,0.941713700930013,-0.04034589204309549,-0.04368104773243194,-0.045830546542340755,-0.005484654499245269,0.1359408410994317,0.049208957236455464,0,0,-0.005966608363157988,-0.005686768419205728,0
2,3,0,2,0.380892318830397,0.93134561502991,0,0.4304946268163717,3.0542284225971517,0.14095037019212275,0.68,0.11254495871017328,0.015863253593456094,0.04845000000000001,0.0969,0.08266407112213575,0.941713700930013,-0.04286751029578912,-0.04641111321570912,-0.048845181980691876,-0.005977671684902756,0.13944527320705966,0.05244581731254137,0,0,-0.006359079114115929,-0.00604219144540611,0
2,3,0,2,0.380892318830397,0.93134561502991,0,0.4304946268163717,3.0542284225971517,0.14095037019212275,0.7200000000000001,0.11916525039900702,0.016796386157777045,0.05130000000000001,0.10260000000000002,0.08266407112213575,0.941713700930013,-0.045389128548482705,-0.049141178698986245,-0.05187847557086478,-0.006489347022382075,0.14297139491123817,0.055702710931005886,0,0,-0.006753978941161698,-0.006397614471606484,0
2,3,0,2,0.380892318830397,0.93134561502991,0,0.4304946268163717,3.0542284225971517,0.14095037019212275,0.76,0.1257855420878407,0.01772951872209799,0.054150000000000004,0.10830000000000004,0.08266407112213575,0.941713700930013,-0.04791074680117628,-0.05187124418226336,-0.05493060106883618,-0.0070198542676599,0.14651940819857043,0.058979824656277,0,0,-0.007151330465320349,-0.006753037497806858,0
2,3,0,2,0.380892318830397,0.93134561502991,0,0.4304946268163717,3.0542284225971517,0.14095037019212275,0.8,0.13240583377667445,0.018662651286418936,0.05700000000000001,0.11400000000000005,0.08266407112213575,0.941713700930013,-0.05043236505386997,-0.054601309665540596,-0.058001734394794724,-0.007569369340924753,0.15008951757149275,0.06227734737652582,0,0,-0.007551156589368446,-0.007108460524007247,0
2,3,0,2,0.380892318830397,0.93134561502991,0,0.4304946268163717,3.0542284225971517,0.14095037019212275,0.8400000000000001,0.1390261254655082,0.019595783850739883,0.059850000000000014,0.11970000000000008,0.08266407112213575,0.941713700930013,-0.05295398330656351,-0.05733137514881766,-0.06109205366694326,-0.008138070360379751,0.15368193008760983,0.06559547033999848,0,0,-0.007953480502242094,-0.007463883550207615,0
2,3,0,2,0.380892318830397,0.93134561502991,0,0.4304946268163717,3.0542284225971517,0.14095037019212275,0.88,0.1456464171543419,0.020528916415060827,0.0627,0.12539999999999998,0.08266407112213575,0.941713700930013,-0.055475601559256404,-0.060061440632094044,-0.06420173923592998,-0.008726137676673573,0.15729685539962512,0.06893438719189746,0,0,-0.008358325683512469,-0.007819306576407892,0
2,3,0,2,0.380892318830397,0.93134561502991,0,0.4304946268163717,3.0542284225971517,0.14095037019212275,0.92,0.1522667088431756,0.021462048979381775,0.06555000000000001,0.1311,0.08266407112213575,0.941713700930013,-0.05799721981195004,-0.06279150611537122,-0.06733097371994567,-0.009333753907995637,0.16093450579630136,0.07229429401221513,0,0,-0.008765715907964378,-0.008174729602608274,0
2,3,0,2,0.380892318830397,0.93134561502991,0,0.4304946268163717,3.0542284225971517,0.14095037019212275,0.9600000000000001,0.15888700053200935,0.022395181543702725,0.06840000000000002,0.13680000000000003,0.08266407112213575,0.941713700930013,-0.06051883806464357,-0.06552157159864828,-0.07047994204045871,-0.009961103975815143,0.16459509624383614,0.07567538935395006,0,0,-0.009175675250236104,-0.00853015262880864,0
2,3,0,2,0.380892318830397,0.93134561502991,0,0.4304946268163717,3.0542284225971517,0.14095037019212275,1.0,0.16550729222084307,0.02332831410802367,0.07125000000000001,0.14250000000000004,0.08266407112213575,0.941713700930013,-0.0630404563173372,-0.06825163708192547,-0.07364883145864809,-0.010608375141310883,0.16827884442824692,0.07907787428225535,0,0,-0.009588228089575601,-0.008885575655009022,0
3,3,0,3,0.029790238440730477,0.5662616926705173,1,0.05537748029395772,0.05457385240732797,1.0147255114158267,0.04,0.05146496346297226,0.05222281136996137,0.0028500000000000005,0.005700000000000011,0.16699225698719072,0.1522667455713639,-0.001533153532905431,-0.001789178301673194,-0.0017944127606197569,-0.0002612592277143259,0.1704064349114611,0.0029256217458414886,0,0,-0.0015602814802848641,-0.0015557300027564448,0
3,3,0,3,0.029790238440730477,0.5662616926705173,1,0.05537748029395772,0.05457385240732797,1.0147255114158267,0.08,0.10292992692594452,0.10444562273992274,0.005700000000000001,0.011399999999999993,0.16699225698719072,0.1522667455713639,-0.003066307065810849,-0.003578356603346373,-0.003599355875068433,-0.0005330488092575841,0.1738406486424821,0.005868412248913975,0,0,-0.003129719335519532,-0.0031114600055128765,0
3,3,0,3,0.029790238440730477,0.5662616926705173,1,0.05537748029395772,0.05457385240732797,1.0147255114158267,0.12,0.15439489038891677,0.15666843410988407,0.00855,0.017100000000000004,0.16699225698719072,0.1522667455713639,-0.004599460598716277,-0.005367534905019563,-0.005414922310808201,-0.0008154617120919245,0.177295075061524,0.008828523079435014,0,0,-0.004708394402972438,-0.004667190008269318,0
3,3,0,3,0.029790238440730477,0.5662616926705173,1,0.05537748029395772,0.05457385240732797,1.0147255114158267,0.16,0.20585985385188904,0.20889124547984547,0.011400000000000002,0.022800000000000015,0.16699225698719072,0.1522667455713639,-0.006132614131621711,-0.0071567132066927604,-0.007241206132898803,-0.0011085920012770924,0.18076989314570424,0.011806107603561256,0,0,-0.006296388474284598,-0.006222920011025766,0
3,3,0,3,0.029790238440730477,0.5662616926705173,1,0.05537748029395772,0.05457385240732797,1.0147255114158267,0.2,0.2573248173148613,0.2611140568498068,0.014250000000000002,0.028499999999999998,0.16699225698719072,0.1522667455713639,-0.007665767664527125,-0.008945891508365935,-0.009078302520232562,-0.001412534855705437,0.18426528398999836,0.014801321002249974,0,0,-0.007893784309596974,-0.007778650013782194,0
3,3,0,3,0.029790238440730477,0.5662616926705173,1,0.05537748029395772,0.05457385240732797,1.0147255114158267,0.24000000000000002,0.3087897807778336,0.3133368682197682,0.017100000000000004,0.03420000000000001,0.16699225698719072,0.1522667455713639,-0.009198921197432553,-0.010735069810039126,-0.010926307782045619,-0.0017273865846130654,0.18778143083725776,0.01781432029698147,0,0,-0.009500665651924756,-0.009334380016538637,0
3,3,0,3,0.029790238440730477,0.5662616926705173,1,0.05537748029395772,0.05457385240732797,1.0147255114158267,0.27999999999999997,0.3602547442408058,0.36555967958972946,0.01995,0.03989999999999999,0.16699225698719072,0.1522667455713639,-0.010732074730337967,-0.012524248111712299,-0.012785319374792437,-0.00205324464445447,0.19131851911636946,0.020845264382457533,0,0,-0.011117117241798091,-0.010890110019295064,0
3,3,0,3,0.029790238440730477,0.5662616926705173,1,0.05537748029395772,0.05457385240732797,1.0147255114158267,0.32,0.4117197077037781,0.41778249095969094,0.022800000000000004,0.0456,0.16699225698719072,0.1522667455713639,-0.012265228263243395,-0.014313426413385491,-0.01465543591924856,-0.002390207656005165,0.1948767364703821,0.023894314050703615,0,0,-0.012743224832159505,-0.012445840022051506,0
3,3,0,3,0.029790238440730477,0.5662616926705173,1,0.05537748029395772,0.05457385240732797,1.0147255114158267,0.36,0.46318467116675033,0.47000530232965226,0.025650000000000003,0.05130000000000001,0.16699225698719072,0.1522667455713639,-0.013798381796148822,-0.01610260471505868,-0.016536757217943787,-0.0027383754217949648,0.19845627278984665,0.026961632019638547,0,0,-0.014379075203511782,-0.014001570024807947,0
3,3,0,3,0.029790238440730477,0.5662616926705173,1,0.05537748029395772,0.05457385240732797,1.0147255114158267,0.39999999999999997,0.5146496346297226,0.5222281136996135,0.0285,0.056999999999999995,0.16699225698719072,0.1522667455713639,-0.01533153532905425,-0.01789178301673187,-0.0184293842729506,-0.0030978489438963502,0.20205732024931167,0.03004738296434626,0,0,-0.016024756179380262,-0.015557300027564388,0
3,3,0,3,0.029790238440730477,0.5662616926705173,1,0.05537748029395772,0.05457385240732797,1.0147255114158267,0.44,0.5661145980926948,0.574450925069575,0.03135,0.0627,0.16699225698719072,0.1522667455713639,-0.016864688861959676,-0.01968096131840506,-0.02033341930392485,-0.0034687304419651725,0.20568007333887486,0.03315173354411453,0,0,-0.017680356642015838,-0.017113030030320827,0
3,3,0,3,0.029790238440730477,0.5662616926705173,1,0.05537748029395772,0.05457385240732797,1.0147255114158267,0.48,0.6175795615556671,0.6266737364395363,0.0342,0.06840000000000002,0.16699225698719072,0.1522667455713639,-0.01839784239486505,-0.021470139620078186,-0.02224896576653279,-0.0038511233716677397,0.20932472890096132,0.0362748524339484,0,0,-0.019345966548396376,-0.018668760033077218,0
3,3,0,3,0.029790238440730477,0.5662616926705173,1,0.05537748029395772,0.05457385240732797,1.0147255114158267,0.52,0.6690445250186394,0.6788965478094977,0.03705000000000001,0.0741,0.16699225698719072,0.1522667455713639,-0.019930995927770586,-0.023259317921751503,-0.02417612837116767,-0.004245132443397085,0.21299148616463198,0.039416910353970054,0,0,-0.02102167694652568,-0.020224490035833768,0
3,3,0,3,0.029790238440730477,0.5662616926705173,1,0.05537748029395772,0.05457385240732797,1.0147255114158267,0.56,0.7205094884816117,0.731119359179459,0.039900000000000005,0.07980000000000001,0.16699225698719072,0.1522667455713639,-0.021464149460675933,-0.025048496223424598,-0.02611501310205,-0.004650863641374067,0.2166805467831291,0.042578080101592176,0,0,-0.022707579992018445,-0.021780220038590127,0
3,3,0,3,0.029790238440730477,0.5662616926705173,1,0.05537748029395772,0.05457385240732797,1.0147255114158267,0.6000000000000001,0.771974451944584,0.7833421705494206,0.04275000000000001,0.08550000000000002,0.16699225698719072,0.1522667455713639,-0.022997302993581388,-0.02683767452509782,-0.02806572723665468,-0.005068424243073293,0.2203921148705091,0.045758536582907704,0,0,-0.02440376896500318,-0.023335950041346597,0
3,3,0,3,0.029790238440730477,0.5662616926705173,1,0.05537748029395772,0.05457385240732797,1.0147255114158267,0.64,0.8234394154075562,0.8355649819193819,0.04560000000000001,0.0912,0.16699225698719072,0.1522667455713639,-0.024530456526486843,-0.028626852826771042,-0.03002837936547742,-0.005497922838990577,0.22412639703848058,0.04895845684425741,0,0,-0.02611033828731646,-0.024891680044103064,0
3,3,0,3,0.029790238440730477,0.5662616926705173,1,0.05537748029395772,0.05457385240732797,1.0147255114158267,0.68,0.8749043788705284,0.8877877932893432,0.04845000000000001,0.09690000000000001,0.16699225698719072,0.1522667455713639,-0.026063610059392242,-0.0304160311284442,-0.03200307941221325,-0.005939469352821011,0.22788360243598232,0.0521780201061437,0,0,-0.027827383540031114,-0.02644741004685948,0
3,3,0,3,0.029790238440730477,0.5662616926705173,1,0.05537748029395772,0.05457385240732797,1.0147255114158267,0.7200000000000001,0.9263693423335008,0.9400106046593046,0.05130000000000001,0.10260000000000002,0.16699225698719072,0.1522667455713639,-0.027596763592297645,-0.03220520943011736,-0.033989938654253926,-0.006393175061956281,0.23166394278714042,0.0554174077957569,0,0,-0.029555001481299747,-0.028003140049615894,0
3,3,0,3,0.029790238440730477,0.5662616926705173,1,0.05537748029395772,0.05457385240732797,1.0147255114158267,0.76,0.9778343057964729,0.9922334160292658,0.054150000000000004,0.10830000000000001,0.16699225698719072,0.1522667455713639,-0.0291299171252031,-0.03399438773179058,-0.03565961699321463,-0.006529699868011527,0.22415785942494337,0.04898541708008971,0,0,-0.031189380849399484,-0.029558870052372364,1
3,3,0,3,0.029790238440730477,0.5662616926705173,1,0.05537748029395772,0.05457385240732797,1.0147255114158267,0.8,1.0292992692594451,1.0444562273992273,0.05700000000000001,0.114,0.16699225698719072,0.1522667455713639,-0.030663070658108606,-0.035783566033463866,-0.03727841016934352,-0.006615339511234917,0.21574289101687025,0.04177459939240592,1,1,-0.03280817402552838,-0.031114600055128883,1
3,3,0,3,0.029790238440730477,0.5662616926705173,1,0.05537748029395772,0.05457385240732797,1.0147255114158267,0.8400000000000001,1.0807642327224176,1.0966790387691887,0.059850000000000014,0.11970000000000003,0.16699225698719072,0.1522667455713639,-0.03219622419101396,-0.037572744335136965,-0.03889720334547064,-0.006700979154456686,0.20812934817142145,0.035250526246364225,1,1,-0.0344269672016555,-0.03267033005788525,1
3,3,0,3,0.029790238440730477,0.5662616926705173,1,0.05537748029395772,0.05457385240732797,1.0147255114158267,0.88,1.1322291961853896,1.14890185013915,0.0627,0.1254,0.16699225698719072,0.1522667455713639,-0.03372937772391935,-0.03936192263681012,-0.040515996521597764,-0.006786618797678411,0.20120794558464822,0.029319550659052115,1,1,-0.03604576037778262,-0.034226060060641654,1
3,3,0,3,0.029790238440730477,0.5662616926705173,1,0.05537748029395772,0.05457385240732797,1.0147255114158267,0.92,1.183694159648362,1.2011246615091113,0.06555000000000001,0.1311,0.16699225698719072,0.1522667455713639,-0.035262531256824915,-0.04115110093848347,-0.042134789697724884,-0.0068722584408999685,0.19488840409237132,0.023904312079327514,1,1,-0.03766455355390974,-0.03578179006339824,1
3,3,0,3,0.029790238440730477,0.5662616926705173,1,0.05537748029395772,0.05457385240732797,1.0147255114158267,0.9600000000000001,1.2351591231113344,1.2533474728790728,0.06840000000000002,0.13680000000000003,0.16699225698719072,0.1522667455713639,-0.036795684789730214,-0.042940279240156504,-0.043753582873851116,-0.006957898084120902,0.1890954910577686,0.018940343381233394,1,1,-0.03928334673003597,-0.037337520066154546,1
3,3,0,3,0.029790238440730477,0.5662616926705173,1,0.05537748029395772,0.05457385240732797,1.0147255114158267,1.0,1.2866240865743064,1.305570284249034,0.07125000000000001,0.14250000000000002,0.16699225698719072,0.1522667455713639,-0.03832883832263556,-0.0447294575418296,-0.045372376049979124,-0.007043537727343563,0.1837660110659789,0.01437349217902507,1,1,-0.04090213990616398,-0.03889325006891091,1
4,1,0,4,0.43743111417240854,1.16072046511613,3,0.39669655031536005,2.8293329172518966,0.14020850918479666,0.04,0.0071843327040135565,0.0010073045779173198,0.0028500000000000005,0.0057000000000000245,0.1601198596450846,1.019911350460288,-0.0031426506593020404,-0.0036458514417830154,-0.003655831155239042,-0.0005131804959370018,0.16329543165035576,0.0027372792378907488,0,0,-0.0004418324812291985,-0.0004406263638293574,0
4,1,0,4,0.43743111417240854,1.16072046511613,3,0.39669655031536005,2.8293329172518966,0.14020850918479666,0.08,0.014368665408027113,0.0020146091558346396,0.005700000000000001,0.011400000000000035,0.1601198596450846,1.019911350460288,-0.006285301318604173,-0.0072917028835661375,-0.007331731306359224,-0.0010464299877550511,0.166488436227818,0.005489585002606364,0,0,-0.0008860904394190072,-0.0008812527276587277,0
4,1,0,4,0.43743111417240854,1.16072046511613,3,0.39669655031536005,2.8293329172518966,0.14020850918479666,0.12,0.021552998112040665,0.0030219137337519587,0.00855,0.01709999999999995,0.1601198596450846,1.019911350460288,-0.009427951977905323,-0.01093755432534812,-0.011027866163886735,-0.0015999141859814117,0.16969901731901654,0.008257041368865613,0,0,-0.0013327939018328294,-0.0013218790914879604,0
4,1,0,4,0.43743111417240854,1.16072046511613,3,0.39669655031536005,2.8293329172518966,0.14020850918479666,0.16,0.028737330816054226,0.004029218311669279,0.011400000000000002,0.022799999999999973,0.1601198596450846,1.019911350460288,-0.01257060263720737,-0.014583405767131144,-0.01474440326776083,-0.00217380063055346,0.17292732045473216,0.011039773781276201,0,0,-0.0017819631168336514,-0.0017625054553173187,0
4,1,0,4,0.43743111417240854,1.16072046511613,3,0.39669655031536005,2.8293329172518966,0.14020850918479666,0.2,0.03592166352006778,0.005036522889586599,0.014250000000000002,0.028499999999999984,0.1601198596450846,1.019911350460288,-0.0157132532965095,-0.018229257208914263,-0.018481512012638923,-0.0027682587161294223,0.1761734927765949,0.013837909072965702,0,0,-0.0022336185569358236,-0.002203131819146689,0
4,1,0,4,0.43743111417240854,1.16072046511613,3,0.39669655031536005,2.8293329172518966,0.14020850918479666,0.24000000000000002,0.043105996224081344,0.006043827467503918,0.017100000000000004,0.03420000000000001,0.1601198596450846,1.019911350460288,-0.01885590395581154,-0.02187510865069728,-0.02223936367363777,-0.0033834597178262274,0.17943768305965613,0.016651575485037706,0,0,-0.002687780921922567,-0.002643758182976046,0
4,1,0,4,0.43743111417240854,1.16072046511613,3,0.39669655031536005,2.8293329172518966,0.14020850918479666,0.27999999999999997,0.05029032892809488,0.007051132045421236,0.01995,0.03990000000000002,0.1601198596450846,1.019911350460288,-0.021998554615113675,-0.025520960092480404,-0.026018131432497427,-0.004019576817383751,0.1827200417350229,0.019480902686083157,0,0,-0.003144471142006111,-0.003084384546805417,0
4,1,0,4,0.43743111417240854,1.16072046511613,3,0.39669655031536005,2.8293329172518966,0.14020850918479666,0.32,0.05747466163210845,0.008058436623338558,0.022800000000000004,0.04560000000000004,0.1601198596450846,1.019911350460288,-0.025141205274415688,-0.029166811534263388,-0.02981799040418931,-0.004676785129773622,0.18602072091320276,0.022326021792301726,0,0,-0.003603710381040237,-0.00352501091063477,0
4,1,0,4,0.43743111417240854,1.16072046511613,3,0.39669655031536005,2.8293329172518966,0.14020850918479666,0.36,0.064658994336122,0.009065741201255877,0.025650000000000003,0.05129999999999996,0.1601198596450846,1.019911350460288,-0.028283855933716857,-0.03281266297604539,-0.033639117663966545,-0.005355261730249687,0.18933987440749694,0.025187065387667597,0,0,-0.004065520039794102,-0.0039656372744640055,0
4,1,0,4,0.43743111417240854,1.16072046511613,3,0.39669655031536005,2.8293329172518966,0.14020850918479666,0.39999999999999997,0.07184332704013556,0.010073045779173196,0.0285,0.05699999999999997,0.1601198596450846,1.019911350460288,-0.031426506593019,-0.036458514417828526,-0.03748169227486908,-0.006055185681850081,0.19267765775770837,0.028064167544364176,0,0,-0.004529921759275801,-0.004406263638293378,0
4,1,0,4,0.43743111417240854,1.16072046511613,3,0.39669655031536005,2.8293329172518966,0.14020850918479666,0.44,0.07902765974414912,0.011080350357090516,0.03135,0.06269999999999999,0.1601198596450846,1.019911350460288,-0.03456915725232104,-0.040104365859611545,-0.0413458953156951,-0.00677673806337406,0.19603422825469824,0.030957463843952263,0,0,-0.004996937424110115,-0.004846890002122735,0
4,1,0,4,0.43743111417240854,1.16072046511613,3,0.39669655031536005,2.8293329172518966,0.14020850918479666,0.48,0.08621199244816266,0.012087654935007835,0.0342,0.06840000000000002,0.1601198596450846,1.019911350460288,-0.03771180791162308,-0.04375021730139456,-0.04501381118089132,-0.007302003269268234,0.19362644417314445,0.02888200236336828,0,0,-0.00544098277033811,-0.005287516365952092,0
4,1,0,4,0.43743111417240854,1.16072046511613,3,0.39669655031536005,2.8293329172518966,0.14020850918479666,0.52,0.09339632515217623,0.013094959512925155,0.03705000000000001,0.07410000000000003,0.1601198596450846,1.019911350460288,-0.040854458570925206,-0.04739606874317767,-0.04854116120255014,-0.0076867026316249365,0.18814843961964323,0.024160072548998043,0,0,-0.005868544923775865,-0.005728142729781461,0
4,1,0,4,0.43743111417240854,1.16072046511613,3,0.39669655031536005,2.8293329172518966,0.14020850918479666,0.56,0.10058065785618979,0.014102264090842476,0.039900000000000005,0.07980000000000005,0.1601198596450846,1.019911350460288,-0.043997109230227247,-0.05104192018496069,-0.052070191381320186,-0.008073082151092939,0.1834911950430258,0.020145621336998046,0,0,-0.006296310734798638,-0.006168769093610819,0
4,1,0,4,0.43743111417240854,1.16072046511613,3,0.39669655031536005,2.8293329172518966,0.14020850918479666,0.6000000000000001,0.10776499056020335,0.015109568668759796,0.04275000000000001,0.08549999999999996,0.1601198596450846,1.019911350460288,-0.047139759889528385,-0.054687771626742654,-0.05560090291793429,-0.008461143028405907,0.1794905839197001,0.016697174963060866,0,0,-0.0067242803489575564,-0.00660939545744005,0
4,1,0,4,0.43743111417240854,1.16072046511613,3,0.39669655031536005,2.8293329172518966,0.14020850918479666,0.64,0.1149493232642169,0.016116873246677117,0.04560000000000001,0.09119999999999998,0.1601198596450846,1.019911350460288,-0.050282410548830536,-0.058333623068525804,-0.059133297014271946,-0.00885088646544141,0.17602351137971176,0.013708628123556582,0,0,-0.007152453911928092,-0.007050021821269422,0
4,1,0,4,0.43743111417240854,1.16072046511613,3,0.39669655031536005,2.8293329172518966,0.14020850918479666,0.68,0.12213365596823045,0.017124177824594435,0.04845000000000001,0.0969,0.1601198596450846,1.019911350460288,-0.053425061208132577,-0.061979474510308816,-0.06266737487335217,-0.00924231366521959,0.17299584607331603,0.011098841487094807,0,0,-0.0075808315695358175,-0.00749064818509878,0
4,1,0,4,0.43743111417240854,1.16072046511613,3,0.39669655031536005,2.8293329172518966,0.14020850918479666,0.7200000000000001,0.12931798867224403,0.018131482402511754,0.05130000000000001,0.10260000000000002,0.1601198596450846,1.019911350460288,-0.05656771186743462,-0.06562532595209183,-0.06620313769934594,-0.00963542583191132,0.1703343747488278,0.00880470670234721,0,0,-0.008009413467743975,-0.007931274548928138,0
4,1,0,4,0.43743111417240854,1.16072046511613,3,0.39669655031536005,2.8293329172518966,0.14020850918479666,0.76,0.13650232137625756,0.019138786980429073,0.054150000000000004,0.10830000000000004,0.1601198596450846,1.019911350460288,-0.059710362526736706,-0.06927117739387491,-0.06974058669757,-0.01003022417083329,0.16798129748989588,0.006776401403227672,0,0,-0.008438199752655251,-0.008371900912757501,0
4,1,0,4,0.43743111417240854,1.16072046511613,3,0.39669655031536005,2.8293329172518966,0.14020850918479666,0.8,0.14368665408027112,0.020146091558346395,0.05700000000000001,0.11400000000000005,0.1601198596450846,1.019911350460288,-0.06285301318603885,-0.07291702883565804,-0.07327972307448682,-0.010426709888447974,0.16589037438166918,0.004974067712581034,0,0,-0.008867190570501116,-0.008812527276586874,0
4,1,0,4,0.43743111417240854,1.16072046511613,3,0.39669655031536005,2.8293329172518966,0.14020850918479666,0.8400000000000001,0.1508709867842847,0.021153396136263714,0.059850000000000014,0.11970000000000008,0.1601198596450846,1.019911350460288,-0.0659956638453408,-0.07656288027744095,-0.07682054803772242,-0.010824884192381631,0.16402417312976017,0.003365439745053595,0,0,-0.009296386067667584,-0.009253153640416217,0
4,1,0,4,0.43743111417240854,1.16072046511613,3,0.39669655031536005,2.8293329172518966,0.14020850918479666,0.88,0.15805531948829823,0.022160700714181032,0.0627,0.12539999999999998,0.1601198596450846,1.019911350460288,-0.06913831450464208,-0.08020873171922309,-0.0803630627960441,-0.01122474829140202,0.16235206732799898,0.0019241181541339338,0,0,-0.009725786390675673,-0.00969378000424547,0
4,1,0,4,0.43743111417240854,1.16072046511613,3,0.39669655031536005,2.8293329172518966,0.14020850918479666,0.92,0.1652396521923118,0.02316800529209835,0.06555000000000001,0.1311,0.1601198596450846,1.019911350460288,-0.07228096516394418,-0.08385458316100616,-0.08390726855937736,-0.011626303395433177,0.1608487569177163,0.0006282947977933963,0,0,-0.01015539168617785,-0.010134406368074835,0
4,1,0,4,0.43743111417240854,1.16072046511613,3,0.39669655031536005,2.8293329172518966,0.14020850918479666,0.9600000000000001,0.17242398489632538,0.024175309870015673,0.06840000000000002,0.13680000000000003,0.1601198596450846,1.019911350460288,-0.07542361582324617,-0.08750043460278913,-0.08745316653880142,-0.012029550715555254,0.15949315853202106,0.0005402037624416601,0,0,-0.010585202100974023,-0.010575032731904185,0
4,1,0,4,0.43743111417240854,1.16072046511613,3,0.39669655031536005,2.8293329172518966,0.14020850918479666,1.0,0.1796083176003389,0.025182614447932992,0.07125000000000001,0.14250000000000004,0.1601198596450846,1.019911350460288,-0.0785662664825482,-0.09114628604457213,-0.09100075794655904,-0.012434491464010836,0.1582675621575182,0.0015966432021368797,0,0,-0.01101521778201242,-0.011015659095733541,0
5,1,1,0,0.3777360525069433,0.8673453110183127,2,0.4584297537838822,2.179585188832095,0.21032889933956944,0.04,0.00621687396264331,0.0013075882578955948,0.0028500000000000005,0.0057000000000000245,0.14823822975800702,0.9379093304184375,-0.002348337429582166,-0.0026964508130178947,-0.0027032744121360253,-0.00035493698255385916,0.15114394468303144,0.0025305854218395647,0,0,-0.0004951731417568439,-0.0004939232268419306,0
5,1,1,0,0.3777360525069433,0.8673453110183127,2,0.4584297537838822,2.179585188832095,0.21032889933956944,0.08,0.01243374792528662,0.0026151765157911896,0.005700000000000001,0.011400000000000035,0.14823822975800702,0.9379093304184375,-0.004696674859164405,-0.005392901626035873,-0.005420265268542224,-0.0007235904093778186,0.15406440323751813,0.005074011061919735,0,0,-0.0009928587975114311,-0.0009878464536838766,0
5,1,1,0,0.3777360525069433,0.8673453110183127,2,0.4584297537838822,2.179585188832095,0.21032889933956944,0.12,0.018650621887929927,0.003922764773686784,0.00855,0.01709999999999995,0.14823822975800702,0.9379093304184375,-0.0070450122887459185,-0.008089352439053019,-0.008151077230831305,-0.0011060649420853866,0.1569997179213263,0.007630374896301584,0,0,-0.0014930761386908742,-0.00148176968052567,0
5,1,1,0,0.3777360525069433,0.8673453110183127,2,0.4584297537838822,2.179585188832095,0.21032889933956944,0.16,0.02486749585057324,0.005230353031582379,0.011400000000000002,0.022799999999999973,0.14823822975800702,0.9379093304184375,-0.009393349718328092,-0.010785803252070921,-0.010895816028139826,-0.0015024663098117345,0.1599500023809564,0.01019977589965606,0,0,-0.0019958445322600937,-0.0019756929073676023,0
5,1,1,0,0.3777360525069433,0.8673453110183127,2,0.4584297537838822,2.179585188832095,0.21032889933956944,0.2,0.03108436981321655,0.006537941289477974,0.014250000000000002,0.028499999999999984,0.14823822975800702,0.9379093304184375,-0.011741687147910337,-0.013482254065088907,-0.013654588470774165,-0.0019129013228638275,0.16291537142549958,0.012782314059152927,0,0,-0.0025011835432291463,-0.0024696161342095497,0
5,1,1,0,0.3777360525069433,0.8673453110183127,2,0.4584297537838822,2.179585188832095,0.21032889933956944,0.24000000000000002,0.03730124377585986,0.00784552954737357,0.017100000000000004,0.03420000000000001,0.14823822975800702,0.9379093304184375,-0.014090024577492484,-0.01617870487810678,-0.016427502464069654,-0.0023374778865771703,0.16589594104122968,0.01537809038716998,0,0,-0.003009112937195191,-0.0029635393610514763,0
5,1,1,0,0.3777360525069433,0.8673453110183127,2,0.4584297537838822,2.179585188832095,0.21032889933956944,0.27999999999999997,0.043518117738503156,0.009153117805269163,0.01995,0.03990000000000002,0.14823822975800702,0.9379093304184375,-0.01643836200707472,-0.018875155691124756,-0.019214667022453114,-0.0027763050153783927,0.16889182840623235,0.017987206934033325,0,0,-0.0035196526829111008,-0.0034574625878934216,0
5,1,1,0,0.3777360525069433,0.8673453110183127,2,0.4584297537838822,2.179585188832095,0.21032889933956944,0.32,0.04973499170114648,0.010460706063164758,0.022800000000000004,0.04560000000000004,0.14823822975800702,0.9379093304184375,-0.01878669943665691,-0.021571606504142676,-0.022016192283733638,-0.0032294928470767287,0.17190315190625186,0.02060976680181805,0,0,-0.00403282295490115,-0.003951385814735357,0
5,1,1,0,0.3777360525069433,0.8673453110183127,2,0.4584297537838822,2.179585188832095,0.21032889933956944,0.36,0.055951865663789783,0.011768294321060352,0.025650000000000003,0.05129999999999996,0.14823822975800702,0.9379093304184375,-0.02113503686623842,-0.02426805731715982,-0.024832189523605663,-0.0036971526573672427,0.1749300311499885,0.02324587415767104,0,0,-0.004548644136126434,-0.00444530904157715,0
5,1,1,0,0.3777360525069433,0.8673453110183127,2,0.4584297537838822,2.179585188832095,0.21032889933956944,0.39999999999999997,0.062168739626433094,0.013075882578955946,0.0285,0.05699999999999997,0.14823822975800702,0.9379093304184375,-0.023483374295820675,-0.026964508130177815,-0.027662771170391842,-0.004179396874571167,0.17797258698529422,0.025895634247915463,0,0,-0.005067136820680496,-0.0049392322684190994,0
5,1,1,0,0.3777360525069433,0.8673453110183127,2,0.4584297537838822,2.179585188832095,0.21032889933956944,0.44,0.06838561358907641,0.014383470836851542,0.03135,0.06269999999999999,0.14823822975800702,0.9379093304184375,-0.02583171172540282,-0.029660958943195686,-0.0305080508199973,-0.00467633909459448,0.18103094151502871,0.028559153411860293,0,0,-0.005588321816532016,-0.005433155495261026,0
5,1,1,0,0.3777360525069433,0.8673453110183127,2,0.4584297537838822,2.179585188832095,0.21032889933956944,0.48,0.0746024875517197,0.015691059094747137,0.0342,0.06840000000000002,0.14823822975800702,0.9379093304184375,-0.028180049154984968,-0.03235740975621356,-0.03336814325110282,-0.005188094096117854,0.18410521811315206,0.03123653909581471,0,0,-0.006112220148296821,-0.005927078722102953,0
5,1,1,0,0.3777360525069433,0.8673453110183127,2,0.4584297537838822,2.179585188832095,0.21032889933956944,0.52,0.08081936151436303,0.016998647352642733,0.03705000000000001,0.07410000000000003,0.14823822975800702,0.9379093304184375,-0.03052838658456722,-0.03505386056923155,-0.03624316444061204,-0.005714777856044823,0.18719554144187137,0.03392789986802196,0,0,-0.006638853060085381,-0.006421001948944901,0
5,1,1,0,0.3777360525069433,0.8673453110183127,2,0.4584297537838822,2.179585188832095,0.21032889933956944,0.56,0.08703623547700634,0.01830623561053833,0.039900000000000005,0.07980000000000005,0.14823822975800702,0.9379093304184375,-0.03287672401414939,-0.037750311382249456,-0.039133231579314476,-0.006256507565165083,0.1903020374679796,0.036633345432887786,0,0,-0.007168242018353865,-0.006914925175786833,0
5,1,1,0,0.3777360525069433,0.8673453110183127,2,0.4584297537838822,2.179585188832095,0.21032889933956944,0.6000000000000001,0.09325310943964965,0.019613823868433924,0.04275000000000001,0.08549999999999996,0.14823822975800702,0.9379093304184375,-0.03522506144373091,-0.0404467621952666,-0.042038463087819444,-0.006813401644088536,0.19342483348034398,0.03935298664621217,0,0,-0.007700408714837792,-0.007408848402628627,0
5,1,1,0,0.3777360525069433,0.8673453110183127,2,0.4584297537838822,2.179585188832095,0.21032889933956944,0.64,0.09946998340229296,0.020921412126329517,0.04560000000000001,0.09119999999999998,0.14823822975800702,0.9379093304184375,-0.03757339887331313,-0.04314321300828456,-0.04495897863272447,-0.007385579759411336,0.196564058106998,0.04208693553007364,0,0,-0.008235375069501671,-0.007902771629470569,0
5,1,1,0,0.3777360525069433,0.8673453110183127,2,0.4584297537838822,2.179585188832095,0.21032889933956944,0.68,0.10568685736493627,0.022229000384225112,0.04845000000000001,0.0969,0.14823822975800702,0.9379093304184375,-0.039921736302895305,-0.045839663821302466,-0.047894899143047454,-0.007973162840152148,0.1997198413330008,0.044835305288384,0,0,-0.008773163233557923,-0.008396694856312501,0
5,1,1,0,0.3777360525069433,0.8673453110183127,2,0.4584297537838822,2.179585188832095,0.21032889933956944,0.7200000000000001,0.11190373132757958,0.023536588642120708,0.05130000000000001,0.10260000000000002,0.14823822975800702,0.9379093304184375,-0.04227007373247753,-0.04853611463432043,-0.05084634682691913,-0.008576273094441603,0.20289231451830098,0.047598210322445385,0,0,-0.009313795592515994,-0.008890618083154445,0
5,1,1,0,0.3777360525069433,0.8673453110183127,2,0.4584297537838822,2.179585188832095,0.21032889933956944,0.76,0.11812060529022288,0.0248441769000163,0.054150000000000004,0.10830000000000004,0.14823822975800702,0.9379093304184375,-0.04461841116205975,-0.05123256544733838,-0.05381344518854014,-0.009195034026480392,0.2060816104159975,0.05037576624685387,0,0,-0.009857294769301639,-0.009384541309996388,0
5,1,1,0,0.3777360525069433,0.8673453110183127,2,0.4584297537838822,2.179585188832095,0.21032889933956944,0.8,0.1243374792528662,0.026151765157911896,0.05700000000000001,0.11400000000000005,0.14823822975800702,0.9379093304184375,-0.04696674859164198,-0.05392901626035635,-0.05679075996687999,-0.009824011375238008,0.20916950118591454,0.05306500850502865,0,0,-0.010402839558404153,-0.00987846453683833,0
5,1,1,0,0.3777360525069433,0.8673453110183127,2,0.4584297537838822,2.179585188832095,0.21032889933956944,0.8400000000000001,0.1305543532155095,0.027459353415807495,0.059850000000000014,0.11970000000000008,0.14823822975800702,0.9379093304184375,-0.049315086021224044,-0.05662546707337413,-0.05947999712672036,-0.010164911105496319,0.20612173526619385,0.050410710955326676,0,0,-0.010904907695951316,-0.01037238776368024,0
5,1,1,0,0.3777360525069433,0.8673453110183127,2,0.4584297537838822,2.179585188832095,0.21032889933956944,0.88,0.13677122717815282,0.028766941673703084,0.0627,0.12539999999999998,0.14823822975800702,0.9379093304184375,-0.05166342345080564,-0.05932191788639137,-0.06217036276698984,-0.010506939316184197,0.20337288190336428,0.04801673617588668,0,0,-0.011407186515574708,-0.010866310990522052,0
5,1,1,0,0.3777360525069433,0.8673453110183127,2,0.4584297537838822,2.179585188832095,0.21032889933956944,0.92,0.14298810114079613,0.030074529931598683,0.06555000000000001,0.1311,0.14823822975800702,0.9379093304184375,-0.054011760880387866,-0.06201836869940933,-0.06486185759815122,-0.010850096717763352,0.2008839656568782,0.045849140478423554,0,0,-0.01190967614991223,-0.011360234217363993,0
5,1,1,0,0.3777360525069433,0.8673453110183127,2,0.4584297537838822,2.179585188832095,0.21032889933956944,0.9600000000000001,0.14920497510343944,0.03138211818949428,0.06840000000000002,0.13680000000000003,0.14823822975800702,0.9379093304184375,-0.056360098309969936,-0.06471481951242712,-0.06755448233126504,-0.011194384021295106,0.19862250700359144,0.04387963746530458,0,0,-0.012412376731719021,-0.011854157444205905,0
5,1,1,0,0.3777360525069433,0.8673453110183127,2,0.4584297537838822,2.179585188832095,0.21032889933956944,1.0,0.15542184906608275,0.03268970644738987,0.07125000000000001,0.14250000000000004,0.14823822975800702,0.9379093304184375,-0.058708435739552214,-0.06741127032544514,-0.07024823767798694,-0.011539801938434721,0.19656122315417593,0.04208446657132572,0,0,-0.012915288393855029,-0.012348080671047859,0
6,2,1,1,0.04202757962531489,0.3569213047335271,1,0.12394765152324026,0.11622711916452186,1.0664262558877489,0.04,0.022993578054729208,0.024520955354367577,0.0028500000000000005,0.0057000000000000245,0.0722873961131386,0.0058611402253896175,-0.0009663644325659484,-0.0010362204010924915,-0.0010364512429630324,-7.008681039708399e-05,0.0725262727343817,0.0002227729451162148,0,0,-0.0010307859837288547,-0.0010305564036443933,0
6,2,1,1,0.04202757962531489,0.3569213047335271,1,0.12394765152324026,0.11622711916452186,1.0664262558877489,0.08,0.045987156109458416,0.049041910708735155,0.005700000000000001,0.011400000000000035,0.0722873961131386,0.0058611402253896175,-0.0019327288651318176,-0.002072440802184898,-0.0020733643754144992,-0.00014063551028268163,0.07276525580999686,0.0004456451680682892,0,0,-0.0020620313322528006,-0.0020611128072887024,0
6,2,1,1,0.04202757962531489,0.3569213047335271,1,0.12394765152324026,0.11622711916452186,1.0664262558877489,0.12,0.06898073416418761,0.07356286606310272,0.00855,0.01710000000000005,0.0722873961131386,0.0058611402253896175,-0.002899093297697712,-0.0031086612032773316,-0.003110739706182919,-0.00021164640848520683,0.07300434541147187,0.0006686167355246357,0,0,-0.0030937363527092643,-0.003091669210933038,0
6,2,1,1,0.04202757962531489,0.3569213047335271,1,0.12394765152324026,0.11622711916452186,1.0664262558877489,0.16,0.09197431221891683,0.09808382141747031,0.011400000000000002,0.022800000000000074,0.0722873961131386,0.0058611402253896175,-0.0038654577302636543,-0.004144881604369817,-0.0041485775443694806,-0.00028311981410582623,0.07324354160936983,0.0008916877132913211,0,0,-0.00412590135251012,-0.004122225614577425,0
6,2,1,1,0.04202757962531489,0.3569213047335271,1,0.12394765152324026,0.11622711916452186,1.0664262558877489,0.2,0.11496789027364604,0.12260477677183787,0.014250000000000002,0.028500000000000077,0.0722873961131386,0.0058611402253896175,-0.004831822162829498,-0.005181102005462195,-0.0051868781993507085,-0.00035505603652121083,0.07348284447482464,0.0011148581677071887,0,0,-0.005158526639340799,-0.005152782018221706,0
6,2,1,1,0.04202757962531489,0.3569213047335271,1,0.12394765152324026,0.11622711916452186,1.0664262558877489,0.24000000000000002,0.13796146832837525,0.14712573212620547,0.017100000000000004,0.03420000000000001,0.0722873961131386,0.0058611402253896175,-0.005798186595396152,-0.006217322406555444,-0.006225641980782903,-0.00042745538538675135,0.07372225407960438,0.0013381281657016077,0,0,-0.006191612521168288,-0.006183338421866852,0
6,2,1,1,0.04202757962531489,0.3569213047335271,1,0.12394765152324026,0.11622711916452186,1.0664262558877489,0.27999999999999997,0.16095504638310443,0.171646687480573,0.01995,0.03990000000000002,0.0722873961131386,0.0058611402253896175,-0.006764551027962021,-0.0072535428076478505,-0.0072648691985950364,-0.0005003181706330151,0.07396177049517322,0.001561497773921435,0,0,-0.007225159306223361,-0.007213894825511161,0
6,2,1,1,0.04202757962531489,0.3569213047335271,1,0.12394765152324026,0.11622711916452186,1.0664262558877489,0.32,0.18394862443783366,0.19616764283494062,0.022800000000000004,0.04560000000000004,0.0722873961131386,0.0058611402253896175,-0.007730915460527957,-0.008289763208740327,-0.008304560162996744,-0.000573644702468787,0.07420139379322768,0.0017849670592297445,0,0,-0.008259167303021009,-0.00824445122915554,0
6,2,1,1,0.04202757962531489,0.3569213047335271,1,0.12394765152324026,0.11622711916452186,1.0664262558877489,0.36,0.20694220249256284,0.22068859818930817,0.025650000000000003,0.05129999999999996,0.0722873961131386,0.0058611402253896175,-0.008697279893094512,-0.00932598360983347,-0.009344715184467667,-0.0006474352913731548,0.07444112404468058,0.002008536087758748,0,0,-0.00929363682034623,-0.009275007632800581,0
6,2,1,1,0.04202757962531489,0.3569213047335271,1,0.12394765152324026,0.11622711916452186,1.0664262558877489,0.39999999999999997,0.22993578054729205,0.2452095535436757,0.0285,0.05699999999999997,0.0722873961131386,0.0058611402253896175,-0.009663644325660407,-0.010362204010925904,-0.010385334573772553,-0.0007216902481121459,0.07468096132178645,0.0022322049268920317,0,0,-0.01032856816726202,-0.010305564036444918,0
6,2,1,1,0.04202757962531489,0.3569213047335271,1,0.12394765152324026,0.11622711916452186,1.0664262558877489,0.44,0.25292935860202126,0.2697305088980433,0.03135,0.06269999999999999,0.0722873961131386,0.0058611402253896175,-0.010630008758226355,-0.011398424412018394,-0.01142641864194971,-0.0007964098837233546,0.07492090569605868,0.002455973643322,0,0,-0.01136396165310849,-0.01133612044008931,0
6,2,1,1,0.04202757962531489,0.3569213047335271,1,0.12394765152324026,0.11622711916452186,1.0664262558877489,0.48,0.27592293665675044,0.2942514642524109,0.0342,0.06840000000000002,0.0722873961131386,0.0058611402253896175,-0.01159637319079225,-0.012434644813110829,-0.012467967700312776,-0.0008715945095205263,0.07516095723899172,0.0026798423037232982,0,0,-0.012399817587495754,-0.012366676843733647,0
6,2,1,1,0.04202757962531489,0.3569213047335271,1,0.12394765152324026,0.11622711916452186,1.0664262558877489,0.52,0.2989165147114797,0.3187724196067785,0.03705000000000001,0.07410000000000003,0.0722873961131386,0.0058611402253896175,-0.012562737623358225,-0.01347086521420335,-0.013509982060460501,-0.0009472444371022761,0.07540111602275605,0.002903810975401032,0,0,-0.013436136280322586,-0.013397233247378069,0
6,2,1,1,0.04202757962531489,0.3569213047335271,1,0.12394765152324026,0.11622711916452186,1.0664262558877489,0.56,0.3219100927662089,0.34329337496114604,0.039900000000000005,0.07980000000000005,0.0722873961131386,0.0058611402253896175,-0.01352910205592412,-0.014507085615295784,-0.014552462034262525,-0.0010233599783384048,0.07564138211894825,0.0031278797251253474,0,0,-0.014472918041749772,-0.014427789651022406,0
6,2,1,1,0.04202757962531489,0.3569213047335271,1,0.12394765152324026,0.11622711916452186,1.0664262558877489,0.6000000000000001,0.34490367082093815,0.36781433031551364,0.04275000000000001,0.08550000000000006,0.0722873961131386,0.0058611402253896175,-0.01449546648848997,-0.015543306016388168,-0.015595407933871819,-0.0010999414453818496,0.07588175559960425,0.0033520486200758356,0,0,-0.015510163182226755,-0.015458346054666693,0
6,2,1,1,0.04202757962531489,0.3569213047335271,1,0.12394765152324026,0.11622711916452186,1.0664262558877489,0.64,0.3678972488756673,0.39233528566988124,0.04560000000000001,0.09120000000000009,0.0722873961131386,0.0058611402253896175,-0.015461830921055866,-0.016579526417480606,-0.016638820071722016,-0.0011769891506661495,0.07612223653689873,0.003576317727561464,0,0,-0.01654787201248009,-0.01648890245831103,0
6,2,1,1,0.04202757962531489,0.3569213047335271,1,0.12394765152324026,0.11622711916452186,1.0664262558877489,0.68,0.3908908269303965,0.4168562410242488,0.04845000000000001,0.0969000000000001,0.0722873961131386,0.0058611402253896175,-0.016428195353621788,-0.01761574681857307,-0.017682698760519422,-0.0012545034068976342,0.07636282500262966,0.0038006871145402107,0,0,-0.017586044843505455,-0.017519458861955394,0
6,2,1,1,0.04202757962531489,0.3569213047335271,1,0.12394765152324026,0.11622711916452186,1.0664262558877489,0.7200000000000001,0.41388440498512574,0.4413771963786164,0.05130000000000001,0.10260000000000002,0.0722873961131386,0.0058611402253896175,-0.01739455978618844,-0.018651967219666315,-0.018727044313256336,-0.0013324845270678946,0.07660352106903612,0.0040251568483811685,0,0,-0.018624681986584513,-0.01855001526560054,0
6,2,1,1,0.04202757962531489,0.3569213047335271,1,0.12394765152324026,0.11622711916452186,1.0664262558877489,0.76,0.43687798303985487,0.4658981517329839,0.054150000000000004,0.10830000000000004,0.0722873961131386,0.0058611402253896175,-0.018360924218754366,-0.01968818762075878,-0.019771857043202168,-0.0014109328244478019,0.0768443248083686,0.00424972699646402,0,0,-0.019663783753274267,-0.019580571669244907,0
6,2,1,1,0.04202757962531489,0.3569213047335271,1,0.12394765152324026,0.11622711916452186,1.0664262558877489,0.8,0.45987156109458416,0.4904191070873515,0.05700000000000001,0.11400000000000006,0.0722873961131386,0.0058611402253896175,-0.019327288651320235,-0.020724408021851187,-0.02081713726390788,-0.0014898486125876458,0.07708523629287624,0.004474397626167317,0,0,-0.020703350455411496,-0.02061112807288922,0
6,2,1,1,0.04202757962531489,0.3569213047335271,1,0.12394765152324026,0.11622711916452186,1.0664262558877489,0.8400000000000001,0.4828651391493134,0.5149400624417191,0.059850000000000014,0.11970000000000008,0.0722873961131386,0.0058611402253896175,-0.02029365308388621,-0.021760628422943705,-0.02186288528920599,-0.0015692322053197823,0.07732625559494763,0.004699168804999663,0,0,-0.021743382405112754,-0.021641684476533637,0
6,2,1,1,0.04202757962531489,0.3569213047335271,1,0.12394765152324026,0.11622711916452186,1.0664262558877489,0.88,0.5058587172040425,0.5394610177960866,0.0627,0.12539999999999998,0.0722873961131386,0.0058611402253896175,-0.02126001751645271,-0.022796848824036788,-0.022909101433206125,-0.0016490839167534153,0.07756738278683081,0.004924040600338524,0,0,-0.022783879914773486,-0.02267224088017862,0
6,2,1,1,0.04202757962531489,0.3569213047335271,1,0.12394765152324026,0.11622711916452186,1.0664262558877489,0.92,0.5288522952587718,0.5639819731504543,0.06555000000000001,0.1311,0.0722873961131386,0.0058611402253896175,-0.022226381949018686,-0.023833069225129313,-0.023955786010303903,-0.0017294040612852168,0.0778086179411477,0.005149013079909962,0,0,-0.02382484329706802,-0.023702797283823043,0
6,2,1,1,0.04202757962531489,0.3569213047335271,1,0.12394765152324026,0.11622711916452186,1.0664262558877489,0.9600000000000001,0.551845873313501,0.5885029285048219,0.06840000000000002,0.13680000000000003,0.0722873961131386,0.0058611402253896175,-0.023192746381584608,-0.024869289626221775,-0.02500293933517117,-0.0018101929535865625,0.07804996113025593,0.005374086311193915,0,0,-0.02486627286494869,-0.02473335368746741,0
6,2,1,1,0.04202757962531489,0.3569213047335271,1,0.12394765152324026,0.11622711916452186,1.0664262558877489,1.0,0.5748394513682301,0.6130238838591894,0.07125000000000001,0.14250000000000004,0.0722873961131386,0.0058611402253896175,-0.024159110814150477,-0.025905510027314182,-0.02605056172276843,-0.001891450908617951,0.07829141242690481,0.00559926036203523,0,0,-0.025908168931654707,-0.025763910091111716,0
7,3,1,2,0.8420832910315701,1.4976073077004273,0,0.5918797669362529,0.6245892518796836,0.9476304069514605,0.04,0.004815167132258051,0.0045629987890809945,0.0028500000000000005,0.0057000000000000245,0.01065490886547094,0.0630245019140106,-0.004054771785599018,-0.004097975009444858,-0.004098835444073856,-4.406365847483846e-05,0.010867111838781049,0.0002099658067740096,0,0,-0.0038432318151544465,-0.0038424250372824974,0
7,3,1,2,0.8420832910315701,1.4976073077004273,0,0.5918797669362529,0.6245892518796836,0.9476304069514605,0.08,0.009630334264516103,0.009125997578161989,0.005700000000000001,0.011400000000000035,0.01065490886547094,0.0630245019140106,-0.008109543571198113,-0.008195950018889796,-0.008199392480200629,-8.984890900251563e-05,0.011079403941008883,0.0004200198028170656,0,0,-0.007688077863778453,-0.0076848500745650685,0
7,3,1,2,0.8420832910315701,1.4976073077004273,0,0.5918797669362529,0.6245892518796836,0.9476304069514605,0.12,0.014445501396774151,0.013688996367242981,0.00855,0.01709999999999995,0.01065490886547094,0.0630245019140106,-0.012164315356796313,-0.012293925028333827,-0.012301672193263613,-0.00013735683646729988,0.01129178522904352,0.0006301620444187565,0,0,-0.011534539163097435,-0.01152727511184679,0
7,3,1,2,0.8420832910315701,1.4976073077004273,0,0.5918797669362529,0.6245892518796836,0.9476304069514605,0.16,0.019260668529032205,0.018251995156323978,0.011400000000000002,0.022799999999999973,0.01065490886547094,0.0630245019140106,-0.01621908714239533,-0.016391900037778687,-0.016405675669057374,-0.0001865885266620418,0.011504255758902427,0.0008403925870056089,0,0,-0.01538261673119834,-0.015369700149129289,0
7,3,1,2,0.8420832910315701,1.4976073077004273,0,0.5918797669362529,0.6245892518796836,0.9476304069514605,0.2,0.024075835661290255,0.022814993945404972,0.014250000000000002,0.028499999999999984,0.01065490886547094,0.0630245019140106,-0.02027385892799442,-0.020489875047223615,-0.020511403994287747,-0.0002375450662933272,0.01171681558686007,0.0010507114862591113,0,0,-0.019232311587020767,-0.01921212518641185,0
7,3,1,2,0.8420832910315701,1.4976073077004273,0,0.5918797669362529,0.6245892518796836,0.9476304069514605,0.24000000000000002,0.02889100279354831,0.02737799273448597,0.017100000000000004,0.03420000000000001,0.01065490886547094,0.0630245019140106,-0.024328630713593445,-0.024587850056668484,-0.024618858256575393,-0.00029022754298194814,0.011929464769251712,0.0012611187979202662,0,0,-0.023083624750357856,-0.023054550223694358,0
7,3,1,2,0.8420832910315701,1.4976073077004273,0,0.5918797669362529,0.6245892518796836,0.9476304069514605,0.27999999999999997,0.03370616992580635,0.031940991523566956,0.01995,0.03990000000000002,0.01065490886547094,0.0630245019140106,-0.028383402499192547,-0.028685825066113425,-0.02872803954445402,-0.00034463704526147346,0.012142203362379747,0.0014716145776982733,0,0,-0.026936557241866943,-0.026896975260976935,0
7,3,1,2,0.8420832910315701,1.4976073077004273,0,0.5918797669362529,0.6245892518796836,0.9476304069514605,0.32,0.03852133705806441,0.036503990312647956,0.022800000000000004,0.04560000000000004,0.01065490886547094,0.0630245019140106,-0.03243817428479156,-0.03278380007555828,-0.03283894894737571,-0.0004007746625841538,0.012355031422716493,0.001682198881469859,0,0,-0.030791110083057127,-0.030739400298259424,0
7,3,1,2,0.8420832910315701,1.4976073077004273,0,0.5918797669362529,0.6245892518796836,0.9476304069514605,0.36,0.04333650419032246,0.04106698910172894,0.025650000000000003,0.05129999999999996,0.01065490886547094,0.0630245019140106,-0.036492946070389776,-0.03688177508500233,-0.03695158755570205,-0.0004586414853122722,0.012567949006572862,0.0018928717649521812,0,0,-0.03464728429629904,-0.03458182533554117,0
7,3,1,2,0.8420832910315701,1.4976073077004273,0,0.5918797669362529,0.6245892518796836,0.9476304069514605,0.39999999999999997,0.048151671322580504,0.04562998789080994,0.0285,0.05699999999999997,0.01065490886547094,0.0630245019140106,-0.04054771785598884,-0.04097975009444723,-0.04106595646072364,-0.0005182386047348012,0.012780956170588971,0.0021036332841886064,0,0,-0.03850508090482663,-0.0384242503728237,0
7,3,1,2,0.8420832910315701,1.4976073077004273,0,0.5918797669362529,0.6245892518796836,0.9476304069514605,0.44,0.05296683845483856,0.05019298667989093,0.03135,0.06269999999999999,0.01065490886547094,0.0630245019140106,-0.044602489641587875,-0.04507772510389211,-0.04518205675463882,-0.0005795671130509467,0.012994052971216917,0.0023144834950356535,0,0,-0.042364500932732696,-0.042266675410106216,0
7,3,1,2,0.8420832910315701,1.4976073077004273,0,0.5918797669362529,0.6245892518796836,0.9476304069514605,0.48,0.057782005587096605,0.054755985468971924,0.0342,0.06840000000000002,0.01065490886547094,0.0630245019140106,-0.04865726142718689,-0.04917570011333697,-0.04929988953057318,-0.0006426281033862918,0.01320723946513003,0.0025254224535693616,0,0,-0.04622554540497159,-0.046109100447388716,0
7,3,1,2,0.8420832910315701,1.4976073077004273,0,0.5918797669362529,0.6245892518796836,0.9476304069514605,0.52,0.06259717271935467,0.059318984258052924,0.03705000000000001,0.07410000000000003,0.01065490886547094,0.0630245019140106,-0.052712033212785954,-0.053273675122781874,-0.05341945588256536,-0.0007074226697794048,0.01342051570888392,0.002736450215749106,0,0,-0.05008821534736008,-0.04995152548467126,0
7,3,1,2,0.8420832910315701,1.4976073077004273,0,0.5918797669362529,0.6245892518796836,0.9476304069514605,0.56,0.06741233985161271,0.06388198304713391,0.039900000000000005,0.07980000000000005,0.01065490886547094,0.0630245019140106,-0.05676680499838502,-0.057371650132226774,-0.05754075690558125,-0.0007739519071962297,0.013633881759212065,0.002947566837710362,0,0,-0.053952511786580004,-0.0537939505219538,0
7,3,1,2,0.8420832910315701,1.4976073077004273,0,0.5918797669362529,0.6245892518796836,0.9476304069514605,0.6000000000000001,0.07222750698387077,0.06844498183621492,0.04275000000000001,0.08549999999999996,0.01065490886547094,0.0630245019140106,-0.060821576783983235,-0.06146962514167083,-0.0616637936955069,-0.0008422169115236619,0.013847337672861048,0.003158772375601167,0,0,-0.057818435750180086,-0.057636375559235536,0
7,3,1,2,0.8420832910315701,1.4976073077004273,0,0.5918797669362529,0.6245892518796836,0.9476304069514605,0.64,0.07704267411612882,0.07300798062529591,0.04560000000000001,0.09119999999999998,0.01065490886547094,0.0630245019140106,-0.06487634856958227,-0.06556760015111571,-0.06578856734915384,-0.0009122187795715664,0.014060883506616871,0.0033700668856090506,0,0,-0.06168598826657412,-0.06147880059651805,0
7,3,1,2,0.8420832910315701,1.4976073077004273,0,0.5918797669362529,0.6245892518796836,0.9476304069514605,0.68,0.08185784124838687,0.0775709794143769,0.04845000000000001,0.0969,0.01065490886547094,0.0630245019140106,-0.06893112035518137,-0.06966557516056064,-0.06991507896425198,-0.0009839586090706065,0.014274519317262844,0.003581450423918756,0,0,-0.06555517036503655,-0.06532122563380062,0
7,3,1,2,0.8420832910315701,1.4976073077004273,0,0.5918797669362529,0.6245892518796836,0.9476304069514605,0.7200000000000001,0.08667300838064493,0.0821339782034579,0.05130000000000001,0.10260000000000002,0.01065490886547094,0.0630245019140106,-0.07298589214078034,-0.07376355017000545,-0.07404332963946203,-0.0010574374986816876,0.014488245161709162,0.003792923046840357,0,0,-0.06942598307571668,-0.06916365067108309,0
7,3,1,2,0.8420832910315701,1.4976073077004273,0,0.5918797669362529,0.6245892518796836,0.9476304069514605,0.76,0.09148817551290296,0.08669697699253888,0.054150000000000004,0.10830000000000004,0.01065490886547094,0.0630245019140106,-0.07704066392637939,-0.07786152517945034,-0.0781733204743702,-0.0011326565479908152,0.014702061096892803,0.004004484810710422,0,0,-0.07329842742962889,-0.0730060757083656,0
7,3,1,2,0.8420832910315701,1.4976073077004273,0,0.5918797669362529,0.6245892518796836,0.9476304069514605,0.8,0.09630334264516102,0.09125997578161989,0.05700000000000001,0.11400000000000005,0.01065490886547094,0.0630245019140106,-0.08109543571197853,-0.08195950018889532,-0.08230505256948639,-0.001209616857507867,0.014915967179755785,0.004216135771871024,0,0,-0.07717250445865442,-0.07684850074564821,0
7,3,1,2,0.8420832910315701,1.4976073077004273,0,0.5918797669362529,0.6245892518796836,0.9476304069514605,0.8400000000000001,0.10111850977741908,0.09582297457070088,0.059850000000000014,0.11970000000000008,0.01065490886547094,0.0630245019140106,-0.08515020749757746,-0.08605747519834009,-0.08643852702625487,-0.0012883195286774174,0.01512996346737112,0.004427875986793249,0,0,-0.0810482151955556,-0.08069092578293063,0
7,3,1,2,0.8420832910315701,1.4976073077004273,0,0.5918797669362529,0.6245892518796836,0.9476304069514605,0.88,0.10593367690967712,0.10038597335978186,0.0627,0.12539999999999998,0.01065490886547094,0.0630245019140106,-0.08920497928317575,-0.09015545020778422,-0.09057374494704185,-0.001368765663866095,0.015344050016771285,0.004639705511908258,0,0,-0.08492556067395185,-0.08453335082021243,0
7,3,1,2,0.8420832910315701,1.4976073077004273,0,0.5918797669362529,0.6245892518796836,0.9476304069514605,0.92,0.11074884404193518,0.10494897214886287,0.06555000000000001,0.1311,0.01065490886547094,0.0630245019140106,-0.09325975106877485,-0.09425342521722917,-0.09471070743514964,-0.0014509563663747949,0.015558226885087654,0.00485162440374514,0,0,-0.08880454192834275,-0.08837577585749501,0
7,3,1,2,0.8420832910315701,1.4976073077004273,0,0.5918797669362529,0.6245892518796836,0.9476304069514605,0.9600000000000001,0.11556401117419324,0.10951197093794388,0.06840000000000002,0.13680000000000003,0.01065490886547094,0.0630245019140106,-0.09731452285437378,-0.09835140022667394,-0.09884941559480787,-0.001534892740434085,0.015772494129483363,0.005063632718864571,0,0,-0.09268515999410099,-0.09221820089477743,0
7,3,1,2,0.8420832910315701,1.4976073077004273,0,0.5918797669362529,0.6245892518796836,0.9476304069514605,1.0,0.12037917830645127,0.11407496972702486,0.07125000000000001,0.14250000000000004,0.01065490886547094,0.0630245019140106,-0.10136929463997287,-0.10244937523611886,-0.10298987053118047,-0.0016205758912076068,0.015986851807179948,0.0052757305138847015,0,0,-0.09656741590747053,-0.09606062593206,0
8,3,1,3,0.36849316859469194,1.2136896977031473,1,0.31959367095494756,0.33589350844253124,0.951473198862453,0.04,0.008917573340811743,0.00848483203267268,0.0028500000000000005,0.005700000000000011,0.08982599734728165,0.13835279848482873,-0.0032860648565312773,-0.0035812389096170514,-0.0035820001186719352,-0.0002959352621406579,0.09005764495258407,0.00021255467007232117,0,0,-0.0031272672147055758,-0.003126602640713302,0
8,3,1,3,0.36849316859469194,1.2136896977031473,1,0.31959367095494756,0.33589350844253124,0.951473198862453,0.08,0.017835146681623486,0.01696966406534536,0.005700000000000001,0.011399999999999993,0.08982599734728165,0.13835279848482873,-0.006572129713062542,-0.007162477819234089,-0.007165523302796295,-0.0005933935897337534,0.0902893910560445,0.0004251997198550066,0,0,-0.006255864142556966,-0.006253205281426592,0
8,3,1,3,0.36849316859469194,1.2136896977031473,1,0.31959367095494756,0.33589350844253124,0.951473198862453,0.12,0.026752720022435224,0.025454496098018038,0.00855,0.017100000000000004,0.08982599734728165,0.13835279848482873,-0.00985819456959381,-0.010743716728851131,-0.010750570523975433,-0.0008923759543816231,0.0905212357173421,0.0006379352041084093,0,0,-0.009385791631816964,-0.009379807922139886,0
8,3,1,3,0.36849316859469194,1.2136896977031473,1,0.31959367095494756,0.33589350844253124,0.951473198862453,0.16,0.03567029336324697,0.03393932813069072,0.011400000000000002,0.022800000000000015,0.08982599734728165,0.13835279848482873,-0.013144259426125097,-0.014324955638468192,-0.014337142754664356,-0.0011928833285392588,0.09075317900134587,0.0008507611823548595,0,0,-0.012517050531485552,-0.012506410562853197,0
8,3,1,3,0.36849316859469194,1.2136896977031473,1,0.31959367095494756,0.33589350844253124,0.951473198862453,0.2,0.04458786670405871,0.0424241601633634,0.014250000000000002,0.028499999999999998,0.08982599734728165,0.13835279848482873,-0.016430324282656353,-0.01790619454808522,-0.017925240968128975,-0.001494916685472622,0.09098522097038812,0.0010636777117889456,0,0,-0.01564964169127414,-0.015633013203566477,0
8,3,1,3,0.36849316859469194,1.2136896977031473,1,0.31959367095494756,0.33589350844253124,0.951473198862453,0.24000000000000002,0.053505440044870456,0.05090899219603608,0.017100000000000004,0.03420000000000001,0.08982599734728165,0.13835279848482873,-0.01971638913918762,-0.021487433457702262,-0.021514866138471866,-0.0017984769992842459,0.0912173616876761,0.0012766848504082915,0,0,-0.018783565961620674,-0.01875961584427977,0
8,3,1,3,0.36849316859469194,1.2136896977031473,1,0.31959367095494756,0.33589350844253124,0.951473198862453,0.27999999999999997,0.06242301338568219,0.05939382422870875,0.01995,0.03989999999999999,0.08982599734728165,0.13835279848482873,-0.0230024539957189,-0.025068672367319314,-0.025106019240611843,-0.0021035652448929444,0.09144960121578548,0.0014897826556310293,0,0,-0.021918824193688735,-0.021886218484993072,0
8,3,1,3,0.36849316859469194,1.2136896977031473,1,0.31959367095494756,0.33589350844253124,0.951473198862453,0.32,0.07134058672649395,0.06787865626138144,0.022800000000000004,0.0456,0.08982599734728165,0.13835279848482873,-0.026288518852250167,-0.028649911276936356,-0.02869870125031948,-0.002410182398069314,0.09168193961840548,0.0017029711858968755,0,0,-0.025055417239360445,-0.025012821125706367,0
8,3,1,3,0.36849316859469194,1.2136896977031473,1,0.31959367095494756,0.33589350844253124,0.951473198862453,0.36,0.08025816006730568,0.07636348829405412,0.025650000000000003,0.05130000000000001,0.08982599734728165,0.13835279848482873,-0.029574583708781434,-0.0322311501865534,-0.03229291314418159,-0.0027183294354001554,0.09191437695851709,0.0019162504989958134,0,0,-0.028193345951254223,-0.02813942376641966,0
8,3,1,3,0.36849316859469194,1.2136896977031473,1,0.31959367095494756,0.33589350844253124,0.951473198862453,0.39999999999999997,0.08917573340811741,0.08484832032672679,0.0285,0.056999999999999995,0.08982599734728165,0.13835279848482873,-0.032860648565312706,-0.03581238909617044,-0.03588865589962609,-0.0030280073343133818,0.09214691329950526,0.0021296206530885477,0,0,-0.031332611182707026,-0.031266026407132955,0
8,3,1,3,0.36849316859469194,1.2136896977031473,1,0.31959367095494756,0.33589350844253124,0.951473198862453,0.44,0.09809330674892916,0.09333315235939947,0.03135,0.0627,0.08982599734728165,0.13835279848482873,-0.03614671342184397,-0.03939362800578748,-0.0394859304948989,-0.0033392170730549287,0.09237954870433648,0.0023430817059515293,0,0,-0.03447321378778323,-0.03439262904784625,0
8,3,1,3,0.36849316859469194,1.2136896977031473,1,0.31959367095494756,0.33589350844253124,0.951473198862453,0.48,0.1070108800897409,0.10181798439207215,0.0342,0.06840000000000002,0.08982599734728165,0.13835279848482873,-0.039432778278375186,-0.04297486691540446,-0.043084737909088844,-0.003651959630713658,0.09261228323636485,0.002556633715717203,0,0,-0.037615154621279956,-0.03751923168855949,0
8,3,1,3,0.36849316859469194,1.2136896977031473,1,0.31959367095494756,0.33589350844253124,0.951473198862453,0.52,0.11592845343055265,0.11030281642474485,0.03705000000000001,0.0741,0.08982599734728165,0.13835279848482873,-0.042718843134906585,-0.04655610582502165,-0.046685079122122275,-0.00396623598721569,0.09284511695904947,0.002770276740614105,0,0,-0.040758434538716415,-0.040645834329272906,0
8,3,1,3,0.36849316859469194,1.2136896977031473,1,0.31959367095494756,0.33589350844253124,0.951473198862453,0.56,0.12484602677136439,0.11878764845741752,0.039900000000000005,0.07980000000000001,0.08982599734728165,0.13835279848482873,-0.0460049079914378,-0.05013734473463863,-0.050286955114756005,-0.004282047123318207,0.09307804993578424,0.0029840108388112232,0,0,-0.04390305439634101,-0.043772436969986145,0
8,3,1,3,0.36849316859469194,1.2136896977031473,1,0.31959367095494756,0.33589350844253124,0.951473198862453,0.6000000000000001,0.13376360011217614,0.1272724804900902,0.04275000000000001,0.08550000000000002,0.08982599734728165,0.13835279848482873,-0.049290972847969065,-0.05371858364425567,-0.053890366868583506,-0.00459939402061444,0.0933110822300183,0.0031978360685279397,0,0,-0.04704901505113934,-0.04689903961069944,0
8,3,1,3,0.36849316859469194,1.2136896977031473,1,0.31959367095494756,0.33589350844253124,0.951473198862453,0.64,0.1426811734529879,0.13575731252276288,0.04560000000000001,0.0912,0.08982599734728165,0.13835279848482873,-0.05257703770450039,-0.05729982255387277,-0.05749531536603847,-0.00491827766153808,0.09354421390532419,0.0034117524880971613,0,0,-0.05019631736082886,-0.05002564225141279,0
8,3,1,3,0.36849316859469194,1.2136896977031473,1,0.31959367095494756,0.33589350844253124,0.951473198862453,0.68,0.15159874679379962,0.14424214455543558,0.04845000000000001,0.09690000000000001,0.08982599734728165,0.13835279848482873,-0.0558631025610316,-0.060881061463489754,-0.06110180159039036,-0.005238699029358758,0.0937774450252807,0.003625760155857048,0,0,-0.053344962183845546,-0.05315224489212603,0
8,3,1,3,0.36849316859469194,1.2136896977031473,1,0.31959367095494756,0.33589350844253124,0.951473198862453,0.7200000000000001,0.16051632013461137,0.15272697658810827,0.05130000000000001,0.10260000000000002,0.08982599734728165,0.13835279848482873,-0.05914916741756287,-0.0644623003731068,-0.06470982652575241,-0.005560659108189543,0.09401077565359685,0.003839859130265888,0,0,-0.05649495037936969,-0.05627884753283932,0
8,3,1,3,0.36849316859469194,1.2136896977031473,1,0.31959367095494756,0.33589350844253124,0.951473198862453,0.76,0.1694338934754231,0.1612118086207809,0.054150000000000004,0.10830000000000001,0.08982599734728165,0.13835279848482873,-0.062435232274094137,-0.06804353928272383,-0.06831939115706742,-0.005884158882973285,0.0942442058538599,0.004054049469669923,0,0,-0.059646282807316986,-0.05940545017355261,0
8,3,1,3,0.36849316859469194,1.2136896977031473,1,0.31959367095494756,0.33589350844253124,0.951473198862453,0.8,0.17835146681623484,0.1696966406534536,0.05700000000000001,0.114,0.08982599734728165,0.13835279848482873,-0.06572129713062551,-0.07162477819234099,-0.07193049647012639,-0.006209199339500884,0.09447773568984316,0.0042683312325858406,0,0,-0.06279896032832344,-0.062532052814266,0
8,3,1,3,0.36849316859469194,1.2136896977031473,1,0.31959367095494756,0.33589350844253124,0.951473198862453,0.8400000000000001,0.1872690401570466,0.1781814726861263,0.059850000000000014,0.11970000000000003,0.08982599734728165,0.13835279848482873,-0.06900736198715668,-0.07520601710195793,-0.07554314345156499,-0.006535781464408308,0.09471136522541923,0.004482704477621936,0,0,-0.06595298380377201,-0.0656586554549792,0
8,3,1,3,0.36849316859469194,1.2136896977031473,1,0.31959367095494756,0.33589350844253124,0.951473198862453,0.88,0.19618661349785832,0.18666630471879894,0.0627,0.1254,0.08982599734728165,0.13835279848482873,-0.07229342684368795,-0.07878725601157496,-0.07915733308885109,-0.006863906245163143,0.09494509452435013,0.004697169263284875,0,0,-0.06910835409577487,-0.0687852580956925,0
8,3,1,3,0.36849316859469194,1.2136896977031473,1,0.31959367095494756,0.33589350844253124,0.951473198862453,0.92,0.20510418683867007,0.19515113675147164,0.06555000000000001,0.1311,0.08982599734728165,0.13835279848482873,-0.07557949170021931,-0.08236849492119211,-0.08277306637030879,-0.007193574670089478,0.09517892365064165,0.004911725648304773,0,0,-0.07226507206719024,-0.07191186073640589,0
8,3,1,3,0.36849316859469194,1.2136896977031473,1,0.31959367095494756,0.33589350844253124,0.951473198862453,0.9600000000000001,0.21402176017948182,0.20363596878414433,0.06840000000000002,0.13680000000000003,0.08982599734728165,0.13835279848482873,-0.07886555655675048,-0.08594973383080905,-0.0863903442850944,-0.007524787728343918,0.09541285266818846,0.005126373691309963,0,0,-0.07542313858160021,-0.07503846337711909,0
8,3,1,3,0.36849316859469194,1.2136896977031473,1,0.31959367095494756,0.33589350844253124,0.951473198862453,1.0,0.22293933352029355,0.212120800816817,0.07125000000000001,0.14250000000000002,0.08982599734728165,0.13835279848482873,-0.0821516214132817,-0.08953097274042603,-0.09000916782322044,-0.007857546409938743,0.09564688164107726,0.0053411134511050715,0,0,-0.07858255450333296,-0.07816506601783232,0
9,1,1,4,0.5122002408909001,1.2853401156835762,3,0.4194673003102161,2.8846726956571596,0.14541244174485346,0.04,0.006794331758142504,0.0009879803709761047,0.0028500000000000005,0.0057000000000000245,0.1601449312131204,1.014732489468267,-0.0034800583632134067,-0.004037372070407862,-0.00404843066525018,-0.0005683723020367733,0.1633226350583245,0.0027390576467729486,0,0,-0.0005074298671026156,-0.0005060437840094595,0
9,1,1,4,0.5122002408909001,1.2853401156835762,3,0.4194673003102161,2.8846726956571596,0.14541244174485346,0.08,0.013588663516285009,0.0019759607419522094,0.005700000000000001,0.011400000000000035,0.1601449312131204,1.014732489468267,-0.006960116726426919,-0.008074744140815847,-0.00811910001348437,-0.0011589832870574513,0.16651779454457982,0.005493161380100654,0,0,-0.0010176471283598332,-0.0010120875680189345,0
9,1,1,4,0.5122002408909001,1.2853401156835762,3,0.4194673003102161,2.8846726956571596,0.14541244174485346,0.12,0.02038299527442751,0.0029639411129283137,0.00855,0.01709999999999995,0.1601449312131204,1.014732489468267,-0.01044017508963938,-0.012112116211222613,-0.012212191790382576,-0.0017720167007431956,0.16973055389671668,0.008262435516201268,0,0,-0.0015306748144272575,-0.0015181313520282566,0
9,1,1,4,0.5122002408909001,1.2853401156835762,3,0.4194673003102161,2.8846726956571596,0.14541244174485346,0.16,0.027177327032570017,0.003951921483904419,0.011400000000000002,0.022799999999999973,0.1601449312131204,1.014732489468267,-0.013920233452852784,-0.016149488281630472,-0.016327891771467762,-0.002407658318614978,0.17296105893407684,0.011047005745700169,0,0,-0.0020465362103916362,-0.002024175136037716,0
9,1,1,4,0.5122002408909001,1.2853401156835762,3,0.4194673003102161,2.8846726956571596,0.14541244174485346,0.2,0.03397165879071252,0.004939901854880523,0.014250000000000002,0.028499999999999984,0.1601449312131204,1.014732489468267,-0.017400291816066307,-0.02018686035203847,-0.020466387790213147,-0.003066095974146841,0.17620945709173716,0.013846999151923695,0,0,-0.00256525485928627,-0.0025302189200471924,0
9,1,1,4,0.5122002408909001,1.2853401156835762,3,0.4194673003102161,2.8846726956571596,0.14541244174485346,0.24000000000000002,0.040765990548855026,0.005927882225856628,0.017100000000000004,0.03420000000000001,0.1601449312131204,1.014732489468267,-0.020880350179279708,-0.024224232422446323,-0.024627869766609578,-0.00374751958732987,0.17947589744202005,0.01666254422944037,0,0,-0.0030868545656508317,-0.003036262704056651,0
9,1,1,4,0.5122002408909001,1.2853401156835762,3,0.4194673003102161,2.8846726956571596,0.14541244174485346,0.27999999999999997,0.04756032230699752,0.006915862596832732,0.01995,0.03990000000000002,0.1601449312131204,1.014732489468267,-0.024360408542493217,-0.028261604492854305,-0.02881252973622317,-0.004452121193729952,0.18276053071786005,0.019493770904201867,0,0,-0.003611359399209313,-0.0035423064880661255,0
9,1,1,4,0.5122002408909001,1.2853401156835762,3,0.4194673003102161,2.8846726956571596,0.14541244174485346,0.32,0.054354654065140035,0.007903842967808838,0.022800000000000004,0.04560000000000004,0.1601449312131204,1.014732489468267,-0.027840466905706622,-0.032298976563262166,-0.033020561879739674,-0.005180094974033052,0.18606350933616195,0.02234081055367744,0,0,-0.004138793698557741,-0.004048350272075585,0
9,1,1,4,0.5122002408909001,1.2853401156835762,3,0.4194673003102161,2.8846726956571596,0.14541244174485346,0.36,0.061148985823282535,0.008891823338784941,0.025650000000000003,0.05129999999999996,0.1601449312131204,1.014732489468267,-0.031320525268919076,-0.03633634863366892,-0.03725216255299557,-0.005931637284076495,0.18938498742110035,0.025203796026936686,0,0,-0.004669182074896305,-0.004554394056084906,0
9,1,1,4,0.5122002408909001,1.2853401156835762,3,0.4194673003102161,2.8846726956571596,0.14541244174485346,0.39999999999999997,0.06794331758142504,0.009879803709761046,0.0285,0.05699999999999997,0.1601449312131204,1.014732489468267,-0.03480058363213261,-0.04037372070407694,-0.04150753031751897,-0.006706946685386357,0.1927251208279621,0.02808286166520047,0,0,-0.005202549415919577,-0.005060437840094385,0
9,1,1,4,0.5122002408909001,1.2853401156835762,3,0.4194673003102161,2.8846726956571596,0.14541244174485346,0.44,0.07473764933956754,0.010867784080737151,0.03135,0.06269999999999999,0.1601449312131204,1.014732489468267,-0.03828064199534599,-0.04441109277448477,-0.04578686597158743,-0.007506223976241441,0.19608406716778726,0.030978143323081634,0,0,-0.005738920889655219,-0.00556648162410384,0
9,1,1,4,0.5122002408909001,1.2853401156835762,3,0.4194673003102161,2.8846726956571596,0.14541244174485346,0.48,0.08153198109771004,0.011855764451713255,0.0342,0.06840000000000002,0.1601449312131204,1.014732489468267,-0.041760700358559416,-0.048448464844892646,-0.050090372581820475,-0.008329672223261059,0.19946198583218397,0.03388977838997341,0,0,-0.006278321948459009,-0.006072525408113302,0
9,1,1,4,0.5122002408909001,1.2853401156835762,3,0.4194673003102161,2.8846726956571596,0.14541244174485346,0.52,0.08832631285585256,0.012843744822689362,0.03705000000000001,0.07410000000000003,0.1601449312131204,1.014732489468267,-0.04524075872177287,-0.052485836915300565,-0.05441825551528723,-0.009177496793514359,0.2028590380182447,0.03681790581152623,0,0,-0.00682077833300454,-0.0065785691921227685,0
9,1,1,4,0.5122002408909001,1.2853401156835762,3,0.4194673003102161,2.8846726956571596,0.14541244174485346,0.56,0.09512064461399505,0.013831725193665465,0.039900000000000005,0.07980000000000005,0.1601449312131204,1.014732489468267,-0.04872081708498633,-0.05652320898570849,-0.058770722472191395,-0.010049905387205064,0.2062753867545874,0.039762666112095134,0,0,-0.0073663160764283475,-0.0070846129761322355,0
9,1,1,4,0.5122002408909001,1.2853401156835762,3,0.4194673003102161,2.8846726956571596,0.14541244174485346,0.6000000000000001,0.10191497637213758,0.014819705564641572,0.04275000000000001,0.08549999999999996,0.1601449312131204,1.014732489468267,-0.05220087544819873,-0.060560581056115184,-0.06314798351908202,-0.01094710807088329,0.20971119692708212,0.042724201416914374,0,0,-0.00791496150843507,-0.007590656760141549,0
9,1,1,4,0.5122002408909001,1.2853401156835762,3,0.4194673003102161,2.8846726956571596,0.14541244174485346,0.64,0.10870930813028007,0.015807685935617675,0.04560000000000001,0.09119999999999998,0.1601449312131204,1.014732489468267,-0.05568093381141229,-0.06459795312652322,-0.06755025112267532,-0.011869317311263027,0.21316663530578767,0.04570265547531592,0,0,-0.008466741259596233,-0.008096700544151032,0
9,1,1,4,0.5122002408909001,1.2853401156835762,3,0.4194673003102161,2.8846726956571596,0.14541244174485346,0.68,0.11550363988842256,0.01679566630659378,0.04845000000000001,0.0969,0.1601449312131204,1.014732489468267,-0.05916099217462564,-0.06863532519693102,-0.07197774018418635,-0.012816748009560702,0.21664187057122836,0.048698173683378636,0,0,-0.00902168226559219,-0.008602744328160482,0
9,1,1,4,0.5122002408909001,1.2853401156835762,3,0.4194673003102161,2.8846726956571596,0.14541244174485346,0.7200000000000001,0.12229797164656508,0.017783646677569886,0.05130000000000001,0.10260000000000002,0.1601449312131204,1.014732489468267,-0.0626410505378391,-0.07267269726733894,-0.07643066807434984,-0.013789617536510743,0.22013707334267893,0.051710903108309905,0,0,-0.009579811771653013,-0.009108788112169948,0
9,1,1,4,0.5122002408909001,1.2853401156835762,3,0.4194673003102161,2.8846726956571596,0.14541244174485346,0.76,0.12909230340470756,0.01877162704854599,0.054150000000000004,0.10830000000000004,0.1601449312131204,1.014732489468267,-0.0661211089010526,-0.07671006933774692,-0.08090925466895982,-0.014788145767907213,0.22365241620549706,0.05474099251200383,0,0,-0.010141157337005602,-0.009614831896179423,0
9,1,1,4,0.5122002408909001,1.2853401156835762,3,0.4194673003102161,2.8846726956571596,0.14541244174485346,0.8,0.13588663516285007,0.019759607419522093,0.05700000000000001,0.11400000000000005,0.1601449312131204,1.014732489468267,-0.06960116726426617,-0.08074744140815497,-0.08541372238509126,-0.015812555120825092,0.22718807374001315,0.05778859237594402,0,0,-0.010705746839349217,-0.010120875680188907,0
9,1,1,4,0.5122002408909001,1.2853401156835762,3,0.4194673003102161,2.8846726956571596,0.14541244174485346,0.8400000000000001,0.1426809669209926,0.0207475877904982,0.059850000000000014,0.11970000000000008,0.1601449312131204,1.014732489468267,-0.07308122562747936,-0.08478481347856258,-0.0899442962178778,-0.016863070590398446,0.23074422254978907,0.06085385492556136,0,0,-0.011273608479561936,-0.010626919464198335,0
9,1,1,4,0.5122002408909001,1.2853401156835762,3,0.4194673003102161,2.8846726956571596,0.14541244174485346,0.88,0.1494752986791351,0.021735568161474303,0.0627,0.12539999999999998,0.1601449312131204,1.014732489468267,-0.07656128399069198,-0.08882218554896953,-0.09450120377801774,-0.01793991978732576,0.23432104129166412,0.06393693415613201,0,0,-0.011844770786354708,-0.01113296324820768,0
9,1,1,4,0.5122002408909001,1.2853401156835762,3,0.4194673003102161,2.8846726956571596,0.14541244174485346,0.92,0.1562696304372776,0.02272354853245041,0.06555000000000001,0.1311,0.1601449312131204,1.014732489468267,-0.08004134235390549,-0.0928595576193775,-0.0990846753298591,-0.019043332975953606,0.23791871070518616,0.06703798585814676,0,0,-0.012419262621025773,-0.011639007032217154,0
9,1,1,4,0.5122002408909001,1.2853401156835762,3,0.4194673003102161,2.8846726956571596,0.14541244174485346,0.9600000000000001,0.1630639621954201,0.023711528903426513,0.06840000000000002,0.13680000000000003,0.1601449312131204,1.014732489468267,-0.08352140071711883,-0.09689692968978529,-0.10369494383019529,-0.020173543113076453,0.24153741364327497,0.07015716764374041,0,0,-0.012997113182372289,-0.012145050816226605,0
9,1,1,4,0.5122002408909001,1.2853401156835762,3,0.4194673003102161,2.8846726956571596,0.14541244174485346,1.0,0.16985829395356258,0.024699509274402617,0.07125000000000001,0.14250000000000004,0.1601449312131204,1.014732489468267,-0.08700145908033229,-0.10093430176019322,-0.10833224496776417,-0.021330785887431883,0.24517733510349782,0.07329463897365142,0,0,-0.013578352011572647,-0.01265109460023607,0
10,1,2,0,0.40946938387621046,0.6731260606738116,2,0.6403264251108658,4.678950940524084,0.1368525623051614,0.04,0.004450854889373889,0.0006091108960592725,0.0028500000000000005,0.0057000000000000245,0.08263370949216023,0.9457811471869989,-0.0018224888092744369,-0.001973087820092734,-0.0019734999859437607,-0.00015101117666932386,0.08285986498289881,0.00020889381953993955,0,0,-0.0002494643640016392,-0.0002494122633216893,0
10,1,2,0,0.40946938387621046,0.6731260606738116,2,0.6403264251108658,4.678950940524084,0.1368525623051614,0.08,0.008901709778747779,0.001218221792118545,0.005700000000000001,0.011400000000000035,0.08263370949216023,0.9457811471869989,-0.0036449776185489527,-0.0039461756401855536,-0.003947824648058429,-0.0003028470295094762,0.08308611497868075,0.0004178749308780957,0,0,-0.0004990329729084308,-0.0004988245266433894,0
10,1,2,0,0.40946938387621046,0.6731260606738116,2,0.6403264251108658,4.678950940524084,0.1368525623051614,0.12,0.013352564668121666,0.0018273326881778171,0.00855,0.01709999999999995,0.08263370949216023,0.9457811471869989,-0.005467466427822678,-0.005919263460277517,-0.00592297450336865,-0.0004555080755459717,0.08331245953847946,0.0006269433884869009,0,0,-0.0007487058920725431,-0.0007482367899649813,0
10,1,2,0,0.40946938387621046,0.6731260606738116,2,0.6403264251108658,4.678950940524084,0.1368525623051614,0.16,0.017803419557495558,0.00243644358423709,0.011400000000000002,0.022799999999999973,0.08263370949216023,0.9457811471869989,-0.007289955237097127,-0.007892351280370264,-0.0078989500693325,-0.0006089948322353725,0.0835388987213967,0.0008360992469567653,0,0,-0.0009984831869092048,-0.0009976490532866724,0
10,1,2,0,0.40946938387621046,0.6731260606738116,2,0.6403264251108658,4.678950940524084,0.1368525623051614,0.2,0.022254274446869445,0.0030455544802963624,0.014250000000000002,0.028499999999999984,0.08263370949216023,0.9457811471869989,-0.009112444046371631,-0.00986543910046307,-0.009875751863838822,-0.0007633078174671907,0.08376543258678472,0.0010453425611098852,0,0,-0.0012483649228762772,-0.0012470613166083709,0
10,1,2,0,0.40946938387621046,0.6731260606738116,2,0.6403264251108658,4.678950940524084,0.1368525623051614,0.24000000000000002,0.026705129336243336,0.003654665376355635,0.017100000000000004,0.03420000000000001,0.08263370949216023,0.9457811471869989,-0.010934932855646068,-0.011838526920555804,-0.011853380405214331,-0.0009184475495682635,0.08399206119441681,0.0012546733861572312,0,0,-0.001498351165502676,-0.00149647357993006,0
10,1,2,0,0.40946938387621046,0.6731260606738116,2,0.6403264251108658,4.678950940524084,0.1368525623051614,0.27999999999999997,0.031155984225617217,0.004263776272414906,0.01995,0.03990000000000002,0.08263370949216023,0.9457811471869989,-0.012757421664920584,-0.013811614740648624,-0.013831836212212067,-0.001074414547291484,0.08421878460330505,0.0014640917766067072,0,0,-0.0017484419803563966,-0.00174588584325176,0
10,1,2,0,0.40946938387621046,0.6731260606738116,2,0.6403264251108658,4.678950940524084,0.1368525623051614,0.32,0.035606839114991115,0.00487288716847418,0.022800000000000004,0.04560000000000004,0.08263370949216023,0.9457811471869989,-0.014579910474195046,-0.015784702560741385,-0.015811119804027385,-0.001231209329832339,0.08444560287331351,0.0016735977877532465,0,0,-0.0019986374330693835,-0.0019952981065734527,0
10,1,2,0,0.40946938387621046,0.6731260606738116,2,0.6403264251108658,4.678950940524084,0.1368525623051614,0.36,0.040057694004365,0.005481998064533452,0.025650000000000003,0.05129999999999996,0.08263370949216023,0.9457811471869989,-0.016402399283468757,-0.017757790380833333,-0.017791231700281962,-0.001388832416813205,0.08467251606372898,0.001883191474358425,0,0,-0.002248937589325095,-0.002244710369895043,0
10,1,2,0,0.40946938387621046,0.6731260606738116,2,0.6403264251108658,4.678950940524084,0.1368525623051614,0.39999999999999997,0.04450854889373888,0.006091108960592724,0.0285,0.05699999999999997,0.08263370949216023,0.9457811471869989,-0.018224888092743263,-0.01973087820092614,-0.019772172421038903,-0.0015472843282956401,0.084899524234211,0.0020928728915281533,0,0,-0.0024993425148620574,-0.0024941226332167417,0
10,1,2,0,0.40946938387621046,0.6731260606738116,2,0.6403264251108658,4.678950940524084,0.1368525623051614,0.44,0.048959403783112775,0.006700219856651997,0.03135,0.06269999999999999,0.08263370949216023,0.9457811471869989,-0.020047376902017713,-0.02170396602101889,-0.021753942486794742,-0.001706565584777029,0.08512662744447469,0.0023026420944196615,0,0,-0.0027498522754774157,-0.0027435348965384326,0
10,1,2,0,0.40946938387621046,0.6731260606738116,2,0.6403264251108658,4.678950940524084,0.1368525623051614,0.48,0.053410258672486666,0.0073093307527112685,0.0342,0.06840000000000002,0.08263370949216023,0.9457811471869989,-0.021869865711292135,-0.023677053841111607,-0.02373654241848211,-0.0018666767071899744,0.08535382575422708,0.0025124991381828563,0,0,-0.003000466937020718,-0.00299294715986012,0
10,1,2,0,0.40946938387621046,0.6731260606738116,2,0.6403264251108658,4.678950940524084,0.1368525623051614,0.52,0.05786111356186056,0.007918441648770543,0.03705000000000001,0.07410000000000003,0.08263370949216023,0.9457811471869989,-0.023692354520566665,-0.025650141661204443,-0.02571997273746529,-0.002027618216898626,0.08558111922301803,0.0027224440778222457,0,0,-0.0032511865653903627,-0.003242359423181822,0
10,1,2,0,0.40946938387621046,0.6731260606738116,2,0.6403264251108658,4.678950940524084,0.1368525623051614,0.56,0.06231196845123445,0.008527552544829814,0.039900000000000005,0.07980000000000005,0.08263370949216023,0.9457811471869989,-0.025514843329841087,-0.02762322948129716,-0.027704233965555325,-0.0021893906357142376,0.08580850791090762,0.002932476968813859,0,0,-0.0035020112265522485,-0.0034917716865035093,0
10,1,2,0,0.40946938387621046,0.6731260606738116,2,0.6403264251108658,4.678950940524084,0.1368525623051614,0.6000000000000001,0.06676282334060835,0.009136663440889087,0.04275000000000001,0.08549999999999996,0.08263370949216023,0.9457811471869989,-0.0273373321391148,-0.02959631730138911,-0.029689326624990464,-0.0023519944858756657,0.08603599187758286,0.003142597866288931,0,0,-0.003752940986522013,-0.003741183949825099,0
10,1,2,0,0.40946938387621046,0.6731260606738116,2,0.6403264251108658,4.678950940524084,0.1368525623051614,0.64,0.07121367822998223,0.00974577433694836,0.04560000000000001,0.09119999999999998,0.08263370949216023,0.9457811471869989,-0.029159820948389356,-0.03156940512148197,-0.03167525123845305,-0.0025154302900636943,0.08626357118295798,0.0033528068255886606,0,0,-0.004003975911366808,-0.003990596213146805,0
10,1,2,0,0.40946938387621046,0.6731260606738116,2,0.6403264251108658,4.678950940524084,0.1368525623051614,0.68,0.07566453311935611,0.010354885233007632,0.04845000000000001,0.0969,0.08263370949216023,0.9457811471869989,-0.030982309757663806,-0.03354249294157472,-0.0336620083290633,-0.0026796985713994914,0.08649124588707074,0.00356310390216827,0,0,-0.004255116067215958,-0.004240008476468497,0
10,1,2,0,0.40946938387621046,0.6731260606738116,2,0.6403264251108658,4.678950940524084,0.1368525623051614,0.7200000000000001,0.08011538800873001,0.010963996129066905,0.05130000000000001,0.10260000000000002,0.08263370949216023,0.9457811471869989,-0.0328047985669382,-0.03551558076166741,-0.03564959842037485,-0.0028447998534366498,0.08671901604979634,0.0037734891513329987,0,0,-0.004506361520245861,-0.00448942073979018,0
10,1,2,0,0.40946938387621046,0.6731260606738116,2,0.6403264251108658,4.678950940524084,0.1368525623051614,0.76,0.08456624289810388,0.011573107025126176,0.054150000000000004,0.10830000000000004,0.08263370949216023,0.9457811471869989,-0.034627287376212706,-0.03748866858176022,-0.03763802203638722,-0.0030107346601745133,0.08694688173127718,0.0039839626286345955,0,0,-0.004757712336699527,-0.004738833003111878,0
10,1,2,0,0.40946938387621046,0.6731260606738116,2,0.6403264251108658,4.678950940524084,0.1368525623051614,0.8,0.08901709778747778,0.01218221792118545,0.05700000000000001,0.11400000000000005,0.08263370949216023,0.9457811471869989,-0.03644977618548726,-0.03946175640185308,-0.039627279701534235,-0.003177503516046974,0.08717484299154955,0.004194524389527245,0,0,-0.0050091685828626,-0.004988245266433584,0
10,1,2,0,0.40946938387621046,0.6731260606738116,2,0.6403264251108658,4.678950940524084,0.1368525623051614,0.8400000000000001,0.09346795267685168,0.012791328817244723,0.059850000000000014,0.11970000000000008,0.08263370949216023,0.9457811471869989,-0.03827226499476161,-0.04143484422194571,-0.04161737194069204,-0.0033451069459304317,0.08740289989077685,0.004405174489582211,0,0,-0.0052607303250891135,-0.005237657529755261,0
10,1,2,0,0.40946938387621046,0.6731260606738116,2,0.6403264251108658,4.678950940524084,0.1368525623051614,0.88,0.09791880756622555,0.013400439713303994,0.0627,0.12539999999999998,0.08263370949216023,0.9457811471869989,-0.040094753804035425,-0.04340793204203778,-0.0436082992791782,-0.003513545475142772,0.08763105248919482,0.004615912984437397,0,0,-0.0055123976297792865,-0.005487069793076865,0
10,1,2,0,0.40946938387621046,0.6731260606738116,2,0.6403264251108658,4.678950940524084,0.1368525623051614,0.92,0.10236966245559945,0.014009550609363267,0.06555000000000001,0.1311,0.08263370949216023,0.9457811471869989,-0.041917242613309924,-0.04538101986213058,-0.045600062242751704,-0.0036828196294417803,0.08785930084705476,0.0048267399297456815,0,0,-0.00576417056339551,-0.005736482056398563,0
10,1,2,0,0.40946938387621046,0.6731260606738116,2,0.6403264251108658,4.678950940524084,0.1368525623051614,0.9600000000000001,0.10682051734497335,0.01461866150542254,0.06840000000000002,0.13680000000000003,0.08263370949216023,0.9457811471869989,-0.04373973142258427,-0.047354107682223215,-0.04759266135760587,-0.0038529299350216,0.08808764502454637,0.005037655381102416,0,0,-0.006016049192448136,-0.00598589431972024,0
10,1,2,0,0.40946938387621046,0.6731260606738116,2,0.6403264251108658,4.678950940524084,0.1368525623051614,1.0,0.11127137223434722,0.015227772401481812,0.07125000000000001,0.14250000000000004,0.08263370949216023,0.9457811471869989,-0.045562220231858824,-0.049327195502316075,-0.049586097150387864,-0.00402387691852904,0.08831608508216185,0.005248659394382826,0,0,-0.00626803358351502,-0.006235306583041945,0
11,1,2,1,0.2694108612748609,0.7392499273975632,2,0.38361908439771064,0.41090465323976094,0.9335963498419443,0.04,0.007429244570755794,0.0069359156133406916,0.0028500000000000005,0.005700000000000011,0.005496057690843797,0.07189970784889954,-0.002001519178428906,-0.0020125196433028814,-0.0020129400462174374,-1.1420867788531405e-05,0.00570609960255101,0.00020889381922555657,0,0,-0.0018690013404079053,-0.0018686109991198738,0
11,1,2,1,0.2694108612748609,0.7392499273975632,2,0.38361908439771064,0.41090465323976094,0.9335963498419443,0.08,0.014858489141511588,0.013871831226681383,0.005700000000000001,0.011399999999999993,0.005496057690843797,0.07189970784889954,-0.004003038356857805,-0.004025039286605756,-0.004026721249619669,-2.368289276186413e-05,0.00591622928650978,0.00041787493093804783,0,0,-0.0037387836896236593,-0.003737221998239741,0
11,1,2,1,0.2694108612748609,0.7392499273975632,2,0.38361908439771064,0.41090465323976094,0.9335963498419443,0.12,0.022287733712267378,0.02080774684002207,0.00855,0.017100000000000004,0.005496057690843797,0.07189970784889954,-0.006004557535286711,-0.006037558929908637,-0.006041344137562632,-3.678660227592143e-05,0.006126446796410773,0.0006269433885346848,0,0,-0.005609347537293807,-0.005605832997359615,0
11,1,2,1,0.2694108612748609,0.7392499273975632,2,0.38361908439771064,0.41090465323976094,0.9335963498419443,0.16,0.029716978283023176,0.027743662453362766,0.011400000000000002,0.022800000000000015,0.005496057690843797,0.07189970784889954,-0.008006076713715624,-0.008050078573211526,-0.008056809237844575,-5.073252412895156e-05,0.006336752187502657,0.0008360992469623513,0,0,-0.007480693373476122,-0.007474443996479495,0
11,1,2,1,0.2694108612748609,0.7392499273975632,2,0.38361908439771064,0.41090465323976094,0.9335963498419443,0.2,0.03714622285377897,0.03467957806670346,0.014250000000000002,0.028499999999999998,0.005496057690843797,0.07189970784889954,-0.010007595892144503,-0.010062598216514382,-0.010073117078706062,-6.552118656155854e-05,0.006547145515037195,0.0010453425611704344,0,0,-0.009352821688636936,-0.009343054995599344,0
11,1,2,1,0.2694108612748609,0.7392499273975632,2,0.38361908439771064,0.41090465323976094,0.9335963498419443,0.24000000000000002,0.04457546742453477,0.04161549368004415,0.017100000000000004,0.03420000000000001,0.005496057690843797,0.07189970784889954,-0.012009115070573421,-0.012075117859817274,-0.012090268188829967,-8.115311825654566e-05,0.006757626834253549,0.0012546733860965878,0,0,-0.011225732973655589,-0.01121166599471923,0
11,1,2,1,0.2694108612748609,0.7392499273975632,2,0.38361908439771064,0.41090465323976094,0.9335963498419443,0.27999999999999997,0.052004711995290547,0.04855140929338483,0.01995,0.03989999999999999,0.005496057690843797,0.07189970784889954,-0.0140106342490023,-0.014087637503120129,-0.014108263097341478,-9.762884833917733e-05,0.006968196200406095,0.0014640917766929242,0,0,-0.013099427719821755,-0.013080276993839079,0
11,1,2,1,0.2694108612748609,0.7392499273975632,2,0.38361908439771064,0.41090465323976094,0.9335963498419443,0.32,0.05943395656604635,0.05548732490672553,0.022800000000000004,0.0456,0.005496057690843797,0.07189970784889954,-0.01601215342743122,-0.016100157146423023,-0.01612710233380632,-0.00011494890637510011,0.007178853668624945,0.001673597787788254,0,0,-0.014973906418831895,-0.014948887992958964,0
11,1,2,1,0.2694108612748609,0.7392499273975632,2,0.38361908439771064,0.41090465323976094,0.9335963498419443,0.36,0.06686320113680214,0.06242324052006622,0.025650000000000003,0.05130000000000001,0.005496057690843797,0.07189970784889954,-0.018013672605860113,-0.018112676789725893,-0.018146786428234307,-0.00013311382237419372,0.007389599294198888,0.0018831914743690362,0,0,-0.016849169562799915,-0.016817498992078826,0
11,1,2,1,0.2694108612748609,0.7392499273975632,2,0.38361908439771064,0.41090465323976094,0.9335963498419443,0.39999999999999997,0.07429244570755793,0.0693591561334069,0.0285,0.056999999999999995,0.005496057690843797,0.07189970784889954,-0.020015191784289007,-0.020125196433028764,-0.02016731591108112,-0.00015212412679211154,0.007600433132572923,0.0020928728915773375,0,0,-0.018725217644247394,-0.01868610999119869,0
11,1,2,1,0.2694108612748609,0.7392499273975632,2,0.38361908439771064,0.41090465323976094,0.9335963498419443,0.44,0.08172169027831373,0.0762950717467476,0.03135,0.0627,0.005496057690843797,0.07189970784889954,-0.022016710962717925,-0.022137716076331655,-0.02218869131324297,-0.00017198035052504515,0.007811355239039504,0.002302642094403538,0,0,-0.020602051156108026,-0.020554720990318572,0
11,1,2,1,0.2694108612748609,0.7392499273975632,2,0.38361908439771064,0.41090465323976094,0.9335963498419443,0.48,0.08915093484906951,0.08323098736008828,0.0342,0.06840000000000002,0.005496057690843797,0.07189970784889954,-0.02401823014114679,-0.024150235719634497,-0.024210913166065495,-0.00019268302491870504,0.008022365669176032,0.002512499138120905,0,0,-0.022479670591734724,-0.02242333198943841,0
11,1,2,1,0.2694108612748609,0.7392499273975632,2,0.38361908439771064,0.41090465323976094,0.9335963498419443,0.52,0.09658017941982532,0.09016690297342898,0.03705000000000001,0.0741,0.005496057690843797,0.07189970784889954,-0.026019749319575763,-0.026162755362937447,-0.026233982001336642,-0.00021423268176087862,0.008233464478449155,0.0027224440778931096,0,0,-0.0243580764448863,-0.024291942988558347,0
11,1,2,1,0.2694108612748609,0.7392499273975632,2,0.38361908439771064,0.41090465323976094,0.9335963498419443,0.56,0.1040094239905811,0.09710281858676967,0.039900000000000005,0.07980000000000001,0.005496057690843797,0.07189970784889954,-0.02802126849800463,-0.028175275006240286,-0.02825789835128667,-0.00023662985328204086,0.00844465172227628,0.0029324769688347232,0,0,-0.026237269209738123,-0.026160553987678182,0
11,1,2,1,0.2694108612748609,0.7392499273975632,2,0.38361908439771064,0.41090465323976094,0.9335963498419443,0.6000000000000001,0.11143866856133691,0.10403873420011037,0.04275000000000001,0.08550000000000002,0.005496057690843797,0.07189970784889954,-0.030022787676433547,-0.03018779464954318,-0.030282662748597033,-0.0002598750721634867,0.008655927456312665,0.003142597866296568,0,0,-0.028117249380878562,-0.028029164986798066,0
11,1,2,1,0.2694108612748609,0.7392499273975632,2,0.38361908439771064,0.41090465323976094,0.9335963498419443,0.64,0.1188679131320927,0.11097464981345107,0.04560000000000001,0.0912,0.005496057690843797,0.07189970784889954,-0.032024306854862496,-0.0322003142928461,-0.03230827572639505,-0.00028396887153255695,0.008867291736228158,0.0033528068256444324,0,0,-0.02999801745331343,-0.02989777598591798,0
11,1,2,1,0.2694108612748609,0.7392499273975632,2,0.38361908439771064,0.41090465323976094,0.9335963498419443,0.68,0.1262971577028485,0.11791056542679175,0.04845000000000001,0.09690000000000001,0.005496057690843797,0.07189970784889954,-0.03402582603329133,-0.03421283393614891,-0.03433473781825036,-0.0003089117849590303,0.009078744617596847,0.0035631039021483896,0,0,-0.03187957392245977,-0.03176638698503779,0
11,1,2,1,0.2694108612748609,0.7392499273975632,2,0.38361908439771064,0.41090465323976094,0.9335963498419443,0.7200000000000001,0.1337264022736043,0.12484648104013245,0.05130000000000001,0.10260000000000002,0.005496057690843797,0.07189970784889954,-0.03602734521172023,-0.03622535357945179,-0.03636204955818734,-0.0003347043464671101,0.009290286156256272,0.0037734891513409156,0,0,-0.03376191928415384,-0.03363499798415765,0
11,1,2,1,0.2694108612748609,0.7392499273975632,2,0.38361908439771064,0.41090465323976094,0.9335963498419443,0.76,0.14115564684436008,0.1317823966534731,0.054150000000000004,0.10830000000000001,0.005496057690843797,0.07189970784889954,-0.03802886439014912,-0.038237873222754654,-0.038390211480672676,-0.00036134709052355884,0.009501916407926215,0.003983962628637213,0,0,-0.035645054034645796,-0.035503608983277514,0
11,1,2,1,0.2694108612748609,0.7392499273975632,2,0.38361908439771064,0.41090465323976094,0.9335963498419443,0.8,0.14858489141511588,0.13871831226681383,0.05700000000000001,0.114,0.005496057690843797,0.07189970784889954,-0.04003038356857812,-0.04025039286605763,-0.04041922412062249,-0.00038884055204436996,0.009713635428404704,0.004194524389530335,0,0,-0.03752897867060234,-0.037372219982397474,0
11,1,2,1,0.2694108612748609,0.7392499273975632,2,0.38361908439771064,0.41090465323976094,0.9335963498419443,0.8400000000000001,0.1560141359858717,0.14565422788015453,0.059850000000000014,0.11970000000000003,0.005496057690843797,0.07189970784889954,-0.04203190274700696,-0.04226291250936045,-0.04244908801340408,-0.0004171852663971201,0.009925443273605485,0.004405174489628361,0,0,-0.039413693689106744,-0.03924083098151729,0
11,1,2,1,0.2694108612748609,0.7392499273975632,2,0.38361908439771064,0.41090465323976094,0.9335963498419443,0.88,0.16344338055662747,0.1525901434934952,0.0627,0.1254,0.005496057690843797,0.07189970784889954,-0.04403342192543585,-0.04427543215266331,-0.044479803694828846,-0.0004463817693929964,0.01013733999935046,0.004615912984448259,0,0,-0.04129919958765704,-0.041109441980637144,0
11,1,2,1,0.2694108612748609,0.7392499273975632,2,0.38361908439771064,0.41090465323976094,0.9335963498419443,0.92,0.17087262512738327,0.1595260591068359,0.06555000000000001,0.1311,0.005496057690843797,0.07189970784889954,-0.04603494110386484,-0.04628795179596628,-0.046511371701164705,-0.00047643059729986226,0.010349325661673622,0.004826739929717421,0,0,-0.04318549686417317,-0.042978052979757105,0
11,1,2,1,0.2694108612748609,0.7392499273975632,2,0.38361908439771064,0.41090465323976094,0.9335963498419443,0.9600000000000001,0.17830186969813908,0.1664619747201766,0.06840000000000002,0.13680000000000003,0.005496057690843797,0.07189970784889954,-0.048036460282293685,-0.0483004714392691,-0.048543792569125443,-0.000507332286831759,0.010561400316558346,0.0050376553811133495,0,0,-0.04507258601699338,-0.04484666397887692,0
11,1,2,1,0.2694108612748609,0.7392499273975632,2,0.38361908439771064,0.41090465323976094,0.9335963498419443,1.0,0.18573111426889483,0.17339789033351727,0.07125000000000001,0.14250000000000002,0.005496057690843797,0.07189970784889954,-0.05003797946072258,-0.05031299108257197,-0.050577066835877815,-0.0005390873751552339,0.010773564020073826,0.005248659394398788,0,0,-0.04696046754486982,-0.04671527497799678,0
12,3,2,2,1.8628531517305156,1.6697144848874839,2,1.174391234070963,1.2468949305107537,0.9418526014777431,0.04,0.0024267892311496835,0.0022856777505965015,0.0028500000000000005,0.0057000000000000245,0.005130652810787368,0.06327805133304419,-0.00452075196783298,-0.004543946376623615,-0.004544832459007608,-2.4080491174627988e-05,0.0053266561284429316,0.000195002825858951,0,0,-0.00425871230056174,-0.004257882001539119,0
12,3,2,2,1.8628531517305156,1.6697144848874839,2,1.174391234070963,1.2468949305107537,0.9418526014777431,0.08,0.004853578462299367,0.004571355501193003,0.005700000000000001,0.011400000000000035,0.005130652810787368,0.06327805133304419,-0.009041503935666054,-0.009087892753247324,-0.009091437774067401,-4.993383840134688e-05,0.005522735902859333,0.00039008171820804937,0,0,-0.008519085846932839,-0.008515764003078326,0
12,3,2,2,1.8628531517305156,1.6697144848874839,2,1.174391234070963,1.2468949305107537,0.9418526014777431,0.12,0.00728036769344905,0.0068570332517895035,0.00855,0.01709999999999995,0.005130652810787368,0.06327805133304419,-0.013562255903498148,-0.013631839129870047,-0.01363981698271921,-7.75610792210623e-05,0.005718892179364996,0.0005852367221443214,0,0,-0.012781121611334711,-0.01277364600461661,0
12,3,2,2,1.8628531517305156,1.6697144848874839,2,1.174391234070963,1.2468949305107537,0.9418526014777431,0.16,0.009707156924598734,0.009142711002386006,0.011400000000000002,0.022799999999999973,0.005130652810787368,0.06327805133304419,-0.01808300787133113,-0.018175785506493663,-0.018189971123318216,-0.00010696325198708556,0.005915125002885472,0.0007804678823638756,0,0,-0.017044820566752605,-0.01703152800615573,0
12,3,2,2,1.8628531517305156,1.6697144848874839,2,1.174391234070963,1.2468949305107537,0.9418526014777431,0.2,0.012133946155748417,0.011428388752982507,0.014250000000000002,0.028499999999999984,0.005130652810787368,0.06327805133304419,-0.0226037598391642,-0.02271973188311737,-0.02274190123502251,-0.00013814139585830928,0.0061114344180457905,0.0009757752432638988,0,0,-0.021310183686924944,-0.021289410007694933,0
12,3,2,2,1.8628531517305156,1.6697144848874839,2,1.174391234070963,1.2468949305107537,0.9418526014777431,0.24000000000000002,0.014560735386898102,0.013714066503579009,0.017100000000000004,0.03420000000000001,0.005130652810787368,0.06327805133304419,-0.027124511806997164,-0.027263678259740968,-0.027295608357803758,-0.00017109655080659383,0.006307820469692545,0.0011711588494623525,0,0,-0.02557721194635043,-0.025547292009234036,0
12,3,2,2,1.8628531517305156,1.6697144848874839,2,1.174391234070963,1.2468949305107537,0.9418526014777431,0.27999999999999997,0.01698752461804778,0.015999744254175507,0.01995,0.03990000000000002,0.005130652810787368,0.06327805133304419,-0.03164526377483025,-0.03180762463636469,-0.031851093532447194,-0.000205829757616946,0.006504283202741296,0.0013666187456452827,0,0,-0.02984590632029338,-0.029805174010773254,0
12,3,2,2,1.8628531517305156,1.6697144848874839,2,1.174391234070963,1.2468949305107537,0.9418526014777431,0.32,0.01941431384919747,0.018285422004772012,0.022800000000000004,0.04560000000000004,0.005130652810787368,0.06327805133304419,-0.03616601574266321,-0.03635157101298828,-0.036408357800548075,-0.00024234205788486313,0.0067008226620601866,0.001562154976452094,0,0,-0.034116267784774834,-0.034063056012312354,0
12,3,2,2,1.8628531517305156,1.6697144848874839,2,1.174391234070963,1.2468949305107537,0.9418526014777431,0.36,0.02184110308034715,0.02057109975536851,0.025650000000000003,0.05129999999999996,0.005130652810787368,0.06327805133304419,-0.04068676771049531,-0.04089551738961101,-0.04096740220451878,-0.0002806344940234698,0.006897438892671709,0.0017577675866751333,0,0,-0.03838829731658144,-0.03832093801385064,0
12,3,2,2,1.8628531517305156,1.6697144848874839,2,1.174391234070963,1.2468949305107537,0.9418526014777431,0.39999999999999997,0.024267892311496835,0.02285677750596501,0.0285,0.05699999999999997,0.005130652810787368,0.06327805133304419,-0.0452075196783284,-0.04543946376623474,-0.04552822778758525,-0.0003207081092568495,0.007094131939527544,0.0019534566210367282,0,0,-0.04266199589326547,-0.042578820015389866,0
12,3,2,2,1.8628531517305156,1.6697144848874839,2,1.174391234070963,1.2468949305107537,0.9418526014777431,0.44,0.02669468154264652,0.025142455256561513,0.03135,0.06269999999999999,0.005130652810787368,0.06327805133304419,-0.049728271646161365,-0.049983410142858335,-0.050090835593788796,-0.00036256394762743116,0.007290901847690061,0.002149222124369398,0,0,-0.0469373644931359,-0.04683670201692897,0
12,3,2,2,1.8628531517305156,1.6697144848874839,2,1.174391234070963,1.2468949305107537,0.9418526014777431,0.48,0.0291214707737962,0.027428133007158014,0.0342,0.06840000000000002,0.005130652810787368,0.06327805133304419,-0.05424902361399433,-0.054527356519481936,-0.05465522666798428,-0.0004062030539899522,0.007487748662174377,0.002345064141458208,0,0,-0.05121440409527267,-0.05109458401846807,0
12,3,2,2,1.8628531517305156,1.6697144848874839,2,1.174391234070963,1.2468949305107537,0.9418526014777431,0.52,0.031548260004945886,0.02971381075775452,0.03705000000000001,0.07410000000000003,0.005130652810787368,0.06327805133304419,-0.05876977558182745,-0.05907130289610569,-0.05922140205584725,-0.0004516264740197992,0.0076846724281085955,0.0025409827172011876,0,0,-0.05549311567951776,-0.055352466020007325,0
12,3,2,2,1.8628531517305156,1.6697144848874839,2,1.174391234070963,1.2468949305107537,0.9418526014777431,0.56,0.03397504923609557,0.03199948850835102,0.039900000000000005,0.07980000000000005,0.005130652810787368,0.06327805133304419,-0.06329052754966039,-0.06361524927272925,-0.06378936280386682,-0.0004988352542064367,0.007881673190589694,0.0027369778964649507,0,0,-0.05977350022648231,-0.059610348021546404,0
12,3,2,2,1.8628531517305156,1.6697144848874839,2,1.174391234070963,1.2468949305107537,0.9418526014777431,0.6000000000000001,0.036401838467245255,0.03428516625894752,0.04275000000000001,0.08549999999999996,0.005130652810787368,0.06327805133304419,-0.06781127951749251,-0.06815919564935201,-0.06835910995935635,-0.0005478304418638363,0.008078750994847674,0.002933049724248583,0,0,-0.06405555871754132,-0.06386823002308471,0
12,3,2,2,1.8628531517305156,1.6697144848874839,2,1.174391234070963,1.2468949305107537,0.9418526014777431,0.64,0.03882862769839494,0.036570844009544023,0.04560000000000001,0.09119999999999998,0.005130652810787368,0.06327805133304419,-0.07233203148532558,-0.07270314202597572,-0.07293064457044451,-0.0005986130851189375,0.008275905886044162,0.0031291982454831283,0,0,-0.06833929213484247,-0.06812611202462392,0
12,3,2,2,1.8628531517305156,1.6697144848874839,2,1.174391234070963,1.2468949305107537,0.9418526014777431,0.68,0.04125541692954462,0.038856521760140525,0.04845000000000001,0.0969,0.005130652810787368,0.06327805133304419,-0.07685278345315855,-0.07724708840259932,-0.07750396768607715,-0.0006511842329186002,0.00847313790938352,0.0033254235051425217,0,0,-0.07262470146129374,-0.07238399402616302,0
12,3,2,2,1.8628531517305156,1.6697144848874839,2,1.174391234070963,1.2468949305107537,0.9418526014777431,0.7200000000000001,0.043682206160694306,0.041142199510737026,0.05130000000000001,0.10260000000000002,0.005130652810787368,0.06327805133304419,-0.08137353542099152,-0.08179103477922292,-0.08207908035602962,-0.0007055449350381049,0.008670447110205058,0.0035217255483344424,0,0,-0.07691178768058116,-0.07664187602770213,0
12,3,2,2,1.8628531517305156,1.6697144848874839,2,1.174391234070963,1.2468949305107537,0.9418526014777431,0.76,0.04610899539184399,0.04342787726133352,0.054150000000000004,0.10830000000000004,0.005130652810787368,0.06327805133304419,-0.08589428738882458,-0.08633498115584663,-0.08665598363089089,-0.0007616962420663037,0.008867833533774743,0.003718104420093643,0,0,-0.08120055177715457,-0.08089975802924133,0
12,3,2,2,1.8628531517305156,1.6697144848874839,2,1.174391234070963,1.2468949305107537,0.9418526014777431,0.8,0.04853578462299367,0.04571355501193003,0.05700000000000001,0.11400000000000005,0.005130652810787368,0.06327805133304419,-0.0904150393566577,-0.09087892753247039,-0.0912346785620759,-0.0008196392054181934,0.009065297225442609,0.0039145601655389975,0,0,-0.08549099473623478,-0.0851576400307806,0
12,3,2,2,1.8628531517305156,1.6697144848874839,2,1.174391234070963,1.2468949305107537,0.9418526014777431,0.8400000000000001,0.05096257385414336,0.04799923276252653,0.059850000000000014,0.11970000000000008,0.005130652810787368,0.06327805133304419,-0.09493579132449051,-0.09542287390909382,-0.09581516620182384,-0.0008793748773333332,0.009262838230606096,0.00411109282983603,0,0,-0.0897831175438224,-0.08941552203231953,0
12,3,2,2,1.8628531517305156,1.6697144848874839,2,1.174391234070963,1.2468949305107537,0.9418526014777431,0.88,0.05338936308529304,0.050284910513123025,0.0627,0.12539999999999998,0.005130652810787368,0.06327805133304419,-0.09945654329232273,-0.09996682028571667,-0.10039744760319458,-0.0009409043108718484,0.009460456594659055,0.004307702458146869,0,0,-0.09407692118667654,-0.09367340403385795,0
12,3,2,2,1.8628531517305156,1.6697144848874839,2,1.174391234070963,1.2468949305107537,0.9418526014777431,0.92,0.05581615231644272,0.052570588263719534,0.06555000000000001,0.1311,0.005130652810787368,0.06327805133304419,-0.1039772952601558,-0.10451076666234037,-0.10498152382007575,-0.0010042285599199535,0.009658152363045501,0.004504389095683633,0,0,-0.09837240665234148,-0.09793128603539714,0
12,3,2,2,1.8628531517305156,1.6697144848874839,2,1.174391234070963,1.2468949305107537,0.9418526014777431,0.9600000000000001,0.05824294154759241,0.054856266014316035,0.06840000000000002,0.13680000000000003,0.005130652810787368,0.06327805133304419,-0.10849804722798866,-0.10905471303896387,-0.10956739590718279,-0.0010693486791941292,0.009855925581288021,0.004701152787736361,0,0,-0.10266957492912887,-0.10218916803693615,0
12,3,2,2,1.8628531517305156,1.6697144848874839,2,1.174391234070963,1.2468949305107537,0.9418526014777431,1.0,0.06066973077874209,0.05714194376491253,0.07125000000000001,0.14250000000000004,0.005130652810787368,0.06327805133304419,-0.11301879919582183,-0.11359865941558768,-0.11415506492005001,-0.0011362657242281748,0.010053776294857158,0.004897993579543779,0,0,-0.10696842700612308,-0.10644705003847545,0
13,3,2,3,0.39108605290198994,1.3378865982283124,1,0.3077013626683057,0.3233048642846221,0.9517374981324754,0.04,0.009262227424947183,0.008815209156553231,0.0028500000000000005,0.005700000000000011,0.08897452726214077,0.13723702912966532,-0.0036223279647031605,-0.003944622882951057,-0.003945399147411877,-0.0003230711827087161,0.08918882714563667,0.00019679053837432948,0,0,-0.0034481837909758895,-0.0034475053545418876,0
13,3,2,3,0.39108605290198994,1.3378865982283124,1,0.3077013626683057,0.3233048642846221,0.9517374981324754,0.08,0.018524454849894366,0.017630418313106463,0.005700000000000001,0.011399999999999993,0.08897452726214077,0.13723702912966532,-0.007244655929406308,-0.007889245765902098,-0.007892351434902523,-0.0006476955054962145,0.08940321138885232,0.0003936585438683134,0,0,-0.006897724988959908,-0.006895010709083763,0
13,3,2,3,0.39108605290198994,1.3378865982283124,1,0.3077013626683057,0.3233048642846221,0.9517374981324754,0.12,0.027786682274841545,0.026445627469659692,0.00855,0.017100000000000004,0.08897452726214077,0.13723702912966532,-0.010866983894109465,-0.011833868648853153,-0.011840857779770175,-0.0009738738856607098,0.0896176800435497,0.0005906040640141798,0,0,-0.010348624395643213,-0.010342516063625648,0
13,3,2,3,0.39108605290198994,1.3378865982283124,1,0.3077013626683057,0.3233048642846221,0.9517374981324754,0.16,0.03704890969978873,0.035260836626212926,0.011400000000000002,0.022800000000000015,0.08897452726214077,0.13723702912966532,-0.01448931185881263,-0.015778491531804214,-0.015790919100027168,-0.0013016072412145377,0.08983223315901503,0.000787627144071651,0,0,-0.013800882813351123,-0.01379002141816754,0
13,3,2,3,0.39108605290198994,1.3378865982283124,1,0.3077013626683057,0.3233048642846221,0.9517374981324754,0.2,0.04631113712473591,0.04407604578276616,0.014250000000000002,0.028499999999999998,0.08897452726214077,0.13723702912966532,-0.01811163982351578,-0.019723114414755258,-0.01974253631440881,-0.0016308964908930308,0.09004687078502459,0.0009847278297499388,0,0,-0.017254501045036008,-0.017237526772709417,0
13,3,2,3,0.39108605290198994,1.3378865982283124,1,0.3077013626683057,0.3233048642846221,0.9517374981324754,0.24000000000000002,0.0555733645496831,0.0528912549393194,0.017100000000000004,0.03420000000000001,0.08897452726214077,0.13723702912966532,-0.02173396778821893,-0.023667737297706305,-0.023695710342369836,-0.0019617425541509047,0.09026159297126973,0.0011819061666803836,0,0,-0.020709479894280847,-0.020685032127251295,0
13,3,2,3,0.39108605290198994,1.3378865982283124,1,0.3077013626683057,0.3233048642846221,0.9517374981324754,0.27999999999999997,0.06483559197463026,0.06170646409587261,0.01995,0.03989999999999999,0.08897452726214077,0.13723702912966532,-0.02535629575292208,-0.02761236018065735,-0.027650442104103945,-0.0022941463511818652,0.09047639976819113,0.0013791622011823698,0,0,-0.024165820165308105,-0.024132537481793174,0
13,3,2,3,0.39108605290198994,1.3378865982283124,1,0.3077013626683057,0.3233048642846221,0.9517374981324754,0.32,0.07409781939957746,0.07052167325242585,0.022800000000000004,0.0456,0.08897452726214077,0.13723702912966532,-0.02897862371762526,-0.03155698306360843,-0.031606732520517156,-0.002628108802891896,0.0906912912255884,0.001576495978986629,0,0,-0.027623522662967304,-0.02758004283633508,0
13,3,2,3,0.39108605290198994,1.3378865982283124,1,0.3077013626683057,0.3233048642846221,0.9517374981324754,0.36,0.08336004682452464,0.07933688240897908,0.025650000000000003,0.05130000000000001,0.08897452726214077,0.13723702912966532,-0.03260095168232841,-0.035501605946559475,-0.035564582513247345,-0.0029636308309189327,0.09090626739358014,0.0017739075461168743,0,0,-0.031082588192749228,-0.03102754819087696,0
13,3,2,3,0.39108605290198994,1.3378865982283124,1,0.3077013626683057,0.3233048642846221,0.9517374981324754,0.39999999999999997,0.09262227424947181,0.0881520915655323,0.0285,0.056999999999999995,0.08897452726214077,0.13723702912966532,-0.03622327964703156,-0.039446228829510516,-0.03952399300465359,-0.003300713357622033,0.09112132832214494,0.001971396948468182,0,0,-0.03454301756077349,-0.034475053545418834,0
13,3,2,3,0.39108605290198994,1.3378865982283124,1,0.3077013626683057,0.3233048642846221,0.9517374981324754,0.44,0.101884501674419,0.09696730072208555,0.03135,0.0627,0.08897452726214077,0.13723702912966532,-0.03984560761173474,-0.04339085171246159,-0.04348496491783571,-0.0036393573061009737,0.09133647406167711,0.0021689642323174676,0,0,-0.03800481157380986,-0.03792255889996074,0
13,3,2,3,0.39108605290198994,1.3378865982283124,1,0.3077013626683057,0.3233048642846221,0.9517374981324754,0.48,0.11114672909936618,0.10578250987863877,0.0342,0.06840000000000002,0.08897452726214077,0.13723702912966532,-0.043467935576437806,-0.04733547459541255,-0.047447499176605845,-0.003979563600168039,0.09155170466216477,0.002366609443568436,0,0,-0.04146797103924804,-0.04137006425450254,0
13,3,2,3,0.39108605290198994,1.3378865982283124,1,0.3077013626683057,0.3233048642846221,0.9517374981324754,0.52,0.12040895652431338,0.11459771903519202,0.03705000000000001,0.0741,0.08897452726214077,0.13723702912966532,-0.04709026354114106,-0.051280097478363706,-0.051411596705515095,-0.004321333164374032,0.09176702017389729,0.0025643326284017073,0,0,-0.04493249676511546,-0.04481756960904452,0
13,3,2,3,0.39108605290198994,1.3378865982283124,1,0.3077013626683057,0.3233048642846221,0.9517374981324754,0.56,0.12967118394926055,0.12341292819174524,0.039900000000000005,0.07980000000000001,0.08897452726214077,0.13723702912966532,-0.05071259150584416,-0.0552247203613147,-0.055377258429833986,-0.004664666923989827,0.09198242064699587,0.0027621338328431286,0,0,-0.04839838956008613,-0.04826507496358635,0
13,3,2,3,0.39108605290198994,1.3378865982283124,1,0.3077013626683057,0.3233048642846221,0.9517374981324754,0.6000000000000001,0.13893341137420775,0.1322281373482985,0.04275000000000001,0.08550000000000002,0.08897452726214077,0.13723702912966532,-0.05433491947054731,-0.059169343244265746,-0.05934448527557734,-0.005009565805030029,0.092197906131903,0.0029600131032140333,0,0,-0.05186565023346823,-0.051712580318128226,0
13,3,2,3,0.39108605290198994,1.3378865982283124,1,0.3077013626683057,0.3233048642846221,0.9517374981324754,0.64,0.14819563879915493,0.1410433465048517,0.04560000000000001,0.0912,0.08897452726214077,0.13723702912966532,-0.05795724743525057,-0.06311396612721691,-0.0633132781694794,-0.005356030734228835,0.0924134766788667,0.0031579704856567717,0,0,-0.05533427959520765,-0.0551600856726702,0
13,3,2,3,0.39108605290198994,1.3378865982283124,1,0.3077013626683057,0.3233048642846221,0.9517374981324754,0.68,0.1574578662241021,0.14985855566140494,0.04845000000000001,0.09690000000000001,0.08897452726214077,0.13723702912966532,-0.061579575399953616,-0.06705858901016784,-0.0672836380390116,-0.00570406263905799,0.09262913233828966,0.0033560060264560937,0,0,-0.05880427845589509,-0.05860759102721198,0
13,3,2,3,0.39108605290198994,1.3378865982283124,1,0.3077013626683057,0.3233048642846221,0.9517374981324754,0.7200000000000001,0.1667200936490493,0.1586737648179582,0.05130000000000001,0.10260000000000002,0.08897452726214077,0.13723702912966532,-0.06520190336465682,-0.07100321189311895,-0.07125556581238435,-0.006053662447727523,0.09284487316069603,0.0035541197720078467,0,0,-0.06227564762675719,-0.06205509638175392,0
13,3,2,3,0.39108605290198994,1.3378865982283124,1,0.3077013626683057,0.3233048642846221,0.9517374981324754,0.76,0.17598232107399644,0.1674889739745114,0.054150000000000004,0.10830000000000001,0.08897452726214077,0.13723702912966532,-0.06882423132935991,-0.07494783477606992,-0.0752290624185239,-0.0064048310891639815,0.09306069919638503,0.003752311768501777,0,0,-0.06574838791965831,-0.06550260173629574,0
13,3,2,3,0.39108605290198994,1.3378865982283124,1,0.3077013626683057,0.3233048642846221,0.9517374981324754,0.8,0.18524454849894365,0.17630418313106463,0.05700000000000001,0.114,0.08897452726214077,0.13723702912966532,-0.07244655929406323,-0.07889245765902114,-0.07920412878711147,-0.006757569493048246,0.09327661049600748,0.003950582062450057,0,0,-0.06922250014711118,-0.06895010709083776,0
13,3,2,3,0.39108605290198994,1.3378865982283124,1,0.3077013626683057,0.3233048642846221,0.9517374981324754,0.8400000000000001,0.19450677592389085,0.1851193922876179,0.059850000000000014,0.11970000000000003,0.08897452726214077,0.13723702912966532,-0.07606888725876627,-0.08283708054197209,-0.08318076584854239,-0.007111878589776119,0.0934926071099658,0.004148930700136974,0,0,-0.07269798512226977,-0.07239761244537955,0
13,3,2,3,0.39108605290198994,1.3378865982283124,1,0.3077013626683057,0.3233048642846221,0.9517374981324754,0.88,0.203769003348838,0.1939346014441711,0.0627,0.1254,0.08897452726214077,0.13723702912966532,-0.07969121522346947,-0.08678170342492318,-0.0871589745339616,-0.0074677593104921225,0.09370868908889256,0.004347357728058443,0,0,-0.07617484365892402,-0.07584511779992148,0
13,3,2,3,0.39108605290198994,1.3378865982283124,1,0.3077013626683057,0.3233048642846221,0.9517374981324754,0.92,0.2130312307737852,0.20274981060072433,0.06555000000000001,0.1311,0.08897452726214077,0.13723702912966532,-0.08331354318817262,-0.09072632630787422,-0.09113875577524233,-0.00782521258706971,0.09392485648336459,0.004545863192658703,0,0,-0.07965307657150866,-0.07929262315446335,0
13,3,2,3,0.39108605290198994,1.3378865982283124,1,0.3077013626683057,0.3233048642846221,0.9517374981324754,0.9600000000000001,0.2222934581987324,0.2115650197572776,0.06840000000000002,0.13680000000000003,0.08897452726214077,0.13723702912966532,-0.08693587115287572,-0.09467094919082522,-0.09512011050500213,-0.008184239352126407,0.09414110934408786,0.004744447140500831,0,0,-0.08313268467511215,-0.08274012850900518,0
13,3,2,3,0.39108605290198994,1.3378865982283124,1,0.3077013626683057,0.3233048642846221,0.9517374981324754,1.0,0.23155568562367956,0.2203802289138308,0.07125000000000001,0.14250000000000002,0.08897452726214077,0.13723702912966532,-0.09055819911757892,-0.09861557207377632,-0.09910303965658862,-0.008544840539009696,0.09435744772171593,0.004943109618099861,0,0,-0.08661366878545707,-0.08618763386354711,0
14,1,2,4,0.546754377450771,1.3754066025068994,3,0.41844420594127807,2.877608343470076,0.14541388403005562,0.04,0.006810943871451173,0.000990405802258419,0.0028500000000000005,0.0057000000000000245,0.15971790467112135,1.0143040206410656,-0.003723913376287566,-0.004318689017924976,-0.0043305146982657305,-0.0006066013219781646,0.16289351031653052,0.002738256978372617,0,0,-0.0005429914978360983,-0.0005415087078374529,0
14,1,2,4,0.546754377450771,1.3754066025068994,3,0.41844420594127807,2.877608343470076,0.14541388403005562,0.08,0.013621887742902346,0.001980811604516838,0.005700000000000001,0.011400000000000035,0.15971790467112135,1.0143040206410656,-0.007447826752575238,-0.008637378035850076,-0.008684810639870477,-0.0012369838872952395,0.16608655496283223,0.005491551235054076,0,0,-0.0010889648612995018,-0.0010830174156749213,0
14,1,2,4,0.546754377450771,1.3754066025068994,3,0.41844420594127807,2.877608343470076,0.14541388403005562,0.12,0.020432831614353518,0.0029712174067752562,0.00855,0.01709999999999995,0.15971790467112135,1.0143040206410656,-0.011171740128861785,-0.01295606705377387,-0.013063084258046587,-0.0018913441291848014,0.16929718265631533,0.008260006978085512,0,0,-0.0016379447206293918,-0.0016245261235122263,0
14,1,2,4,0.546754377450771,1.3754066025068994,3,0.41844420594127807,2.877608343470076,0.14541388403005562,0.16,0.027243775485804693,0.003961623209033676,0.011400000000000002,0.022799999999999973,0.15971790467112135,1.0143040206410656,-0.01489565350514934,-0.017274756071698837,-0.01746553415539509,-0.0025698806502457497,0.1725255390344141,0.011043749787518264,0,0,-0.002189955978058933,-0.0021660348313496777,0
14,1,2,4,0.546754377450771,1.3754066025068994,3,0.41844420594127807,2.877608343470076,0.14541388403005562,0.2,0.03405471935725587,0.004952029011292095,0.014250000000000002,0.028499999999999984,0.15971790467112135,1.0143040206410656,-0.018619566881437014,-0.021593445089623936,-0.021892361133900806,-0.003272794252463792,0.17577177134698235,0.013842906633759196,0,0,-0.002745023811607794,-0.0027075435391871465,0
14,1,2,4,0.546754377450771,1.3754066025068994,3,0.41844420594127807,2.877608343470076,0.14541388403005562,0.24000000000000002,0.04086566322870704,0.005942434813550514,0.017100000000000004,0.03420000000000001,0.15971790467112135,1.0143040206410656,-0.022343480257724598,-0.025912134107548935,-0.026343768225462583,-0.004000287967737985,0.1790360284788223,0.016657605896995595,0,0,-0.003303173678894211,-0.003249052247024602,0
14,1,2,4,0.546754377450771,1.3754066025068994,3,0.41844420594127807,2.877608343470076,0.14541388403005562,0.27999999999999997,0.047676607100158204,0.006932840615808931,0.01995,0.03990000000000002,0.15971790467112135,1.0143040206410656,-0.02606739363401226,-0.030230823125474024,-0.030819960722954676,-0.004752567088942415,0.18231846097345736,0.019487977387695227,0,0,-0.0038644313210376424,-0.003790560954862069,0
14,1,2,4,0.546754377450771,1.3754066025068994,3,0.41844420594127807,2.877608343470076,0.14541388403005562,0.32,0.054487550971609386,0.007923246418067352,0.022800000000000004,0.04560000000000004,0.15971790467112135,1.0143040206410656,-0.029791307010299816,-0.034549512143398985,-0.03532114621175708,-0.005529839201457266,0.18561922105483394,0.022334152365318573,0,0,-0.004428822766602281,-0.00433206966269952,0
14,1,2,4,0.546754377450771,1.3754066025068994,3,0.41844420594127807,2.877608343470076,0.14541388403005562,0.36,0.061298494843060554,0.008913652220325769,0.025650000000000003,0.05129999999999996,0.15971790467112135,1.0143040206410656,-0.03351522038658637,-0.03886820116132279,-0.039847534601873846,-0.006332314215287474,0.1889384626520858,0.02519626355967237,0,0,-0.004996374335640041,-0.004873578370536827,0
14,1,2,4,0.546754377450771,1.3754066025068994,3,0.41844420594127807,2.877608343470076,0.14541388403005562,0.39999999999999997,0.06810943871451172,0.009904058022584188,0.0285,0.05699999999999997,0.15971790467112135,1.0143040206410656,-0.03723913376287403,-0.04318689017924787,-0.0443993381605452,-0.00716020439767117,0.19227634142257133,0.028074445190775302,0,0,-0.005567112643756644,-0.005415087078374293,0
14,1,2,4,0.546754377450771,1.3754066025068994,3,0.41844420594127807,2.877608343470076,0.14541388403005562,0.44,0.0749203825859629,0.010894463824842607,0.03135,0.06269999999999999,0.15971790467112135,1.0143040206410656,-0.040963047139161615,-0.047505579197172874,-0.048976771545437,-0.008013724406275388,0.19563301477672748,0.030968832990287628,0,0,-0.006141064606302038,-0.005956595786211749,0
14,1,2,4,0.546754377450771,1.3754066025068994,3,0.41844420594127807,2.877608343470076,0.14541388403005562,0.48,0.08173132645741407,0.011884869627101025,0.0342,0.06840000000000002,0.15971790467112135,1.0143040206410656,-0.044686960515449195,-0.05182426821509787,-0.05358005183838621,-0.008893091322937016,0.19900864190265286,0.033879564222709706,0,0,-0.0067182574425803665,-0.006498104494049204,0
14,1,2,4,0.546754377450771,1.3754066025068994,3,0.41844420594127807,2.877608343470076,0.14541388403005562,0.52,0.08854227032886525,0.012875275429359446,0.03705000000000001,0.07410000000000003,0.15971790467112135,1.0143040206410656,-0.048410873891736886,-0.05614295723302299,-0.05820939857971297,-0.009798524687976082,0.2024033837911892,0.03680677770700877,0,0,-0.0072987186801487525,-0.007039613201886675,0
14,1,2,4,0.546754377450771,1.3754066025068994,3,0.41844420594127807,2.877608343470076,0.14541388403005562,0.56,0.09535321420031642,0.013865681231617865,0.039900000000000005,0.07980000000000005,0.15971790467112135,1.0143040206410656,-0.05213478726802441,-0.060461646250947916,-0.06286503380313313,-0.01073024653510872,0.20581740326175366,0.03975061383889351,0,0,-0.00788247615921911,-0.007581121909724122,0
14,1,2,4,0.546754377450771,1.3754066025068994,3,0.41844420594127807,2.877608343470076,0.14541388403005562,0.6000000000000001,0.10216415807176761,0.014856087033876286,0.04275000000000001,0.08549999999999996,0.15971790467112135,1.0143040206410656,-0.05585870064431094,-0.0647803352688717,-0.067547182071241,-0.011688481426930054,0.20925086498804005,0.04271121461297572,0,0,-0.008469558037090152,-0.008122630617561424,0
14,1,2,4,0.546754377450771,1.3754066025068994,3,0.41844420594127807,2.877608343470076,0.14541388403005562,0.64,0.10897510194321877,0.015846492836134703,0.04560000000000001,0.09119999999999998,0.15971790467112135,1.0143040206410656,-0.059582614020598626,-0.0690990242867968,-0.07225607051163863,-0.01267345649104,0.2127039355248595,0.04568872364591492,0,0,-0.009059992792662896,-0.008664139325398895,0
14,1,2,4,0.546754377450771,1.3754066025068994,3,0.41844420594127807,2.877608343470076,0.14541388403005562,0.68,0.11578604581466995,0.016836898638393123,0.04845000000000001,0.0969,0.15971790467112135,1.0143040206410656,-0.0633065273968862,-0.0734177133047218,-0.0769919288536407,-0.013685401456754495,0.21617678333478807,0.04868328619939501,0,0,-0.00965380923108583,-0.00920564803323635,0
14,1,2,4,0.546754377450771,1.3754066025068994,3,0.41844420594127807,2.877608343470076,0.14541388403005562,0.7200000000000001,0.12259698968612112,0.01782730444065154,0.05130000000000001,0.10260000000000002,0.15971790467112135,1.0143040206410656,-0.06703044077317374,-0.07773640232264675,-0.0817549894656402,-0.01472454869246645,0.21966957881559032,0.051695049203772006,0,0,-0.010251036488396537,-0.009747156741073798,0
14,1,2,4,0.546754377450771,1.3754066025068994,3,0.41844420594127807,2.877608343470076,0.14541388403005562,0.76,0.12940793355757227,0.018817710242909957,0.054150000000000004,0.10830000000000004,0.15971790467112135,1.0143040206410656,-0.07075435414946148,-0.08205509134057191,-0.0865454873931295,-0.01579113324366803,0.22318249432834683,0.05472416128232773,0,0,-0.010851704036312526,-0.010288665448911275,0
14,1,2,4,0.546754377450771,1.3754066025068994,3,0.41844420594127807,2.877608343470076,0.14541388403005562,0.8,0.13621887742902347,0.01980811604516838,0.05700000000000001,0.11400000000000005,0.15971790467112135,1.0143040206410656,-0.07447826752574911,-0.08637378035849698,-0.09136366039734511,-0.016885392871596003,0.22671570422550813,0.05777077277545903,0,0,-0.01145584168707181,-0.010830174156748739,0
14,1,2,4,0.546754377450771,1.3754066025068994,3,0.41844420594127807,2.877608343470076,0.14541388403005562,0.8400000000000001,0.14302982130047465,0.0207985218474268,0.059850000000000014,0.11970000000000008,0.15971790467112135,1.0143040206410656,-0.07820218090203654,-0.0906924693764218,-0.09620974899461032,-0.018007568092573784,0.2302693848798382,0.06083503576563667,0,0,-0.012063479598365845,-0.011371682864586171,0
14,1,2,4,0.546754377450771,1.3754066025068994,3,0.41844420594127807,2.877608343470076,0.14541388403005562,0.88,0.1498407651719258,0.021788927649685215,0.0627,0.12539999999999998,0.15971790467112135,1.0143040206410656,-0.08192609427832323,-0.09501115839434575,-0.10108399649635658,-0.019157902218033346,0.2338437147137664,0.0639171041027138,0,0,-0.012674648278350631,-0.011913191572423498,0
14,1,2,4,0.546754377450771,1.3754066025068994,3,0.41844420594127807,2.877608343470076,0.14541388403005562,0.92,0.156651709043377,0.022779333451943634,0.06555000000000001,0.1311,0.15971790467112135,1.0143040206410656,-0.08565000765461096,-0.09932984741227092,-0.10598664904986776,-0.020336641395256802,0.23743887422947568,0.06701713342987052,0,0,-0.013289378590767953,-0.012454700280260975,0
14,1,2,4,0.546754377450771,1.3754066025068994,3,0.41844420594127807,2.877608343470076,0.14541388403005562,0.9600000000000001,0.16346265291482817,0.023769739254202057,0.06840000000000002,0.13680000000000003,0.15971790467112135,1.0143040206410656,-0.08937392103089839,-0.10364853643019574,-0.11091795567966756,-0.021544034648769167,0.24105504603877628,0.07013528120937394,0,0,-0.013907701760128788,-0.012996208988098407,0
14,1,2,4,0.546754377450771,1.3754066025068994,3,0.41844420594127807,2.877608343470076,0.14541388403005562,1.0,0.17027359678627932,0.024760145056460472,0.07125000000000001,0.14250000000000004,0.15971790467112135,1.0143040206410656,-0.09309783440718603,-0.10796722544812079,-0.11587816832973097,-0.022780333922544943,0.24469241489452495,0.07327170674966967,0,0,-0.014529649377008624,-0.013537717695935871,0
15,1,3,0,0.2763646595512963,0.5230585123691611,3,0.5561713671976647,0.548096051394233,1.0147333953289572,0.04,0.00512431989147529,0.005199818522228434,0.0028500000000000005,0.0057000000000000245,0.16695808094944395,0.15222468562048674,-0.0014161809222396008,-0.0016526237712939384,-0.0016574301745588826,-0.0002412492523192818,0.17035199989685026,0.0029083469259195012,0,0,-0.0014412255041600375,-0.0014370460756242842,0
15,1,3,0,0.2763646595512963,0.5230585123691611,3,0.5561713671976647,0.548096051394233,1.0147333953289572,0.08,0.01024863978295058,0.010399637044456869,0.005700000000000001,0.011400000000000035,0.16695808094944395,0.15222468562048674,-0.002832361844479294,-0.0033052475425879844,-0.0033245292334909138,-0.0004921673890116197,0.17376571781283143,0.005833660158425521,0,0,-0.0028908586281239934,-0.002874092151248662,0
15,1,3,0,0.2763646595512963,0.5230585123691611,3,0.5561713671976647,0.548096051394233,1.0147333953289572,0.12,0.015372959674425866,0.0155994555666853,0.00855,0.01709999999999995,0.16695808094944395,0.15222468562048674,-0.00424854276671813,-0.0049578713138810305,-0.005001382031787571,-0.0007528392650694412,0.1771994084576408,0.00877608859768497,0,0,-0.004348973157907388,-0.00431113822687217,0
15,1,3,0,0.2763646595512963,0.5230585123691611,3,0.5561713671976647,0.548096051394233,1.0147333953289572,0.16,0.02049727956590116,0.020799274088913737,0.011400000000000002,0.022799999999999973,0.16695808094944395,0.15222468562048674,-0.005664723688957731,-0.006610495085174969,-0.00668807442026953,-0.0010233507313117986,0.18065324762558505,0.011735782886904238,0,0,-0.005815643745464172,-0.005748184302496454,0
15,1,3,0,0.2763646595512963,0.5230585123691611,3,0.5561713671976647,0.548096051394233,1.0147333953289572,0.2,0.025621599457376448,0.02599909261114217,0.014250000000000002,0.028499999999999984,0.16695808094944395,0.15222468562048674,-0.007080904611197424,-0.008263118856469015,-0.008384693260257592,-0.0013037886490601678,0.18412741318367926,0.014712895445452605,0,0,-0.007290945921425873,-0.007185230378120832,0
15,1,3,0,0.2763646595512963,0.5230585123691611,3,0.5561713671976647,0.548096051394233,1.0147333953289572,0.24000000000000002,0.03074591934885174,0.031198911133370606,0.017100000000000004,0.03420000000000001,0.16695808094944395,0.15222468562048674,-0.008497085533437025,-0.009915742627762953,-0.010091326438468329,-0.0015942409050313036,0.18762208509703465,0.017707580490619167,0,0,-0.00877495610806367,-0.008622276453745116,0
15,1,3,0,0.2763646595512963,0.5230585123691611,3,0.5561713671976647,0.548096051394233,1.0147333953289572,0.27999999999999997,0.03587023924032702,0.03639872965559903,0.01995,0.03990000000000002,0.16695808094944395,0.15222468562048674,-0.009913266455676691,-0.011568366399056968,-0.011808062882201042,-0.0018947964265243512,0.19113744546221925,0.02071999406619884,0,0,-0.01026775163248761,-0.010059322529369467,0
15,1,3,0,0.2763646595512963,0.5230585123691611,3,0.5561713671976647,0.548096051394233,1.0147333953289572,0.32,0.04099455913180232,0.041598548177827474,0.022800000000000004,0.04560000000000004,0.16695808094944395,0.15222468562048674,-0.011329447377916331,-0.013220990170350952,-0.01353499257477786,-0.0022055451968615285,0.19467367853798745,0.023750294068827102,0,0,-0.01176941074008564,-0.011496368604993791,0
15,1,3,0,0.2763646595512963,0.5230585123691611,3,0.5561713671976647,0.548096051394233,1.0147333953289572,0.36,0.046118879023277604,0.0467983667000559,0.025650000000000003,0.05129999999999996,0.16695808094944395,0.15222468562048674,-0.012745628300155154,-0.014873613941643982,-0.015272206571268043,-0.002526578271112889,0.19823097077781035,0.02679864027585514,0,0,-0.013280012608181124,-0.012933414680617285,0
15,1,3,0,0.2763646595512963,0.5230585123691611,3,0.5561713671976647,0.548096051394233,1.0147333953289572,0.39999999999999997,0.05124319891475289,0.05199818522228433,0.0285,0.05699999999999997,0.16695808094944395,0.15222468562048674,-0.014161809222394848,-0.01652623771293803,-0.017019797014493854,-0.0028579877920990055,0.20180951086246185,0.029865194373273854,0,0,-0.014799637359958595,-0.014370460756241665,0
15,1,3,0,0.2763646595512963,0.5230585123691611,3,0.5561713671976647,0.548096051394233,1.0147333953289572,0.44,0.05636751880622818,0.05719800374451277,0.03135,0.06269999999999999,0.16695808094944395,0.15222468562048674,-0.015577990144634436,-0.018178861484231954,-0.01877785715131708,-0.0031998670066826426,0.2054094897334866,0.03295011998439417,0,0,-0.01632836607862842,-0.015807506831865936,0
15,1,3,0,0.2763646595512963,0.5230585123691611,3,0.5561713671976647,0.548096051394233,1.0147333953289572,0.48,0.061491838697703465,0.0623978222667412,0.0342,0.06840000000000002,0.16695808094944395,0.15222468562048674,-0.01699417106687405,-0.019831485255525905,-0.02054648134922843,-0.003552310282354379,0.20903110062712812,0.03605358269892041,0,0,-0.017866280821844605,-0.017244552907490232,0
15,1,3,0,0.2763646595512963,0.5230585123691611,3,0.5561713671976647,0.548096051394233,1.0147333953289572,0.52,0.06661615858917877,0.06759764078896964,0.03705000000000001,0.07410000000000003,0.16695808094944395,0.15222468562048674,-0.018410351989113744,-0.021484109026819954,-0.022325765113233587,-0.003915413124119842,0.21267453910903344,0.039175750102689436,0,0,-0.019413464636393485,-0.01868159898311461,0
15,1,3,0,0.2763646595512963,0.5230585123691611,3,0.5561713671976647,0.548096051394233,1.0147333953289572,0.56,0.07174047848065405,0.07279745931119808,0.039900000000000005,0.07980000000000005,0.16695808094944395,0.15222468562048674,-0.01982653291135333,-0.023136732798113874,-0.024115805103039456,-0.0042892721916861255,0.21634000310916418,0.0423167918075882,0,0,-0.02097000157313822,-0.02011864505873888,0
15,1,3,0,0.2763646595512963,0.5230585123691611,3,0.5561713671976647,0.548096051394233,1.0147333953289572,0.6000000000000001,0.07686479837212935,0.07799727783342651,0.04275000000000001,0.08549999999999996,0.16695808094944395,0.15222468562048674,-0.02124271383359218,-0.024789356569406937,-0.02591669915056105,-0.00467398531696887,0.2200276929578395,0.0454768794824385,0,0,-0.022535976702238614,-0.021555691134362405,0
15,1,3,0,0.2763646595512963,0.5230585123691611,3,0.5561713671976647,0.548096051394233,1.0147333953289572,0.64,0.08198911826360464,0.08319709635565495,0.04560000000000001,0.09119999999999998,0.16695808094944395,0.15222468562048674,-0.02265889475583187,-0.02644198034070098,-0.027728546277753452,-0.00506965152192158,0.22373781142245563,0.048656186884464006,0,0,-0.024111476128657827,-0.022992737209986777,0
15,1,3,0,0.2763646595512963,0.5230585123691611,3,0.5561713671976647,0.548096051394233,1.0147333953289572,0.68,0.08711343815507992,0.08839691487788337,0.04845000000000001,0.0969,0.16695808094944395,0.15222468562048674,-0.024075075678071513,-0.028094604111994968,-0.029551446714739527,-0.005476371036668013,0.22747056374390126,0.05185488989049542,0,0,-0.025696587007933758,-0.024429783285611104,0
15,1,3,0,0.2763646595512963,0.5230585123691611,3,0.5561713671976647,0.548096051394233,1.0147333953289572,0.7200000000000001,0.09223775804655522,0.09359673340011182,0.05130000000000001,0.10260000000000002,0.16695808094944395,0.15222468562048674,-0.0254912566003111,-0.029747227883288888,-0.031385501918322234,-0.005894245318011134,0.23122615767553803,0.05507316653037375,0,0,-0.02729139756225507,-0.025866829361235372,0
15,1,3,0,0.2763646595512963,0.5230585123691611,3,0.5561713671976647,0.548096051394233,1.0147333953289572,0.76,0.09736207793803049,0.09879655192234024,0.054150000000000004,0.10830000000000004,0.16695808094944395,0.15222468562048674,-0.02690743752255074,-0.031399851654582873,-0.033230814590780255,-0.006323377068229514,0.23500480352058725,0.05831119701898812,0,0,-0.028895997096835657,-0.0273038754368597,0
15,1,3,0,0.2763646595512963,0.5230585123691611,3,0.5561713671976647,0.548096051394233,1.0147333953289572,0.8,0.10248639782950579,0.10399637044456868,0.05700000000000001,0.11400000000000005,0.16695808094944395,0.15222468562048674,-0.028323618444790435,-0.03305247542587692,-0.03508748869905354,-0.006763870254263102,0.23880671417204397,0.06156916379047952,0,0,-0.03051047601657242,-0.02874092151248408,0
15,1,3,0,0.2763646595512963,0.5230585123691611,3,0.5561713671976647,0.548096051394233,1.0147333953289572,0.8400000000000001,0.10761071772098109,0.10919618896679713,0.059850000000000014,0.11970000000000008,0.16695808094944395,0.15222468562048674,-0.02973979936702997,-0.03470509919717078,-0.03695562949427078,-0.007215830127240811,0.24263210515267963,0.06484725153252018,0,0,-0.032134925843029016,-0.030177967588108295,0
15,1,3,0,0.2763646595512963,0.5230585123691611,3,0.5561713671976647,0.548096051394233,1.0147333953289572,0.88,0.11273503761245636,0.11439600748902554,0.0627,0.12539999999999998,0.16695808094944395,0.15222468562048674,-0.031155980289268873,-0.03635772296846391,-0.038835343531632205,-0.007679363242363332,0.24648119465553628,0.06814564722101392,0,0,-0.033769439231742915,-0.03161501366373187,0
15,1,3,0,0.2763646595512963,0.5230585123691611,3,0.5561713671976647,0.548096051394233,1.0147333953289572,0.92,0.11785935750393166,0.11959582601125399,0.06555000000000001,0.1311,0.16695808094944395,0.15222468562048674,-0.03257216121150862,-0.03801034673975801,-0.04072673869067511,-0.008154577479166494,0.2503542035855227,0.07146454015574166,0,0,-0.035414109989825526,-0.0330520597393563,0
15,1,3,0,0.2763646595512963,0.5230585123691611,3,0.5561713671976647,0.548096051394233,1.0147333953289572,0.9600000000000001,0.12298367739540696,0.12479564453348242,0.06840000000000002,0.13680000000000003,0.16695808094944395,0.15222468562048674,-0.0339883421337481,-0.03966297051105181,-0.042629924195901836,-0.008641582062153735,0.2542513556015206,0.07480412199644261,0,0,-0.03706903309390608,-0.034489105814980464,0
15,1,3,0,0.2763646595512963,0.5230585123691611,3,0.5561713671976647,0.548096051394233,1.0147333953289572,1.0,0.12810799728688224,0.12999546305571083,0.07125000000000001,0.14250000000000004,0.16695808094944395,0.15222468562048674,-0.03540452305598785,-0.04131559428234592,-0.04454501063781713,-0.009140487581829282,0.25817287715964254,0.07816458679988371,0,0,-0.03873430470843786,-0.0359261518906049,0
16,1,3,1,0.6012412949363952,1.226369003861504,2,0.5160645544892873,0.5807183484393178,0.8886658323716002,0.04,0.005522564910160211,0.004907714742713716,0.0028500000000000005,0.005700000000000011,0.08935704080558154,0.20069120843398128,-0.003320394077955026,-0.0036170946670694643,-0.0036178681220118136,-0.00029747404405678756,0.08958998151207304,0.0002138332041433638,0,0,-0.0029513517291634983,-0.002950720767087635,0
16,1,3,1,0.6012412949363952,1.226369003861504,2,0.5160645544892873,0.5807183484393178,0.8886658323716002,0.08,0.011045129820320422,0.009815429485427431,0.005700000000000001,0.011399999999999993,0.08935704080558154,0.20069120843398128,-0.006640788155910038,-0.007234189334138914,-0.007237283815612727,-0.000596495659702689,0.08982302186101683,0.00042775787733537006,0,0,-0.005903965922276377,-0.005901441534175258,0
16,1,3,1,0.6012412949363952,1.226369003861504,2,0.5160645544892873,0.5807183484393178,0.8886658323716002,0.12,0.01656769473048063,0.014723144228141145,0.00855,0.017100000000000004,0.08935704080558154,0.20069120843398128,-0.009961182233865074,-0.010851284001208389,-0.0108582480739976,-0.0008970658401325268,0.09005616191648097,0.0006417740783889329,0,0,-0.00885784338955986,-0.008852162301262902,0
16,1,3,1,0.6012412949363952,1.226369003861504,2,0.5160645544892873,0.5807183484393178,0.8886658323716002,0.16,0.022090259640640843,0.019630858970854863,0.011400000000000002,0.022800000000000015,0.08935704080558154,0.20069120843398128,-0.01328157631182009,-0.014468378668277843,-0.014480761891199734,-0.0011991855793796434,0.09028940174160009,0.0008558818652597838,0,0,-0.011812984941921734,-0.011802883068350528,0
16,1,3,1,0.6012412949363952,1.226369003861504,2,0.5160645544892873,0.5807183484393178,0.8886658323716002,0.2,0.027612824550801055,0.024538573713568577,0.014250000000000002,0.028499999999999998,0.08935704080558154,0.20069120843398128,-0.016601970389775105,-0.018085473335347296,-0.018104826262115736,-0.0015028558723406311,0.0905227414009976,0.0010700812972705307,0,0,-0.014769391390963449,-0.014753603835438155,0
16,1,3,1,0.6012412949363952,1.226369003861504,2,0.5160645544892873,0.5807183484393178,0.8886658323716002,0.24000000000000002,0.03313538946096127,0.029446288456282298,0.017100000000000004,0.03420000000000001,0.08935704080558154,0.20069120843398128,-0.019922364467730148,-0.021702568002416777,-0.021730442182493093,-0.001808077714762945,0.0907561809589235,0.0012843724334010416,0,0,-0.01772706354898812,-0.017704324602525804,0
16,1,3,1,0.6012412949363952,1.226369003861504,2,0.5160645544892873,0.5807183484393178,0.8886658323716002,0.27999999999999997,0.03865795437112147,0.034354003198996,0.01995,0.03989999999999999,0.08935704080558154,0.20069120843398128,-0.023242758545685138,-0.025319662669486202,-0.02535761064892128,-0.0021148521032361423,0.09098972047914469,0.0014987553321873786,0,0,-0.0206860022289872,-0.02065504536961341,0
16,1,3,1,0.6012412949363952,1.226369003861504,2,0.5160645544892873,0.5807183484393178,0.8886658323716002,0.32,0.04418051928128169,0.039261717941709726,0.022800000000000004,0.0456,0.08935704080558154,0.20069120843398128,-0.02656315262364018,-0.028936757336555687,-0.028986332658860192,-0.0024231800352200114,0.09122336002630481,0.0017132300529706318,0,0,-0.023646208244654687,-0.023605766136701057,0
16,1,3,1,0.6012412949363952,1.226369003861504,2,0.5160645544892873,0.5807183484393178,0.8886658323716002,0.36,0.0497030841914419,0.044169432684423436,0.025650000000000003,0.05130000000000001,0.08935704080558154,0.20069120843398128,-0.029883546701595223,-0.03255385200362517,-0.03261660921060816,-0.0027330625090129373,0.09145709966437962,0.0019277966544789008,0,0,-0.026607682410383582,-0.026556486903788708,0
16,1,3,1,0.6012412949363952,1.226369003861504,2,0.5160645544892873,0.5807183484393178,0.8886658323716002,0.39999999999999997,0.0552256491016021,0.049077147427137154,0.0285,0.056999999999999995,0.08935704080558154,0.20069120843398128,-0.03320394077955021,-0.03617094667069459,-0.03624844130332683,-0.003044500523776618,0.09169093945775492,0.0021424551958166243,0,0,-0.029570425541248113,-0.02950720767087631,0
16,1,3,1,0.6012412949363952,1.226369003861504,2,0.5160645544892873,0.5807183484393178,0.8886658323716002,0.44,0.060748214011762315,0.05398486216985087,0.03135,0.0627,0.08935704080558154,0.20069120843398128,-0.03652433485750525,-0.03978804133776407,-0.039881829937037594,-0.003357495079532341,0.09192487947093776,0.0023572057361995946,0,0,-0.032534438453042824,-0.03245792843796396,0
16,1,3,1,0.6012412949363952,1.226369003861504,2,0.5160645544892873,0.5807183484393178,0.8886658323716002,0.48,0.06627077892192253,0.05889257691256458,0.0342,0.06840000000000002,0.08935704080558154,0.20069120843398128,-0.03984472893546025,-0.0434051360048335,-0.043516776112610955,-0.0036720471771507085,0.09215891976824896,0.0025720483346723015,0,0,-0.03549972196224882,-0.035408649205051566,0
16,1,3,1,0.6012412949363952,1.226369003861504,2,0.5160645544892873,0.5807183484393178,0.8886658323716002,0.52,0.07179334383208275,0.0638002916552783,0.03705000000000001,0.0741,0.08935704080558154,0.20069120843398128,-0.043165123013415366,-0.047022230671903066,-0.047153280831782496,-0.00398815781836713,0.09239306041425258,0.0027869830505028643,0,0,-0.038466276886054196,-0.03835936997213928,0
16,1,3,1,0.6012412949363952,1.226369003861504,2,0.5160645544892873,0.5807183484393178,0.8886658323716002,0.56,0.07731590874224295,0.06870800639799202,0.039900000000000005,0.07980000000000001,0.08935704080558154,0.20069120843398128,-0.04648551709137033,-0.05063932533897247,-0.05079134509713157,-0.004305828005761236,0.09262730147322765,0.0030020099426977457,0,0,-0.041434104042363806,-0.04131009073922687,0
16,1,3,1,0.6012412949363952,1.226369003861504,2,0.5160645544892873,0.5807183484393178,0.8886658323716002,0.6000000000000001,0.08283847365240317,0.07361572114070575,0.04275000000000001,0.08550000000000002,0.08935704080558154,0.20069120843398128,-0.04980591116932535,-0.05425642000604192,-0.05443096991213281,-0.004625058742807463,0.09286164301027709,0.0032171290710197096,0,0,-0.04440320424972288,-0.04426081150631449,0
16,1,3,1,0.6012412949363952,1.226369003861504,2,0.5160645544892873,0.5807183484393178,0.8886658323716002,0.64,0.08836103856256337,0.07852343588341945,0.04560000000000001,0.0912,0.08935704080558154,0.20069120843398128,-0.05312630524728042,-0.05787351467311143,-0.05807215628108864,-0.004945851033808221,0.09309608508981346,0.0034323404945976158,0,0,-0.047373578327437826,-0.04721153227340216,0
16,1,3,1,0.6012412949363952,1.226369003861504,2,0.5160645544892873,0.5807183484393178,0.8886658323716002,0.68,0.09388360347272358,0.08343115062613317,0.04845000000000001,0.09690000000000001,0.08935704080558154,0.20069120843398128,-0.05644669932523543,-0.061490609340180885,-0.06171490520917544,-0.0052682058839400095,0.0933306277765788,0.0036476442728628263,0,0,-0.05034522709550693,-0.05016225304048979,0
16,1,3,1,0.6012412949363952,1.226369003861504,2,0.5160645544892873,0.5807183484393178,0.8886658323716002,0.7200000000000001,0.09940616838288381,0.08833886536884689,0.05130000000000001,0.10260000000000002,0.08935704080558154,0.20069120843398128,-0.05976709340319045,-0.06510770400725034,-0.06535921770242759,-0.005592124299237139,0.09356527113528033,0.0038630404652149246,0,0,-0.05331815137462215,-0.053112973807577415,0
16,1,3,1,0.6012412949363952,1.226369003861504,2,0.5160645544892873,0.5807183484393178,0.8886658323716002,0.76,0.104928733293044,0.09324658011156059,0.054150000000000004,0.10830000000000001,0.08935704080558154,0.20069120843398128,-0.06308748748114541,-0.06872479867431973,-0.06900509476775163,-0.005917607286606216,0.09380001523082968,0.0040785291312412115,0,0,-0.05629235198618865,-0.056063694574665,0
16,1,3,1,0.6012412949363952,1.226369003861504,2,0.5160645544892873,0.5807183484393178,0.8886658323716002,0.8,0.11045129820320422,0.09815429485427431,0.05700000000000001,0.114,0.08935704080558154,0.20069120843398128,-0.06640788155910053,-0.0723418933413893,-0.07265253741291389,-0.006244655853813355,0.09403486012809857,0.004294110330491729,0,0,-0.05926782975231504,-0.05901441534175272,0
16,1,3,1,0.6012412949363952,1.226369003861504,2,0.5160645544892873,0.5807183484393178,0.8886658323716002,0.8400000000000001,0.11597386311336444,0.10306200959698804,0.059850000000000014,0.11970000000000003,0.08935704080558154,0.20069120843398128,-0.06972827563705544,-0.07595898800845864,-0.0763015466465422,-0.006573271009486764,0.09426980589196665,0.004509784122524358,0,0,-0.06224458549580625,-0.061965136108840246,0
16,1,3,1,0.6012412949363952,1.226369003861504,2,0.5160645544892873,0.5807183484393178,0.8886658323716002,0.88,0.12149642802352463,0.10796972433970174,0.0627,0.1254,0.08935704080558154,0.20069120843398128,-0.0730486697150105,-0.07957608267552814,-0.07995212347814018,-0.006903453763129674,0.09450485258749494,0.004725550567063581,0,0,-0.06522262004018842,-0.06491585687592792,0
16,1,3,1,0.6012412949363952,1.226369003861504,2,0.5160645544892873,0.5807183484393178,0.8886658323716002,0.92,0.12701899293368485,0.11287743908241546,0.06555000000000001,0.1311,0.08935704080558154,0.20069120843398128,-0.07636906379296564,-0.08319317734259772,-0.08360426891807471,-0.0072352051251090704,0.09474000027974032,0.0049414097238295405,0,0,-0.0682019342096929,-0.06786657764301565,0
16,1,3,1,0.6012412949363952,1.226369003861504,2,0.5160645544892873,0.5807183484393178,0.8886658323716002,0.9600000000000001,0.13254155784384508,0.11778515382512919,0.06840000000000002,0.13680000000000003,0.08935704080558154,0.20069120843398128,-0.07968945787092059,-0.08681027200966711,-0.08725798397758133,-0.007568526106660742,0.09497524903381939,0.005157361652597605,0,0,-0.07118252882924914,-0.07081729841010322,0
16,1,3,1,0.6012412949363952,1.226369003861504,2,0.5160645544892873,0.5807183484393178,0.8886658323716002,1.0,0.13806412275400526,0.12269286856784288,0.07125000000000001,0.14250000000000002,0.08935704080558154,0.20069120843398128,-0.08300985194887556,-0.09042736667673651,-0.0909132696687589,-0.007903417719883343,0.09521059891482438,0.005373406413120679,0,0,-0.07416440472450248,-0.0737680191771908,0
17,1,3,2,0.01463783041921296,2.12610203522585,3,0.007247179246927903,0.006798303968638811,1.0660275386860891,0.04,0.3932564523235882,0.419222207942938,0.0028500000000000005,0.005700000000000011,0.07741432638076413,0.011386787694675006,-0.005756421260373999,-0.006202050734609761,-0.006204566548145607,-0.00044814528777160825,0.07785137110387434,0.0004056422050543633,0,0,-0.006138992812683597,-0.006136503587836769,0
17,1,3,2,0.01463783041921296,2.12610203522585,3,0.007247179246927903,0.006798303968638811,1.0660275386860891,0.08,0.7865129046471764,0.838444415885876,0.005700000000000001,0.011399999999999993,0.07741432638076413,0.011386787694675006,-0.011512842520747971,-0.012404101469219494,-0.01241416880710311,-0.0009013262863551384,0.07828877053870972,0.0008116136351026972,0,0,-0.012282968115640003,-0.01227300717567351,0
17,1,3,2,0.01463783041921296,2.12610203522585,3,0.007247179246927903,0.006798303968638811,1.0660275386860891,0.12,1.1797693569707643,1.257666623828814,0.00855,0.017100000000000004,0.07741432638076413,0.011386787694675006,-0.017269263781121966,-0.01860615220382925,-0.018348957956364487,-0.001079694175242521,0.0625211467568639,0.013823075542283843,1,1,-0.018192603771087335,-0.018409510763510273,1
17,1,3,2,0.01463783041921296,2.12610203522585,3,0.007247179246927903,0.006798303968638811,1.0660275386860891,0.16,1.5730258092943528,1.676888831771752,0.011400000000000002,0.022800000000000015,0.07741432638076413,0.011386787694675006,-0.023025685041495967,-0.024808202938439012,-0.024110946909859265,-0.0010852618683632985,0.047132663649636614,0.02810586604398438,1,1,-0.023954592724582113,-0.024546014351347047,1
17,1,3,2,0.01463783041921296,2.12610203522585,3,0.007247179246927903,0.006798303968638811,1.0660275386860891,0.2,1.9662822616179407,2.0961110397146903,0.014250000000000002,0.028499999999999998,0.07741432638076413,0.011386787694675006,-0.02878210630186995,-0.031010253673048757,-0.029872935863354044,-0.0010908295614840934,0.03789957378530087,0.03667554034500415,1,1,-0.029716581678076892,-0.0306825179391838,1
17,1,3,2,0.01463783041921296,2.12610203522585,3,0.007247179246927903,0.006798303968638811,1.0660275386860891,0.24000000000000002,2.359538713941529,2.5153332476576282,0.017100000000000004,0.03420000000000001,0.07741432638076413,0.011386787694675006,-0.03453852756224393,-0.0372123044076585,-0.0356349248168506,-0.001096397254606668,0.031744180542461906,0.04238865654563618,1,1,-0.03547857063157345,-0.036819021527020546,1
17,1,3,2,0.01463783041921296,2.12610203522585,3,0.007247179246927903,0.006798303968638811,1.0660275386860891,0.27999999999999997,2.7527951662651167,2.9345554556005657,0.01995,0.03989999999999999,0.07741432638076413,0.011386787694675006,-0.0402949488226179,-0.04341435514226823,-0.04139691377034538,-0.0011019649477274768,0.027347471083247397,0.046469453831842526,1,1,-0.041240559585068226,-0.042955525114857285,1
17,1,3,2,0.01463783041921296,2.12610203522585,3,0.007247179246927903,0.006798303968638811,1.0660275386860891,0.32,3.1460516185887055,3.353777663543504,0.022800000000000004,0.0456,0.07741432638076413,0.011386787694675006,-0.046051370082991934,-0.049616405876878024,-0.04715890272384193,-0.0011075326408499994,0.024049938988873695,0.04953005179646282,1,1,-0.04700254853856478,-0.04909202870269409,1
17,1,3,2,0.01463783041921296,2.12610203522585,3,0.007247179246927903,0.006798303968638811,1.0660275386860891,0.36,3.5393080709122935,3.772999871486442,0.025650000000000003,0.05130000000000001,0.07741432638076413,0.011386787694675006,-0.05180779134336592,-0.05581845661148777,-0.05292089167733671,-0.0011131003339707943,0.021485191804327494,0.05191051688008737,1,1,-0.05276453749205956,-0.055228532290530846,1
17,1,3,2,0.01463783041921296,2.12610203522585,3,0.007247179246927903,0.006798303968638811,1.0660275386860891,0.39999999999999997,3.932564523235881,4.19222207942938,0.0285,0.056999999999999995,0.07741432638076413,0.011386787694675006,-0.0575642126037399,-0.062020507346097514,-0.05868288063083149,-0.0011186680270915891,0.01943339405669053,0.053814888946986904,1,1,-0.05852652644555434,-0.0613650358783676,1
17,1,3,2,0.01463783041921296,2.12610203522585,3,0.007247179246927903,0.006798303968638811,1.0660275386860891,0.44,4.32582097555947,4.611444287372318,0.03135,0.0627,0.07741432638076413,0.011386787694675006,-0.0633206338641139,-0.06822255808070728,-0.06444486958432805,-0.0011242357202141395,0.01775465044501528,0.055373011547151685,1,1,-0.0642885153990509,-0.06750153946620437,1
17,1,3,2,0.01463783041921296,2.12610203522585,3,0.007247179246927903,0.006798303968638811,1.0660275386860891,0.48,4.719077427883057,5.030666495315256,0.0342,0.06840000000000002,0.07741432638076413,0.011386787694675006,-0.06907705512448781,-0.07442460881531694,-0.07020685853782282,-0.0011298034133350177,0.01635569743526172,0.05667144704731164,1,1,-0.07005050435254567,-0.07363804305404104,1
17,1,3,2,0.01463783041921296,2.12610203522585,3,0.007247179246927903,0.006798303968638811,1.0660275386860891,0.52,5.112333880206647,5.449888703258194,0.03705000000000001,0.0741,0.07741432638076413,0.011386787694675006,-0.0748334763848619,-0.0806266595499268,-0.07596884749131938,-0.0011353711064574779,0.015171967965491345,0.05777012323973492,1,1,-0.07581249330604223,-0.07977454664187791,1
17,1,3,2,0.01463783041921296,2.12610203522585,3,0.007247179246927903,0.006798303968638811,1.0660275386860891,0.56,5.505590332530234,5.869110911201132,0.039900000000000005,0.07980000000000001,0.07741432638076413,0.011386787694675006,-0.08058989764523586,-0.08682871028453652,-0.08173083644481416,-0.0011409387995783005,0.014157342705667875,0.058711845690402394,1,1,-0.081574482259537,-0.08591105022971464,1
17,1,3,2,0.01463783041921296,2.12610203522585,3,0.007247179246927903,0.006798303968638811,1.0660275386860891,0.6000000000000001,5.898846784853823,6.288333119144071,0.04275000000000001,0.08550000000000002,0.07741432638076413,0.011386787694675006,-0.08634631890560987,-0.09303076101914629,-0.08749282539830894,-0.0011465064926990676,0.013278000813820214,0.059528005147647965,1,1,-0.08733647121303179,-0.09204755381755142,1
17,1,3,2,0.01463783041921296,2.12610203522585,3,0.007247179246927903,0.006798303968638811,1.0660275386860891,0.64,6.292103237177411,6.707555327087008,0.04560000000000001,0.0912,0.07741432638076413,0.011386787694675006,-0.09210274016598392,-0.09923281175375612,-0.09325481435180549,-0.0011520741858215694,0.01250857665847234,0.06024214467272059,1,1,-0.09309846016652834,-0.09818405740538824,1
17,1,3,2,0.01463783041921296,2.12610203522585,3,0.007247179246927903,0.006798303968638811,1.0660275386860891,0.68,6.685359689500999,7.126777535029946,0.04845000000000001,0.09690000000000001,0.07741432638076413,0.011386787694675006,-0.09785916142635782,-0.10543486248836577,-0.09901680330530027,-0.0011576418789424475,0.01182967299197235,0.060872267783094035,1,1,-0.09886044912002312,-0.10432056099322491,1
17,1,3,2,0.01463783041921296,2.12610203522585,3,0.007247179246927903,0.006798303968638811,1.0660275386860891,0.7200000000000001,7.078616141824588,7.545999742972885,0.05130000000000001,0.10260000000000002,0.07741432638076413,0.011386787694675006,-0.10361558268673184,-0.11163691322297555,-0.10477879225879505,-0.0011632095720632146,0.011226203066193496,0.06143237721453814,1,1,-0.1046224380735179,-0.11045706458106169,1
17,1,3,2,0.01463783041921296,2.12610203522585,3,0.007247179246927903,0.006798303968638811,1.0660275386860891,0.76,7.4718725941481745,7.965221950915822,0.054150000000000004,0.10830000000000001,0.07741432638076413,0.011386787694675006,-0.10937200394710579,-0.11783896395758525,-0.1105407812122916,-0.0011687772651858136,0.01068625629051338,0.06193352775844619,1,1,-0.11038442702701445,-0.11659356816889842,1
17,1,3,2,0.01463783041921296,2.12610203522585,3,0.007247179246927903,0.006798303968638811,1.0660275386860891,0.8,7.865129046471763,8.384444158858761,0.05700000000000001,0.114,0.07741432638076413,0.011386787694675006,-0.11512842520747991,-0.12404101469219515,-0.11630277016578638,-0.0011743449583064697,0.010200304192384387,0.062384563247979224,1,1,-0.11614641598050923,-0.12273007175673531,1
17,1,3,2,0.01463783041921296,2.12610203522585,3,0.007247179246927903,0.006798303968638811,1.0660275386860891,0.8400000000000001,8.258385498795352,8.8036663668017,0.059850000000000014,0.11970000000000003,0.07741432638076413,0.011386787694675006,-0.12088484646785382,-0.1302430654268048,-0.12206475911928294,-0.0011799126514291242,0.009760633246474705,0.06279264297658892,1,1,-0.12190840493400579,-0.12886657534457197,1
17,1,3,2,0.01463783041921296,2.12610203522585,3,0.007247179246927903,0.006798303968638811,1.0660275386860891,0.88,8.65164195111894,9.222888574744635,0.0627,0.1254,0.07741432638076413,0.011386787694675006,-0.1266412677282278,-0.13644511616141455,-0.1278267480727786,-0.0011854803445507933,0.009360932386549023,0.06316362454805945,1,1,-0.12767039388750145,-0.13500307893240873,1
17,1,3,2,0.01463783041921296,2.12610203522585,3,0.007247179246927903,0.006798303968638811,1.0660275386860891,0.92,9.044898403442527,9.642110782687574,0.06555000000000001,0.1311,0.07741432638076413,0.011386787694675006,-0.13239768898860182,-0.14264716689602433,-0.13358873702627516,-0.0011910480376733368,0.008995988123145221,0.06350234685243954,1,1,-0.133432382840998,-0.14113958252024553,1
17,1,3,2,0.01463783041921296,2.12610203522585,3,0.007247179246927903,0.006798303968638811,1.0660275386860891,0.9600000000000001,9.438154855766117,10.061332990630513,0.06840000000000002,0.13680000000000003,0.07741432638076413,0.011386787694675006,-0.13815411024897573,-0.148849217630634,-0.13935072597976994,-0.001196615730794215,0.008661455881679688,0.06381284229813253,1,1,-0.1391943717944928,-0.14727608610808218,1
17,1,3,2,0.01463783041921296,2.12610203522585,3,0.007247179246927903,0.006798303968638811,1.0660275386860891,1.0,9.831411308089704,10.48055519857345,0.07125000000000001,0.14250000000000002,0.07741432638076413,0.011386787694675006,-0.14391053150934974,-0.15505126836524377,-0.14511271493326472,-0.001202183423914982,0.00835368621953062,0.06409849810817074,1,1,-0.14495636074798757,-0.15341258969591898,1
18,3,3,3,0.40403037239278383,1.3754066025068994,1,0.30921411025608037,0.30921411025608037,1.0,0.04,0.009216914446885136,0.009216914446885136,0.0028500000000000005,0.005700000000000011,0.08379258719712591,0.0837925871971259,-0.0037239133762874375,-0.0040359497125845465,-0.004036686855611649,-0.0003127734793242111,0.08399053568642115,0.00018264425466045967,0,0,-0.003724593527666187,-0.0037239133762874375,0
18,3,3,3,0.40403037239278383,1.3754066025068994,1,0.30921411025608037,0.30921411025608037,1.0,0.08,0.018433828893770272,0.018433828893770272,0.005700000000000001,0.011399999999999993,0.08379258719712591,0.0837925871971259,-0.007447826752574855,-0.00807189942516907,-0.008074848535919443,-0.0006270217833445882,0.08418855649774813,0.00036535523983080326,0,0,-0.00745054785510213,-0.007447826752574855,0
18,3,3,3,0.40403037239278383,1.3754066025068994,1,0.30921411025608037,0.30921411025608037,1.0,0.12,0.027650743340655405,0.027650743340655405,0.00855,0.017100000000000004,0.08379258719712591,0.0837925871971259,-0.011171740128862299,-0.012107849137753623,-0.012114485849320289,-0.0009427457204579902,0.0843866496699469,0.0005481329913478848,0,0,-0.011177863728194737,-0.011171740128862299,0
18,3,3,3,0.40403037239278383,1.3754066025068994,1,0.30921411025608037,0.30921411025608037,1.0,0.16,0.036867657787540545,0.036867657787540545,0.011400000000000002,0.022800000000000015,0.08379258719712591,0.0837925871971259,-0.014895653505149722,-0.016143798850338155,-0.016155599604807946,-0.001259946099658224,0.08458481524309328,0.0007309775461891564,0,0,-0.014906541893395797,-0.014895653505149722,0
18,3,3,3,0.40403037239278383,1.3754066025068994,1,0.30921411025608037,0.30921411025608037,1.0,0.2,0.04608457223442568,0.04608457223442568,0.014250000000000002,0.028499999999999998,0.08379258719712591,0.0837925871971259,-0.018619566881437146,-0.020179748562922685,-0.020198190611962374,-0.0015786237305252283,0.08478305325668148,0.0009138889407955252,0,0,-0.01863658309768823,-0.018619566881437146,0
18,3,3,3,0.40403037239278383,1.3754066025068994,1,0.30921411025608037,0.30921411025608037,1.0,0.24000000000000002,0.055301486681310824,0.055301486681310824,0.017100000000000004,0.03420000000000001,0.08379258719712591,0.0837925871971259,-0.022343480257724598,-0.024215698275507246,-0.024242259680960387,-0.00189877942323579,0.08498136375058864,0.0010968672119608645,0,0,-0.02236798808861984,-0.022343480257724598,0
18,3,3,3,0.40403037239278383,1.3754066025068994,1,0.30921411025608037,0.30921411025608037,1.0,0.27999999999999997,0.06451840112819594,0.06451840112819594,0.01995,0.03989999999999999,0.08379258719712591,0.0837925871971259,-0.026067393634011997,-0.028251647988091752,-0.028287807622566774,-0.002220413988554777,0.08517974676446531,0.001279912396270247,0,0,-0.026100757614258896,-0.026067393634011997,0
18,3,3,3,0.40403037239278383,1.3754066025068994,1,0.30921411025608037,0.30921411025608037,1.0,0.32,0.07373531557508109,0.07373531557508109,0.022800000000000004,0.0456,0.08379258719712591,0.0837925871971259,-0.029791307010299445,-0.03228759770067631,-0.03233483524814318,-0.002543528237843734,0.08537820233816482,0.001463024530495794,0,0,-0.02983489242325099,-0.029791307010299445,0
18,3,3,3,0.40403037239278383,1.3754066025068994,1,0.30921411025608037,0.30921411025608037,1.0,0.36,0.08295223002196622,0.08295223002196622,0.025650000000000003,0.05130000000000001,0.08379258719712591,0.0837925871971259,-0.03351522038658687,-0.03632354741326085,-0.036383343369641,-0.002868122983054125,0.08557673051142986,0.0016462036513074714,0,0,-0.033570393264758636,-0.03351522038658687,0
18,3,3,3,0.40403037239278383,1.3754066025068994,1,0.30921411025608037,0.30921411025608037,1.0,0.39999999999999997,0.09216914446885136,0.09216914446885136,0.0285,0.056999999999999995,0.08379258719712591,0.0837925871971259,-0.03723913376287429,-0.04035949712584537,-0.04043333279961381,-0.003194199036739516,0.08577533132427441,0.0018294497956258065,0,0,-0.03730726088852521,-0.03723913376287429,0
18,3,3,3,0.40403037239278383,1.3754066025068994,1,0.30921411025608037,0.30921411025608037,1.0,0.44,0.10138605891573649,0.10138605891573649,0.03135,0.0627,0.08379258719712591,0.0837925871971259,-0.040963047139161775,-0.04439544683842997,-0.04448480435119606,-0.0035217572120342863,0.08597400481634072,0.0020127630000277706,0,0,-0.04104549604480923,-0.040963047139161775,0
18,3,3,3,0.40403037239278383,1.3754066025068994,1,0.30921411025608037,0.30921411025608037,1.0,0.48,0.11060297336262162,0.11060297336262162,0.0342,0.06840000000000002,0.08379258719712591,0.0837925871971259,-0.04468696051544914,-0.04843139655101444,-0.048537758838131495,-0.0038507983226823556,0.08617275102769768,0.0021961433014846686,0,0,-0.04478509948444831,-0.04468696051544914,0
18,3,3,3,0.40403037239278383,1.3754066025068994,1,0.30921411025608037,0.30921411025608037,1.0,0.52,0.11981988780950677,0.11981988780950677,0.03705000000000001,0.0741,0.08379258719712591,0.0837925871971259,-0.04841087389173667,-0.05246734626359908,-0.0525921970747536,-0.004181323183016929,0.08637156999825706,0.0023795907368225444,0,0,-0.048526071958809425,-0.04841087389173667,0
18,3,3,3,0.40403037239278383,1.3754066025068994,1,0.30921411025608037,0.30921411025608037,1.0,0.56,0.1290368022563919,0.1290368022563919,0.039900000000000005,0.07980000000000001,0.08379258719712591,0.0837925871971259,-0.052134787268023994,-0.056503295976183504,-0.05664811987598917,-0.004513332607965173,0.08657046176792114,0.0025631053428583524,0,0,-0.052268414219817316,-0.052134787268023994,0
18,3,3,3,0.40403037239278383,1.3754066025068994,1,0.30921411025608037,0.30921411025608037,1.0,0.6000000000000001,0.13825371670327705,0.13825371670327705,0.04275000000000001,0.08550000000000002,0.08379258719712591,0.0837925871971259,-0.05585870064431147,-0.06053924568876809,-0.06070552805736895,-0.004846827413057482,0.08676942637674964,0.002746687156554916,0,0,-0.056012127019949176,-0.05585870064431147,0
18,3,3,3,0.40403037239278383,1.3754066025068994,1,0.30921411025608037,0.30921411025608037,1.0,0.64,0.14747063115016218,0.14747063115016218,0.04560000000000001,0.0912,0.08379258719712591,0.0837925871971259,-0.059582614020598945,-0.06457519540135268,-0.06476442243501346,-0.005181808414414513,0.08696846386469473,0.0029303362147754157,0,0,-0.059757211112232866,-0.059582614020598945,0
18,3,3,3,0.40403037239278383,1.3754066025068994,1,0.30921411025608037,0.30921411025608037,1.0,0.68,0.1566875455970473,0.1566875455970473,0.04845000000000001,0.09690000000000001,0.08379258719712591,0.0837925871971259,-0.06330652739688632,-0.06861114511393715,-0.06882480382564538,-0.0055182764287590585,0.08716757427181941,0.0031140525544854167,0,0,-0.06350366725023981,-0.06330652739688632,0
18,3,3,3,0.40403037239278383,1.3754066025068994,1,0.30921411025608037,0.30921411025608037,1.0,0.7200000000000001,0.16590446004393247,0.16590446004393247,0.05130000000000001,0.10260000000000002,0.08379258719712591,0.0837925871971259,-0.06703044077317374,-0.0726470948265217,-0.07288667304658958,-0.0058562322734158345,0.08736675763826332,0.00329783621272107,0,0,-0.0672514961881081,-0.06703044077317374,0
18,3,3,3,0.40403037239278383,1.3754066025068994,1,0.30921411025608037,0.30921411025608037,1.0,0.76,0.17512137449081758,0.17512137449081758,0.054150000000000004,0.10830000000000001,0.08379258719712591,0.0837925871971259,-0.07075435414946117,-0.07668304453910622,-0.07695003091576247,-0.006195676766301297,0.08756601400407922,0.003481687226438813,0,0,-0.07100069868051762,-0.07075435414946117,0
18,3,3,3,0.40403037239278383,1.3754066025068994,1,0.30921411025608037,0.30921411025608037,1.0,0.8,0.1843382889377027,0.1843382889377027,0.05700000000000001,0.114,0.08379258719712591,0.0837925871971259,-0.0744782675257487,-0.08071899425169086,-0.08101487825168618,-0.006536610725937489,0.08776534340944016,0.003665605632705482,0,0,-0.07475127548270244,-0.0744782675257487,0
18,3,3,3,0.40403037239278383,1.3754066025068994,1,0.30921411025608037,0.30921411025608037,1.0,0.8400000000000001,0.19355520338458787,0.19355520338458787,0.059850000000000014,0.11970000000000003,0.08379258719712591,0.0837925871971259,-0.07820218090203612,-0.0847549439642754,-0.08508121587347617,-0.006879034971440046,0.08796474589445802,0.003849591468531893,0,0,-0.07850322735045268,-0.07820218090203612,0
18,3,3,3,0.40403037239278383,1.3754066025068994,1,0.30921411025608037,0.30921411025608037,1.0,0.88,0.20277211783147298,0.20277211783147298,0.0627,0.1254,0.08379258719712591,0.0837925871971259,-0.08192609427832355,-0.08879089367685994,-0.08914904460085715,-0.007222950322533603,0.08816422149938484,0.004033644771057782,0,0,-0.08225655504011797,-0.08192609427832355,0
18,3,3,3,0.40403037239278383,1.3754066025068994,1,0.30921411025608037,0.30921411025608037,1.0,0.92,0.21198903227835814,0.21198903227835814,0.06555000000000001,0.1311,0.08379258719712591,0.0837925871971259,-0.08565000765461107,-0.09282684338944458,-0.09321836525415073,-0.007568357599539652,0.08836377026444084,0.0042177655773940285,0,0,-0.08601125930859865,-0.08565000765461107,0
18,3,3,3,0.40403037239278383,1.3754066025068994,1,0.30921411025608037,0.30921411025608037,1.0,0.9600000000000001,0.2212059467252433,0.2212059467252433,0.06840000000000002,0.13680000000000003,0.08379258719712591,0.0837925871971259,-0.08937392103089839,-0.09686279310202899,-0.09728917865427533,-0.007915257623376942,0.08856339222982593,0.00440195392463255,0,0,-0.0897673409133386,-0.08937392103089839,0
18,3,3,3,0.40403037239278383,1.3754066025068994,1,0.30921411025608037,0.30921411025608037,1.0,1.0,0.2304228611721284,0.2304228611721284,0.07125000000000001,0.14250000000000002,0.08379258719712591,0.0837925871971259,-0.09309783440718582,-0.10089874281461353,-0.10136148562276581,-0.008263651215579995,0.0887630874359217,0.004586209850032568,0,0,-0.09352480061235724,-0.09309783440718582,0
19,1,3,4,0.5834009330850396,9.739005777651984,3,0.06305635907536453,0.43444440638242476,0.145142527211775,0.04,0.045197661929603325,0.006560102876526058,0.0028500000000000005,0.0057000000000000245,0.15417570881747733,1.0090331816057023,-0.026368358142992796,-0.03043371845004181,-0.030338911453277717,-0.003970553310284921,0.15058022531221069,0.0031151959600245293,0,0,-0.003815247754342721,-0.003827170139299161,0
19,1,3,4,0.5834009330850396,9.739005777651984,3,0.06305635907536453,0.43444440638242476,0.145142527211775,0.08,0.09039532385920665,0.013120205753052117,0.005700000000000001,0.011400000000000035,0.15417570881747733,1.0090331816057023,-0.05273671628598546,-0.06086743690008347,-0.06048938661375125,-0.00775267032776579,0.14700707351068096,0.006211043303052263,0,0,-0.007606798839670859,-0.007654340278598303,0
19,1,3,4,0.5834009330850396,9.739005777651984,3,0.06305635907536453,0.43444440638242476,0.145142527211775,0.12,0.13559298578880996,0.01968030862957817,0.00855,0.017100000000000046,0.15417570881747733,1.0090331816057023,-0.0791050744289776,-0.09130115535012452,-0.09045317562527266,-0.011348101196295063,0.14345604600225306,0.009287721733640704,0,0,-0.011374873344053071,-0.011481510417897368,0
19,1,3,4,0.5834009330850396,9.739005777651984,3,0.06305635907536453,0.43444440638242476,0.145142527211775,0.16,0.1807906477184133,0.026240411506104233,0.011400000000000002,0.02280000000000007,0.15417570881747733,1.0090331816057023,-0.1054734325719704,-0.12173487380016633,-0.12023200702545189,-0.014758574453481499,0.13992693793682026,0.012345408737856544,0,0,-0.0151196886384799,-0.01530868055719653,0
19,1,3,4,0.5834009330850396,9.739005777651984,3,0.06305635907536453,0.43444440638242476,0.145142527211775,0.2,0.22598830964801664,0.03280051438263029,0.014250000000000002,0.028500000000000074,0.15417570881747733,1.0090331816057023,-0.131841790714963,-0.1521685922502079,-0.14982758807805752,-0.017985797363094524,0.13641954698551648,0.015384279617314962,0,0,-0.018841459418664996,-0.019135850696495663,0
19,1,3,4,0.5834009330850396,9.739005777651984,3,0.06305635907536453,0.43444440638242476,0.145142527211775,0.24000000000000002,0.27118597157762,0.03936061725915635,0.017100000000000004,0.03420000000000001,0.15417570881747733,1.0090331816057023,-0.1582101488579565,-0.18260231070025054,-0.1792416050992891,-0.021031456241332597,0.13293367330192554,0.01840450752278913,0,0,-0.02254039774607719,-0.022963020835794927,0
19,1,3,4,0.5834009330850396,9.739005777651984,3,0.06305635907536453,0.43444440638242476,0.145142527211775,0.27999999999999997,0.3163836335072232,0.045920720135682394,0.01995,0.03990000000000002,0.15417570881747733,1.0090331816057023,-0.1845785070009492,-0.21303602915029224,-0.2084757237780721,-0.02389721677712292,0.12946911948420967,0.02140626348702235,0,0,-0.02621671308821405,-0.02679019097509407,0
19,1,3,4,0.5834009330850396,9.739005777651984,3,0.06305635907536453,0.43444440638242476,0.145142527211775,0.32,0.3615812954368266,0.052480823012208466,0.022800000000000004,0.04560000000000004,0.15417570881747733,1.0090331816057023,-0.21094686514394198,-0.24346974760033405,-0.23753158949049258,-0.026584724346550598,0.12602569053780538,0.024389716457049144,0,0,-0.029870612358148918,-0.03061736111439323,0
19,1,3,4,0.5834009330850396,9.739005777651984,3,0.06305635907536453,0.43444440638242476,0.145142527211775,0.36,0.40677895736642994,0.05904092588873452,0.025650000000000003,0.05129999999999996,0.15417570881747733,1.0090331816057023,-0.23731522328693477,-0.27390346605037585,-0.26641082760849777,-0.029095604321562996,0.12260319383887092,0.027355033325865443,0,0,-0.03350229995335141,-0.034444531253692394,0
19,1,3,4,0.5834009330850396,9.739005777651984,3,0.06305635907536453,0.43444440638242476,0.145142527211775,0.39999999999999997,0.4519766192960332,0.06560102876526057,0.0285,0.05699999999999997,0.15417570881747733,1.0090331816057023,-0.2636835814299274,-0.30433718450041747,-0.2951150438029746,-0.03143146237304717,0.11920143909832293,0.030302378963587413,0,0,-0.037111977793799156,-0.03827170139299153,0
19,1,3,4,0.5834009330850396,9.739005777651984,3,0.06305635907536453,0.43444440638242476,0.145142527211775,0.44,0.49717428122563656,0.07216113164178664,0.03135,0.06269999999999999,0.15417570881747733,1.0090331816057023,-0.29005193957292025,-0.3347709029504593,-0.32364582434135514,-0.03359388476843489,0.11582023832662304,0.033231916247961665,0,0,-0.04069984535939497,-0.0420988715322907,0
19,1,3,4,0.5834009330850396,9.739005777651984,3,0.06305635907536453,0.43444440638242476,0.145142527211775,0.48,0.5423719431552398,0.07872123451831269,0.0342,0.06840000000000002,0.15417570881747733,1.0090331816057023,-0.31642029771591296,-0.36520462140050103,-0.35200473637981844,-0.03558443866390548,0.11245940579909872,0.03614380609441127,0,0,-0.04426609972672857,-0.04592604167158985,0
19,1,3,4,0.5834009330850396,9.739005777651984,3,0.06305635907536453,0.43444440638242476,0.145142527211775,0.52,0.5875696050848432,0.08528133739483876,0.03705000000000001,0.07410000000000003,0.15417570881747733,1.0090331816057023,-0.3427886558589058,-0.39563833985054286,-0.38019332825024854,-0.037404672391342764,0.10911875802196555,0.039038207485474895,0,0,-0.047810935605147264,-0.04975321181088901,0
19,1,3,4,0.5834009330850396,9.739005777651984,3,0.06305635907536453,0.43444440638242476,0.145142527211775,0.56,0.6327672670144465,0.09184144027136482,0.039900000000000005,0.07980000000000005,0.15417570881747733,1.0090331816057023,-0.3691570140018985,-0.4260720583005846,-0.4082131297420233,-0.0390561157401248,0.10579811369891495,0.041915277499756196,0,0,-0.051334545372203166,-0.05358038195018816,0
19,1,3,4,0.5834009330850396,9.739005777651984,3,0.06305635907536453,0.43444440638242476,0.145142527211775,0.6000000000000001,0.6779649289440499,0.09840154314789087,0.04275000000000001,0.08550000000000005,0.15417570881747733,1.0090331816057023,-0.3955253721448906,-0.4565057767506256,-0.43606565237876893,-0.040540280233878345,0.10249729369833561,0.04477517134032335,0,0,-0.05483711910845024,-0.05740755208948722,0
19,1,3,4,0.5834009330850396,9.739005777651984,3,0.06305635907536453,0.43444440638242476,0.145142527211775,0.64,0.7231625908736532,0.10496164602441693,0.04560000000000001,0.09120000000000007,0.15417570881747733,1.0090331816057023,-0.4218937302878833,-0.4869394952006673,-0.4637523896901623,-0.04185865940227901,0.09921612102108354,0.04761804236263404,0,0,-0.05831884463163206,-0.06123472222878637,0
19,1,3,4,0.5834009330850396,9.739005777651984,3,0.06305635907536453,0.43444440638242476,0.145142527211775,0.68,0.7683602528032565,0.11152174890094299,0.04845000000000001,0.0969000000000001,0.15417570881747733,1.0090331816057023,-0.44826208843087606,-0.5173732136507091,-0.4912748174788977,-0.043012729048021614,0.0959544207688542,0.05044404210193817,0,0,-0.06177990753023899,-0.06506189236808552,0
19,1,3,4,0.5834009330850396,9.739005777651984,3,0.06305635907536453,0.43444440638242476,0.145142527211775,0.7200000000000001,0.81355791473286,0.11808185177746905,0.05130000000000001,0.10260000000000002,0.15417570881747733,1.0090331816057023,-0.47463044657386955,-0.5478069321007517,-0.5186343940829143,-0.044003947509044794,0.09271202011309698,0.05325332030021118,0,0,-0.06522049119649687,-0.06888906250738479,0
19,1,3,4,0.5834009330850396,9.739005777651984,3,0.06305635907536453,0.43444440638242476,0.145142527211775,0.76,0.8587555766624632,0.1246419546539951,0.054150000000000004,0.10830000000000004,0.15417570881747733,1.0090331816057023,-0.5009988047168622,-0.5782406505507933,-0.5458108651390035,-0.04481206042214125,0.08944544378197995,0.056083544767908354,0,0,-0.0686381658313433,-0.07271623264668392,0
19,1,3,4,0.5834009330850396,9.739005777651984,3,0.06305635907536453,0.43444440638242476,0.145142527211775,0.8,0.9039532385920666,0.13120205753052117,0.05700000000000001,0.11400000000000006,0.15417570881747733,1.0090331816057023,-0.527367162859855,-0.6086743690008352,-0.5712761808022986,-0.04390901794244362,0.08326081150811471,0.06144202894550544,0,0,-0.07184906553981918,-0.07654340278598308,0
19,1,3,4,0.5834009330850396,9.739005777651984,3,0.06305635907536453,0.43444440638242476,0.145142527211775,0.8400000000000001,0.94915090052167,0.13776216040704722,0.059850000000000014,0.11970000000000008,0.15417570881747733,1.0090331816057023,-0.5537355210028478,-0.639108087450877,-0.5966008074097484,-0.04286528640690057,0.07741111917340791,0.06651031472731249,0,0,-0.07504222588647558,-0.08037057292528225,0
19,1,3,4,0.5834009330850396,9.739005777651984,3,0.06305635907536453,0.43444440638242476,0.145142527211775,0.88,0.9943485624512731,0.14432226328357328,0.0627,0.12539999999999998,0.15417570881747733,1.0090331816057023,-0.5801038791458405,-0.6695418059009186,-0.6217859076536598,-0.041682028507819324,0.07185269743273048,0.07132623807261691,0,0,-0.07821779347418634,-0.0841977430645814,0
19,1,3,4,0.5834009330850396,9.739005777651984,3,0.06305635907536453,0.43444440638242476,0.145142527211775,0.92,1.0395462243808764,0.15088236616009934,0.06555000000000001,0.1311,0.15417570881747733,1.0090331816057023,-0.6064722372888333,-0.6999755243509604,-0.6468326314497972,-0.04036039416096393,0.06654945054268369,0.07592107302671623,1,0,-0.08137591329483307,-0.08802491320388055,0
19,1,3,4,0.5834009330850396,9.739005777651984,3,0.06305635907536453,0.43444440638242476,0.145142527211775,0.9600000000000001,1.08474388631048,0.1574424690366254,0.06840000000000002,0.13680000000000003,0.15417570881747733,1.0090331816057023,-0.632840595431826,-0.7304092428010022,-0.6717421161124051,-0.03890152068057906,0.061471278804473915,0.08032089854670797,1,0,-0.08451672875139415,-0.09185208334317971,0
19,1,3,4,0.5834009330850396,9.739005777651984,3,0.06305635907536453,0.43444440638242476,0.145142527211775,1.0,1.1299415482400832,0.16400257191315146,0.07125000000000001,0.14250000000000004,0.15417570881747733,1.0090331816057023,-0.6592089535748188,-0.760842961251044,-0.6965154865263479,-0.03730653295152908,0.0565928796161214,0.08454763729288277,1,0,-0.08764038167963051,-0.09567925348247887,0
20,3,4,0,0.41853252285015596,1.1421423043643513,1,0.3857317504877601,2.751157131510589,0.14020709543259158,0.04,0.00738855434222399,0.0010359277437690878,0.0028500000000000005,0.0057000000000000245,0.16008864082775523,1.0198815453951637,-0.003092350289066588,-0.0035874004438065745,-0.0035972201954272975,-0.0005048699063607094,0.16326413865393694,0.002737288957433288,0,0,-0.0004347562569648744,-0.0004335694520901613,0
20,3,4,0,0.41853252285015596,1.1421423043643513,1,0.3857317504877601,2.751157131510589,0.14020709543259158,0.08,0.01477710868444798,0.0020718554875381757,0.005700000000000001,0.011400000000000035,0.16008864082775523,1.0198815453951637,-0.006184700578133268,-0.007174800887613256,-0.007214187707200281,-0.001029487129067013,0.16645706870707455,0.00548960454847241,0,0,-0.000871899153851885,-0.0008671389041803355,0
20,3,4,0,0.41853252285015596,1.1421423043643513,1,0.3857317504877601,2.751157131510589,0.14020709543259158,0.12,0.022165663026671965,0.003107783231307263,0.00855,0.01709999999999995,0.16008864082775523,1.0198815453951637,-0.009277050867199033,-0.010762201331418876,-0.010851065590308906,-0.0015740147231098726,0.16966757492676182,0.00825707084949269,0,0,-0.0013114483973204472,-0.0013007083562703813,0
20,3,4,0,0.41853252285015596,1.1421423043643513,1,0.3857317504877601,2.751157131510589,0.14020709543259158,0.16,0.02955421736889596,0.004143710975076351,0.011400000000000002,0.022799999999999973,0.16008864082775523,1.0198815453951637,-0.012369401156265614,-0.014349601775225441,-0.014508018699840086,-0.0021386175435744725,0.17289580284096245,0.011039813306049478,0,0,-0.0017534239115821748,-0.0017342778083605415,0
20,3,4,0,0.41853252285015596,1.1421423043643513,1,0.3857317504877601,2.751157131510589,0.14020709543259158,0.2,0.03694277171111995,0.005179638718845439,0.014250000000000002,0.028499999999999984,0.16008864082775523,1.0198815453951637,-0.015461751445332302,-0.01793700221903213,-0.01818521371589288,-0.002723462270560577,0.17614189958943843,0.013837958753073176,0,0,-0.0021978458414224633,-0.0021678472604507166,0
20,3,4,0,0.41853252285015596,1.1421423043643513,1,0.3857317504877601,2.751157131510589,0.14020709543259158,0.24000000000000002,0.044331326053343945,0.006215566462614528,0.017100000000000004,0.03420000000000001,0.16008864082775523,1.0198815453951637,-0.018554101734398882,-0.021524402662838695,-0.021882819168882683,-0.0033287174344838015,0.17940601394420702,0.01665163543250307,0,0,-0.002644734555244277,-0.002601416712540877,0
20,3,4,0,0.41853252285015596,1.1421423043643513,1,0.3857317504877601,2.751157131510589,0.14020709543259158,0.27999999999999997,0.051719880395567915,0.007251494206383614,0.01995,0.039899999999999936,0.16008864082775523,1.0198815453951637,-0.021646452023464564,-0.02511180310664422,-0.02560100546531352,-0.003954553441848956,0.1826882963343025,0.019480973014632485,0,0,-0.003094110648200754,-0.0030349861646309113,0
20,3,4,0,0.41853252285015596,1.1421423043643513,1,0.3857317504877601,2.751157131510589,0.14020709543259158,0.32,0.05910843473779192,0.008287421950152703,0.022800000000000004,0.04559999999999996,0.16008864082775523,1.0198815453951637,-0.024738802312531134,-0.02869920355045077,-0.029339944913947313,-0.00460114260141618,0.18598889886781333,0.02232610261710479,0,0,-0.0035459949453464645,-0.00346855561672107,0
20,3,4,0,0.41853252285015596,1.1421423043643513,1,0.3857317504877601,2.751157131510589,0.14020709543259158,0.36,0.0664969890800159,0.00932334969392179,0.025650000000000003,0.05129999999999996,0.16008864082775523,1.0198815453951637,-0.02783115260159793,-0.03228660399425759,-0.033099811752416386,-0.005268659150818457,0.18930797535549987,0.025187156825271277,0,0,-0.004000408504865938,-0.0039021250688112603,0
20,3,4,0,0.41853252285015596,1.1421423043643513,1,0.3857317504877601,2.751157131510589,0.14020709543259158,0.39999999999999997,0.0738855434222399,0.010359277437690878,0.0285,0.05699999999999997,0.16008864082775523,1.0198815453951637,-0.030923502890664603,-0.03587400443806426,-0.03688078217429336,-0.005957279283628755,0.19264568133473584,0.028064269712830086,0,0,-0.004457372621324396,-0.004335694520901433,0
20,3,4,0,0.41853252285015596,1.1421423043643513,1,0.3857317504877601,2.751157131510589,0.14020709543259158,0.44,0.08127409776446388,0.011395205181459965,0.03135,0.06269999999999999,0.16008864082775523,1.0198815453951637,-0.0340158531797312,-0.039461404881870846,-0.04068303435661491,-0.00666718117688371,0.1960021740938263,0.03095757686278676,0,0,-0.004916908829009081,-0.004769263972991596,0
20,3,4,0,0.41853252285015596,1.1421423043643513,1,0.3857317504877601,2.751157131510589,0.14020709543259158,0.48,0.08866265210668786,0.012431132925229052,0.0342,0.06840000000000002,0.16008864082775523,1.0198815453951637,-0.037108203468797764,-0.04304880532567739,-0.04450674848787184,-0.007398545019074075,0.19937761269674784,0.03386721538878169,0,0,-0.005379038905314104,-0.005202833425081754,0
20,3,4,0,0.41853252285015596,1.1421423043643513,1,0.3857317504877601,2.751157131510589,0.14020709543259158,0.52,0.09605120644891187,0.013467060668998143,0.03705000000000001,0.07410000000000003,0.16008864082775523,1.0198815453951637,-0.040200553757864466,-0.0466362057694841,-0.04835210679646451,-0.008151553038600046,0.2027721580080312,0.03679332395653832,0,0,-0.005843784874178581,-0.005636402877171931,0
20,3,4,0,0.41853252285015596,1.1421423043643513,1,0.3857317504877601,2.751157131510589,0.14020709543259158,0.56,0.10343976079113586,0.01450298841276723,0.039900000000000005,0.07980000000000005,0.16008864082775523,1.0198815453951637,-0.04329290404693106,-0.05022360621329069,-0.052219293579693016,-0.008926389532761952,0.2061859727193497,0.03973604280678293,0,0,-0.006311169009573625,-0.006069972329262094,0
20,3,4,0,0.41853252285015596,1.1421423043643513,1,0.3857317504877601,2.751157131510589,0.14020709543259158,0.6000000000000001,0.11082831513335986,0.01553891615653632,0.04275000000000001,0.08549999999999996,0.16008864082775523,1.0198815453951637,-0.046385254335996814,-0.05381100665709629,-0.05610849523312833,-0.009723240897131516,0.2096192213736746,0.042695513776066146,0,0,-0.006781213839070155,-0.006503541781352137,0
20,3,4,0,0.41853252285015596,1.1421423043643513,1,0.3857317504877601,2.751157131510589,0.14020709543259158,0.64,0.11821686947558384,0.016574843900305405,0.04560000000000001,0.09119999999999998,0.16008864082775523,1.0198815453951637,-0.04947760462506351,-0.057398407100902986,-0.06001990028062387,-0.010542295655560363,0.21307207039323867,0.04567188032086775,0,0,-0.007253942147466219,-0.006937111233442314,0
20,3,4,0,0.41853252285015596,1.1421423043643513,1,0.3857317504877601,2.751157131510589,0.14020709543259158,0.68,0.12560542381780782,0.017610771644074492,0.04845000000000001,0.0969,0.16008864082775523,1.0198815453951637,-0.05256995491413011,-0.06098580754470957,-0.06395369940474271,-0.011383744490612607,0.2165446881057303,0.04866528754017626,0,0,-0.007729376980456948,-0.007370680685532476,0
20,3,4,0,0.41853252285015596,1.1421423043643513,1,0.3857317504877601,2.751157131510589,0.14020709543259158,0.7200000000000001,0.13299397816003183,0.018646699387843583,0.05130000000000001,0.10260000000000002,0.16008864082775523,1.0198815453951637,-0.055662305203196705,-0.06457320798851615,-0.06791008547776922,-0.012247780274572517,0.22003724477205308,0.051675882199417884,0,0,-0.008207541648386218,-0.007804250137622639,0
20,3,4,0,0.41853252285015596,1.1421423043643513,1,0.3857317504877601,2.751157131510589,0.14020709543259158,0.76,0.1403825325022558,0.01968262713161267,0.054150000000000004,0.10829999999999997,0.16008864082775523,1.0198815453951637,-0.05875465549226225,-0.06816060843232152,-0.07188925359320475,-0.013134598100942502,0.22354991261368684,0.05470381275404102,0,0,-0.008688459730045395,-0.008237819589712654,0
20,3,4,0,0.41853252285015596,1.1421423043643513,1,0.3857317504877601,2.751157131510589,0.14020709543259158,0.8,0.1477710868444798,0.020718554875381757,0.05700000000000001,0.11399999999999998,0.16008864082775523,1.0198815453951637,-0.061847005781328956,-0.07174800887612823,-0.07589140109786374,-0.014044395316534786,0.2270828658414157,0.05774922937428151,0,0,-0.009172155076564437,-0.008671389041802832,0
20,3,4,0,0.41853252285015596,1.1421423043643513,1,0.3857317504877601,2.751157131510589,0.14020709543259158,0.8400000000000001,0.1551596411867038,0.021754482619150847,0.059850000000000014,0.11970000000000001,0.16008864082775523,1.0198815453951637,-0.06493935607039544,-0.0753354093199347,-0.07991672762447966,-0.014977371554084212,0.23063628068391176,0.060812283969799645,0,0,-0.009658651815350083,-0.009104958493892978,0
20,3,4,0,0.41853252285015596,1.1421423043643513,1,0.3857317504877601,2.751157131510589,0.14020709543259158,0.88,0.16254819552892777,0.02279041036291993,0.0627,0.12539999999999998,0.16008864082775523,1.0198815453951637,-0.0680317063594624,-0.07892280976374169,-0.08396543512490684,-0.015933728765444438,0.2342103354170573,0.06389313021495853,0,0,-0.010147974354087097,-0.009538527945983193,0
20,3,4,0,0.41853252285015596,1.1421423043643513,1,0.3857317504877601,2.751157131510589,0.14020709543259158,0.92,0.16993674987115176,0.02382633810668902,0.06555000000000001,0.1311,0.16008864082775523,1.0198815453951637,-0.0711240566485291,-0.0825102102075484,-0.08803772790389441,-0.016913671255365317,0.23780521039381836,0.0669919235745728,0,0,-0.010640147384831877,-0.009972097398073369,0
20,3,4,0,0.41853252285015596,1.1421423043643513,1,0.3857317504877601,2.751157131510589,0.14020709543259158,0.9600000000000001,0.17732530421337578,0.02486226585045811,0.06840000000000002,0.13680000000000003,0.16008864082775523,1.0198815453951637,-0.07421640693759553,-0.08609761065135478,-0.092133812653441,-0.017917405715845477,0.2414210880743827,0.0701088213298895,0,0,-0.011135195888178906,-0.010405666850163508,0
20,3,4,0,0.41853252285015596,1.1421423043643513,1,0.3857317504877601,2.751157131510589,0.14020709543259158,1.0,0.18471385855559974,0.025898193594227195,0.07125000000000001,0.14250000000000004,0.16008864082775523,1.0198815453951637,-0.07730875722666229,-0.08968501109516157,-0.09625389848782451,-0.018945141261162216,0.2450581530578324,0.07324398260588859,0,0,-0.01163314513742364,-0.010839236302253693,0
21,3,4,1,0.48821899076726183,1.6385295797144526,1,0.31364385085620106,2.1572480015038726,0.14539072495955585,0.04,0.009086739600409587,0.0013211276580222546,0.0028500000000000005,0.0057000000000000245,0.15971106323131684,1.014320338271761,-0.004436318837077002,-0.005144848035379689,-0.005158940401203793,-0.000722621564126791,0.16288765317934434,0.002739121880217771,0,0,-0.000646766344425842,-0.0006449996118743591,0
21,3,4,1,0.48821899076726183,1.6385295797144526,1,0.31364385085620106,2.1572480015038726,0.14539072495955585,0.08,0.018173479200819173,0.002642255316044509,0.005700000000000001,0.011400000000000035,0.15971106323131684,1.014320338271761,-0.008872637674154096,-0.010289696070759484,-0.010346220360971436,-0.0014735826868173402,0.16608169305840942,0.005493290552339913,0,0,-0.0012970855642961965,-0.0012899992237487316,0
21,3,4,1,0.48821899076726183,1.6385295797144526,1,0.31364385085620106,2.1572480015038726,0.14539072495955585,0.12,0.027260218801228756,0.0039633829740667635,0.00855,0.01709999999999995,0.15971106323131684,1.014320338271761,-0.013308956511230185,-0.015434544106138115,-0.015562074038604656,-0.002253117527374471,0.1692933270518448,0.008262630343310496,0,0,-0.0019509870157161657,-0.0019349988356229578,0
21,3,4,1,0.48821899076726183,1.6385295797144526,1,0.31364385085620106,2.1572480015038726,0.14539072495955585,0.16,0.036346958401638346,0.005284510632089018,0.011400000000000002,0.022799999999999973,0.15971106323131684,1.014320338271761,-0.01774527534830719,-0.020579392141517806,-0.02080673818021772,-0.003061462831910531,0.1725227009341717,0.011047266952130054,0,0,-0.002608500379083445,-0.0025799984474973174,0
21,3,4,1,0.48821899076726183,1.6385295797144526,1,0.31364385085620106,2.1572480015038726,0.14539072495955585,0.2,0.04543369800204793,0.006605638290111273,0.014250000000000002,0.028499999999999984,0.15971106323131684,1.014320338271761,-0.022181594185384294,-0.025724240176897614,-0.02608045215456567,-0.003898857969181376,0.17576996209543758,0.01384732747084062,0,0,-0.0032696556635913865,-0.0032249980593716913,0
21,3,4,1,0.48821899076726183,1.6385295797144526,1,0.31364385085620106,2.1572480015038726,0.14539072495955585,0.24000000000000002,0.054520437602457526,0.007926765948133529,0.017100000000000004,0.03420000000000001,0.15971106323131684,1.014320338271761,-0.026617913022461293,-0.0308690882122773,-0.03138345798947029,-0.004765544967008994,0.17903525956327343,0.01666294040354622,0,0,-0.003934483211803119,-0.0038699976712460496,0
21,3,4,1,0.48821899076726183,1.6385295797144526,1,0.31364385085620106,2.1572480015038726,0.14539072495955585,0.27999999999999997,0.0636071772028671,0.00924789360615578,0.01995,0.039899999999999936,0.15971106323131684,1.014320338271761,-0.03105423185953729,-0.03601393624765582,-0.03671600040882339,-0.0056617685492861,0.18231874402481069,0.019494235685311005,0,0,-0.004603013704275405,-0.004514997283120263,0
21,3,4,1,0.48821899076726183,1.6385295797144526,1,0.31364385085620106,2.1572480015038726,0.14539072495955585,0.32,0.07269391680327669,0.010569021264178037,0.022800000000000004,0.04559999999999996,0.15971106323131684,1.014320338271761,-0.035490550696614276,-0.041158784283035495,-0.04207832687025803,-0.006587776173643756,0.18562056785081713,0.02234134470297138,0,0,-0.005275278164291741,-0.005159996894994619,0
21,3,4,1,0.48821899076726183,1.6385295797144526,1,0.31364385085620106,2.1572480015038726,0.14539072495955585,0.36,0.08178065640368627,0.011890148922200292,0.025650000000000003,0.05129999999999996,0.15971106323131684,1.014320338271761,-0.03992686953369147,-0.0463036323184154,-0.047470687603424544,-0.007543818069733074,0.18894088511916463,0.025204400315372067,0,0,-0.005951307962657637,-0.005804996506869007,0
21,3,4,1,0.48821899076726183,1.6385295797144526,1,0.31364385085620106,2.1572480015038726,0.14539072495955585,0.39999999999999997,0.09086739600409585,0.013211276580222545,0.0285,0.05699999999999997,0.15971106323131684,1.014320338271761,-0.04436318837076859,-0.05144848035379523,-0.05289333564888299,-0.008530147278114401,0.19227985163787312,0.02808353687323591,0,0,-0.0066311348225776,-0.006449996118743383,0
21,3,4,1,0.48821899076726183,1.6385295797144526,1,0.31364385085620106,2.1572480015038726,0.14539072495955585,0.44,0.09995413560450545,0.0145324042382448,0.03135,0.06269999999999999,0.15971106323131684,1.014320338271761,-0.0487995072078456,-0.05659332838917493,-0.058346526897729234,-0.009547019689883633,0.19563762497070336,0.03097889024123303,0,0,-0.007314790824619166,-0.007094995730617743,0
21,3,4,1,0.48821899076726183,1.6385295797144526,1,0.31364385085620106,2.1572480015038726,0.14539072495955585,0.48,0.10904087520491502,0.015853531896267054,0.0342,0.06840000000000002,0.15971106323131684,1.014320338271761,-0.053235826044922586,-0.0617381764245546,-0.06383052013181434,-0.010594694086891752,0.1990143644610964,0.033890597818622484,0,0,-0.008002308411761305,-0.007739995342492099,0
21,3,4,1,0.48821899076726183,1.6385295797144526,1,0.31364385085620106,2.1572480015038726,0.14539072495955585,0.52,0.11812761480532463,0.01717465955428931,0.03705000000000001,0.07410000000000003,0.15971106323131684,1.014320338271761,-0.05767214488199965,-0.06688302445993435,-0.06934557706470112,-0.011673432182701476,0.20241023125784474,0.03681879856138892,0,0,-0.008693720394529869,-0.008384994954366468,0
21,3,4,1,0.48821899076726183,1.6385295797144526,1,0.31364385085620106,2.1572480015038726,0.14539072495955585,0.56,0.12721435440573423,0.018495787212311564,0.039900000000000005,0.07980000000000005,0.15971106323131684,1.014320338271761,-0.06210846371907669,-0.07202787249531409,-0.07489196238328066,-0.012783498664203974,0.20582538834038985,0.03976363300405554,0,0,-0.009389059956199652,-0.009029994566240832,0
21,3,4,1,0.48821899076726183,1.6385295797144526,1,0.31364385085620106,2.1572480015038726,0.14539072495955585,0.6000000000000001,0.13630109400614382,0.01981691487033382,0.04275000000000001,0.08549999999999996,0.15971106323131684,1.014320338271761,-0.06654478255615277,-0.07717272053069271,-0.08046994379013661,-0.013925161233983838,0.2092600005452465,0.04272524328246981,0,0,-0.010088360658128792,-0.009674994178115058,0
21,3,4,1,0.48821899076726183,1.6385295797144526,1,0.31364385085620106,2.1572480015038726,0.14539072495955585,0.64,0.14538783360655338,0.021138042528356073,0.04560000000000001,0.09119999999999998,0.15971106323131684,1.014320338271761,-0.07098110139322987,-0.08231756856607252,-0.0860797920466041,-0.015098690653374228,0.2127142345922281,0.045703773156417014,0,0,-0.010791656445142017,-0.010319993789989431,0
21,3,4,1,0.48821899076726183,1.6385295797144526,1,0.31364385085620106,2.1572480015038726,0.14539072495955585,0.68,0.15447457320696298,0.022459170186378326,0.04845000000000001,0.0969,0.15971106323131684,1.014320338271761,-0.07541742023030686,-0.08746241660145218,-0.09172178101658535,-0.01630436078627849,0.21618825911160647,0.04869936803303975,0,0,-0.011498981651022255,-0.010964993401863788,0
21,3,4,1,0.48821899076726183,1.6385295797144526,1,0.31364385085620106,2.1572480015038726,0.14539072495955585,0.7200000000000001,0.16356131280737257,0.023780297844400586,0.05130000000000001,0.10260000000000002,0.15971106323131684,1.014320338271761,-0.0798537390673839,-0.09260726463683192,-0.09739618771111136,-0.017542448643727462,0.21968224467140376,0.05171217499037096,0,0,-0.012210371004100828,-0.011609993013738152,0
21,3,4,1,0.48821899076726183,1.6385295797144526,1,0.31364385085620106,2.1572480015038726,0.14539072495955585,0.76,0.17264805240778214,0.025101425502422836,0.054150000000000004,0.10829999999999997,0.15971106323131684,1.014320338271761,-0.08429005790445977,-0.0977521126722103,-0.10310329233368698,-0.018813234429227207,0.22319636380546137,0.054742342801537724,0,0,-0.012925859632952452,-0.012254992625612348,0
21,3,4,1,0.48821899076726183,1.6385295797144526,1,0.31364385085620106,2.1572480015038726,0.14539072495955585,0.8,0.18173479200819173,0.026422553160445093,0.05700000000000001,0.11399999999999998,0.15971106323131684,1.014320338271761,-0.08872637674153687,-0.1028969607075901,-0.10884337832640778,-0.02011700158487091,0.22673079104168156,0.05779002195911366,0,0,-0.013645483072160403,-0.01289999223748672,0
21,3,4,1,0.48821899076726183,1.6385295797144526,1,0.31364385085620106,2.1572480015038726,0.14539072495955585,0.8400000000000001,0.19082153160860135,0.02774368081846735,0.059850000000000014,0.11970000000000001,0.15971106323131684,1.014320338271761,-0.09316269557861374,-0.10804180874296965,-0.1146167324168923,-0.021454036838278553,0.23028570293111508,0.060855364700199775,0,0,-0.014369277268212244,-0.01354499184936106,0
21,3,4,1,0.48821899076726183,1.6385295797144526,1,0.31364385085620106,2.1572480015038726,0.14539072495955585,0.88,0.1999082712090109,0.0290648084764896,0.0627,0.12539999999999998,0.15971106323131684,1.014320338271761,-0.0975990144156912,-0.11318665677834985,-0.12042364466601185,-0.02282463025032065,0.23386127807711846,0.06393852503156784,0,0,-0.015097278585476381,-0.014189991461235486,0
21,3,4,1,0.48821899076726183,1.6385295797144526,1,0.31364385085620106,2.1572480015038726,0.14539072495955585,0.92,0.2089950108094205,0.030385936134511855,0.06555000000000001,0.1311,0.15971106323131684,1.014320338271761,-0.10203533325276824,-0.11833150481372959,-0.12626440851649345,-0.02422907526372521,0.2374576971655833,0.06703965875572504,0,0,-0.015829523812294077,-0.01483499107310985,0
21,3,4,1,0.48821899076726183,1.6385295797144526,1,0.31364385085620106,2.1572480015038726,0.14539072495955585,0.9600000000000001,0.2180817504098301,0.031707063792534115,0.06840000000000002,0.13680000000000003,0.15971106323131684,1.014320338271761,-0.10647165208984517,-0.1234763528491092,-0.1321393208423185,-0.025667668752473324,0.24107514299500007,0.0701589234968386,0,0,-0.0165660501671816,-0.015479990684984199,0
21,3,4,1,0.48821899076726183,1.6385295797144526,1,0.31364385085620106,2.1572480015038726,0.14539072495955585,1.0,0.22716849001023967,0.03302819145055636,0.07125000000000001,0.14250000000000004,0.15971106323131684,1.014320338271761,-0.11090797092692221,-0.12862120088448895,-0.13804868199904874,-0.027140711072126525,0.24471380050771704,0.07329647872768928,0,0,-0.01730689530513363,-0.016124990296858564,0
22,3,4,2,0.4942693445648221,1.782850425563554,1,0.2918267921606993,2.0114079372730758,0.14508583105043193,0.04,0.009766066984112276,0.0014169179444841152,0.0028500000000000005,0.0057000000000000245,0.15372159145549022,1.0086357604050582,-0.00482706752721346,-0.005569092029559831,-0.005584268503664447,-0.0007572009764509864,0.15686562746059174,0.0027251253928040676,0,0,-0.0007022476155977841,-0.0007003391037223184,0
22,3,4,2,0.4942693445648221,1.782850425563554,1,0.2918267921606993,2.0114079372730758,0.14508583105043193,0.08,0.019532133968224553,0.0028338358889682305,0.005700000000000001,0.011400000000000035,0.15372159145549022,1.0086357604050582,-0.009654135054427025,-0.011138184059119783,-0.011199055838758909,-0.0015449207843318841,0.16002684607394646,0.0054651439872090675,0,0,-0.0014083331155294587,-0.0014006782074446518,0
22,3,4,2,0.4942693445648221,1.782850425563554,1,0.2918267921606993,2.0114079372730758,0.14508583105043193,0.12,0.029298200952336824,0.004250753833452345,0.00855,0.01709999999999995,0.15372159145549022,1.0086357604050582,-0.01448120258163945,-0.01670727608867842,-0.016844612875521747,-0.002363410293882297,0.16320538854133823,0.008220178209444555,0,0,-0.002118288047885386,-0.00210101731116682,0
22,3,4,2,0.4942693445648221,1.782850425563554,1,0.2918267921606993,2.0114079372730758,0.14508583105043193,0.16,0.039064267936449106,0.005667671777936461,0.011400000000000002,0.022799999999999973,0.15372159145549022,1.0086357604050582,-0.01930827010885292,-0.02227636811823826,-0.02223050394303705,-0.0029222338341841313,0.1513462271715515,0.0020588713096216333,0,0,-0.0027968633420361044,-0.0028013564148891396,0
22,3,4,2,0.4942693445648221,1.782850425563554,1,0.2918267921606993,2.0114079372730758,0.14508583105043193,0.2,0.04883033492056138,0.007084589722420575,0.014250000000000002,0.028499999999999984,0.15372159145549022,1.0086357604050582,-0.024135337636066477,-0.027845460147798203,-0.02750993368353072,-0.0033745960474642414,0.13981971573587754,0.012049593092970148,0,0,-0.0034625454999037686,-0.0035016955186114723,0
22,3,4,2,0.4942693445648221,1.782850425563554,1,0.2918267921606993,2.0114079372730758,0.14508583105043193,0.24000000000000002,0.05859640190467366,0.008501507666904691,0.017100000000000004,0.03420000000000001,0.15372159145549022,1.0086357604050582,-0.028962405163279928,-0.033414552177358024,-0.03279158281187833,-0.0038291776485984003,0.13221200473547806,0.01864365448242713,0,0,-0.004128507499906675,-0.004202034622333789,0
22,3,4,2,0.4942693445648221,1.782850425563554,1,0.2918267921606993,2.0114079372730758,0.14508583105043193,0.27999999999999997,0.06836246888878592,0.009918425611388804,0.01995,0.039899999999999936,0.15372159145549022,1.0086357604050582,-0.03378947269049227,-0.038983644206916565,-0.03807545272787394,-0.004285980037381669,0.12684364969648265,0.02329673116813164,0,0,-0.004794749518545416,-0.004902373726055945,0
22,3,4,2,0.4942693445648221,1.782850425563554,1,0.2918267921606993,2.0114079372730758,0.14508583105043193,0.32,0.07812853587289821,0.011335343555872922,0.022800000000000004,0.04559999999999996,0.15372159145549022,1.0086357604050582,-0.03861654021770572,-0.04455273623647638,-0.04336154483248045,-0.004745004614774728,0.12287492841212998,0.026736660968999664,0,0,-0.005461271732466244,-0.005602712829778262,0
22,3,4,2,0.4942693445648221,1.782850425563554,1,0.2918267921606993,2.0114079372730758,0.14508583105043193,0.36,0.08789460285701048,0.012752261500357034,0.025650000000000003,0.05129999999999996,0.15372159145549022,1.0086357604050582,-0.04344360774491939,-0.05012182826603646,-0.04864986052784026,-0.0052062527829208685,0.11983932857256141,0.02936779820527079,0,0,-0.006128074318469956,-0.0063030519335006115,0
22,3,4,2,0.4942693445648221,1.782850425563554,1,0.2918267921606993,2.0114079372730758,0.14508583105043193,0.39999999999999997,0.09766066984112275,0.014169179444841149,0.0285,0.05699999999999997,0.15372159145549022,1.0086357604050582,-0.048270675272132954,-0.055690920295596406,-0.05394040121727528,-0.005669725945142326,0.11745694281628383,0.031432755447920714,0,0,-0.006795157453492351,-0.007003391037222945,0
22,3,4,2,0.4942693445648221,1.782850425563554,1,0.2918267921606993,2.0114079372730758,0.14508583105043193,0.44,0.10742673682523503,0.015586097389325265,0.03135,0.06269999999999999,0.15372159145549022,1.0086357604050582,-0.053097742799346405,-0.061260012325156224,-0.05923316830529046,-0.006135425505944057,0.11554964829916611,0.033085922495537025,0,0,-0.007462521314634429,-0.007703730140945261,0
22,3,4,2,0.4942693445648221,1.782850425563554,1,0.2918267921606993,2.0114079372730758,0.14508583105043193,0.48,0.1171928038093473,0.01700301533380938,0.0342,0.06840000000000002,0.15372159145549022,1.0086357604050582,-0.057924810326559856,-0.06682910435471605,-0.06452816319757204,-0.006603352871012186,0.11399869647884539,0.03443022586283744,0,0,-0.008130166079135748,-0.008404069244667578,0
22,3,4,2,0.4942693445648221,1.782850425563554,1,0.2918267921606993,2.0114079372730758,0.14508583105043193,0.52,0.12695887079345958,0.018419933278293495,0.03705000000000001,0.07410000000000003,0.15372159145549022,1.0086357604050582,-0.06275187785377344,-0.07239819638427601,-0.06982538730098753,-0.007073509447214091,0.11272187684481767,0.03553692235138699,0,0,-0.008798091924385076,-0.009104408348389914,0
22,3,4,2,0.4942693445648221,1.782850425563554,1,0.2918267921606993,2.0114079372730758,0.14508583105043193,0.56,0.13672493777757186,0.01983685122277761,0.039900000000000005,0.07980000000000005,0.15372159145549022,1.0086357604050582,-0.06757894538098692,-0.07796728841383588,-0.07512484202359637,-0.007545896642609448,0.11166046762150948,0.03645690966129704,0,0,-0.009466299027932834,-0.009804747452112236,0
22,3,4,2,0.4942693445648221,1.782850425563554,1,0.2918267921606993,2.0114079372730758,0.14508583105043193,0.6000000000000001,0.14649100476168414,0.021253769167261728,0.04275000000000001,0.08549999999999996,0.15372159145549022,1.0086357604050582,-0.07240601290819935,-0.08353638044339452,-0.08042652877463397,-0.00802051586643461,0.11077140618975245,0.03722751275856199,0,0,-0.01013478756746089,-0.010505086555834405,0
22,3,4,2,0.4942693445648221,1.782850425563554,1,0.2918267921606993,2.0114079372730758,0.14508583105043193,0.64,0.15625707174579642,0.022670687111745844,0.04560000000000001,0.09119999999999998,0.15372159145549022,1.0086357604050582,-0.07723308043541294,-0.0891054724729545,-0.08573044896453474,-0.008497368529121807,0.11002239560064977,0.03787672535426093,0,0,-0.010803557720812762,-0.011205425659556742,0
22,3,4,2,0.4942693445648221,1.782850425563554,1,0.2918267921606993,2.0114079372730758,0.14508583105043193,0.68,0.16602313872990868,0.024087605056229956,0.04845000000000001,0.0969,0.15372159145549022,1.0086357604050582,-0.08206014796262637,-0.09467456450251428,-0.09103660400491087,-0.008976456042284503,0.10938873820179751,0.038425954391443744,0,0,-0.011472609665981182,-0.011905764763279056,0
22,3,4,2,0.4942693445648221,1.782850425563554,1,0.2918267921606993,2.0114079372730758,0.14508583105043193,0.7200000000000001,0.17578920571402099,0.025504523000714072,0.05130000000000001,0.10260000000000002,0.15372159145549022,1.0086357604050582,-0.08688721548983978,-0.10024365653207407,-0.09634499530857177,-0.009457779818731984,0.10885122472175364,0.03889184970277773,0,0,-0.012141943581106318,-0.012606103867001367,0
22,3,4,2,0.4942693445648221,1.782850425563554,1,0.2918267921606993,2.0114079372730758,0.14508583105043193,0.76,0.1855552726981332,0.026921440945198185,0.054150000000000004,0.10829999999999997,0.15372159145549022,1.0086357604050582,-0.09171428301705205,-0.10581274856163252,-0.10165562428951169,-0.009941341272459644,0.10839468995915601,0.03928755588178898,0,0,-0.012811559644475778,-0.013306442970723512,0
22,3,4,2,0.4942693445648221,1.782850425563554,1,0.2918267921606993,2.0114079372730758,0.14508583105043193,0.8,0.19532133968224552,0.0283383588896823,0.05700000000000001,0.11399999999999998,0.15372159145549022,1.0086357604050582,-0.09654135054426558,-0.11138184059119242,-0.10696849236292394,-0.010427141818658364,0.10800700176529406,0.039623588592568766,0,0,-0.013481458034531713,-0.01400678207444584,0
22,3,4,2,0.4942693445648221,1.782850425563554,1,0.2918267921606993,2.0114079372730758,0.14508583105043193,0.8400000000000001,0.2050874066663578,0.02975527683416642,0.059850000000000014,0.11970000000000001,0.15372159145549022,1.0086357604050582,-0.101368418071479,-0.11695093262075222,-0.11228360094519019,-0.010915182873711182,0.10767833888869058,0.03990846050537475,0,0,-0.01415163892986726,-0.014707121178168154,0
22,3,4,2,0.4942693445648221,1.782850425563554,1,0.2918267921606993,2.0114079372730758,0.14508583105043193,0.88,0.21485347365047006,0.03117219477865053,0.0627,0.12539999999999998,0.15372159145549022,1.0086357604050582,-0.10619548559869281,-0.12252002465031245,-0.11760095145389116,-0.011405465855198346,0.10740066577122691,0.04014913652246598,0,0,-0.014822102509223,-0.015407460281890523,0
22,3,4,2,0.4942693445648221,1.782850425563554,1,0.2918267921606993,2.0114079372730758,0.14508583105043193,0.92,0.22461954063458234,0.032589112723134646,0.06555000000000001,0.1311,0.15372159145549022,1.0086357604050582,-0.11102255312590645,-0.1280891166798725,-0.1229205453077995,-0.011897992181893052,0.10716734435389891,0.04035137024943796,0,0,-0.015492848951490501,-0.016107799385612867,0
22,3,4,2,0.4942693445648221,1.782850425563554,1,0.2918267921606993,2.0114079372730758,0.14508583105043193,0.9600000000000001,0.23438560761869465,0.034006030667618765,0.06840000000000002,0.13680000000000003,0.15372159145549022,1.0086357604050582,-0.11584962065311971,-0.1336582087094321,-0.12824238392689047,-0.012392763273770757,0.10697284293124729,0.04051995634862522,0,0,-0.016163878435719425,-0.016808138489335156,0
22,3,4,2,0.4942693445648221,1.782850425563554,1,0.2918267921606993,2.0114079372730758,0.14508583105043193,1.0,0.24415167460280687,0.03542294861210288,0.07125000000000001,0.14250000000000004,0.15372159145549022,1.0086357604050582,-0.12067668818033331,-0.1392273007389921,-0.13356646873232947,-0.01288978055199616,0.1068125148805402,0.04065892232784804,0,0,-0.016835191141101546,-0.017508477593057493,0
23,3,4,3,0.6143965336589137,9.739005777651984,1,0.0664064903636494,0.48625770511972904,0.13656645368179499,0.04,0.04291749171493751,0.005861089644426833,0.0028500000000000005,0.0057000000000000245,0.08309451174769535,0.9465280580659003,-0.026368358142992796,-0.028559423988473148,-0.028475918971437864,-0.0021075608284450674,0.07992764725873297,0.0029239041049633004,0,0,-0.0036171200351962085,-0.003601033161000007,0
23,3,4,3,0.6143965336589137,9.739005777651984,1,0.0664064903636494,0.48625770511972904,0.13656645368179499,0.08,0.08583498342987501,0.011722179288853666,0.005700000000000001,0.011400000000000035,0.08309451174769535,0.9465280580659003,-0.05273671628598546,-0.057118847976946156,-0.056785801704171135,-0.0040490854181856745,0.07677924799541795,0.005830759627880499,0,0,-0.007293543259065061,-0.007202066321999997,0
23,3,4,3,0.6143965336589137,9.739005777651984,1,0.0664064903636494,0.48625770511972904,0.13656645368179499,0.12,0.1287524751448125,0.017583268933280497,0.00855,0.017100000000000046,0.08309451174769535,0.9465280580659003,-0.07910507442897759,-0.08567827196541858,-0.08493109615295502,-0.005826021723977434,0.07364915292770724,0.008720715244643731,0,0,-0.010948592456227146,-0.010803099482999913,0
23,3,4,3,0.6143965336589137,9.739005777651984,1,0.0664064903636494,0.48625770511972904,0.13656645368179499,0.16,0.17166996685975003,0.023444358577707332,0.011400000000000002,0.02280000000000007,0.08309451174769535,0.9465280580659003,-0.1054734325719704,-0.11423769595389174,-0.11291323348508087,-0.0074398009131104725,0.07053720289262305,0.011593917907320651,0,0,-0.014582453483221514,-0.014404132643999921,0
23,3,4,3,0.6143965336589137,9.739005777651984,1,0.0664064903636494,0.48625770511972904,0.13656645368179499,0.2,0.21458745857468753,0.029305448222134163,0.014250000000000002,0.028500000000000074,0.08309451174769535,0.9465280580659003,-0.131841790714963,-0.1427971199423647,-0.14073362832295722,-0.008891837607994224,0.06744324056715859,0.014450512869169423,0,0,-0.0181953100480019,-0.0180051658049999,0
23,3,4,3,0.6143965336589137,9.739005777651984,1,0.0664064903636494,0.48625770511972904,0.13656645368179499,0.24000000000000002,0.25750495028962506,0.035166537866561,0.017100000000000004,0.03420000000000001,0.08309451174769535,0.9465280580659003,-0.1582101488579565,-0.1713565439308386,-0.168393678982504,-0.010183530124547507,0.06436711044176083,0.01729064370912168,0,0,-0.02178734374090574,-0.021606198966000006,0
23,3,4,3,0.6143965336589137,9.739005777651984,1,0.0664064903636494,0.48625770511972904,0.13656645368179499,0.27999999999999997,0.3004224420045625,0.04102762751098782,0.01995,0.03990000000000002,0.08309451174769535,0.9465280580659003,-0.1845785070009492,-0.19991596791931163,-0.19589476770743453,-0.011316260706485337,0.06130865879431533,0.020114452355802333,0,0,-0.025358734065067168,-0.025207232127,0
23,3,4,3,0.6143965336589137,9.739005777651984,1,0.0664064903636494,0.48625770511972904,0.13656645368179499,0.32,0.34333993371950006,0.046888717155414664,0.022800000000000004,0.04560000000000004,0.08309451174769535,0.9465280580659003,-0.21094686514394198,-0.22847539190778476,-0.22323826089951915,-0.012291395755577167,0.058267733664541514,0.02292207911116914,0,0,-0.02890965846634863,-0.028808265288000005,0
23,3,4,3,0.6143965336589137,9.739005777651984,1,0.0664064903636494,0.48625770511972904,0.13656645368179499,0.36,0.38625742543443753,0.052749806799841495,0.025650000000000003,0.05129999999999996,0.08309451174769535,0.9465280580659003,-0.23731522328693477,-0.25703481589625793,-0.2504255093448755,-0.013110286057940734,0.0552441848287552,0.025713662673814624,0,0,-0.03244029236268631,-0.032409298449000014,0
23,3,4,3,0.6143965336589137,9.739005777651984,1,0.0664064903636494,0.48625770511972904,0.13656645368179499,0.39999999999999997,0.429174917149375,0.05861089644426832,0.0285,0.05699999999999997,0.08309451174769535,0.9465280580659003,-0.2636835814299274,-0.2855942398847309,-0.27745784843642873,-0.013774267006501306,0.052237863775229966,0.028489340161713814,0,0,-0.03595080917301274,-0.03601033161,0
23,3,4,3,0.6143965336589137,9.739005777651984,1,0.0664064903636494,0.48625770511972904,0.13656645368179499,0.44,0.47209240886431253,0.06447198608869516,0.03135,0.06269999999999999,0.08309451174769535,0.9465280580659003,-0.29005193957292025,-0.3141536638732041,-0.30433659839254545,-0.014284658819625207,0.049248623679808166,0.03124924713474268,0,0,-0.03944138034563416,-0.03961136477100001,0
23,3,4,3,0.6143965336589137,9.739005777651984,1,0.0664064903636494,0.48625770511972904,0.13656645368179499,0.48,0.51500990057925,0.07033307573312199,0.0342,0.06840000000000002,0.08309451174769535,0.9465280580659003,-0.31642029771591296,-0.34271308786167715,-0.3310630644719712,-0.014642766756058245,0.04627631938202886,0.03399351761671858,0,0,-0.042912175386147666,-0.043212397932000005,0
23,3,4,3,0.6143965336589137,9.739005777651984,1,0.0664064903636494,0.48625770511972904,0.13656645368179499,0.52,0.5579273922941875,0.07619416537754883,0.03705000000000001,0.07410000000000003,0.08309451174769535,0.9465280580659003,-0.3427886558589058,-0.3712725118501503,-0.3576385371851156,-0.014849881326209846,0.04332080736161281,0.036722284117111016,0,0,-0.04636336188487711,-0.04681343109300002,0
23,3,4,3,0.6143965336589137,9.739005777651984,1,0.0664064903636494,0.48625770511972904,0.13656645368179499,0.56,0.6008448840091251,0.08205525502197565,0.039900000000000005,0.07980000000000005,0.08309451174769535,0.9465280580659003,-0.3691570140018985,-0.39983193583862336,-0.38406429250177965,-0.01490727849988116,0.04038194571539279,0.0394356776523417,0,0,-0.04979510554385236,-0.050414464254000015,0
23,3,4,3,0.6143965336589137,9.739005777651984,1,0.0664064903636494,0.48625770511972904,0.13656645368179499,0.6000000000000001,0.6437623757240626,0.0879163446664025,0.04275000000000001,0.08550000000000005,0.08309451174769535,0.9465280580659003,-0.3955253721448906,-0.42839135982709575,-0.41034159205536014,-0.014816219910469552,0.0374595941345629,0.04213382776678953,0,0,-0.053207570203325005,-0.054015497414999926,0
23,3,4,3,0.6143965336589137,9.739005777651984,1,0.0664064903636494,0.48625770511972904,0.13656645368179499,0.64,0.6866798674390001,0.09377743431082933,0.04560000000000001,0.09120000000000007,0.08309451174769535,0.9465280580659003,-0.4218937302878833,-0.4569507838155688,-0.4364716833436457,-0.014577953055762427,0.034553613882375114,0.044816862553383234,0,0,-0.056600917867847045,-0.05761653057599992,0
23,3,4,3,0.6143965336589137,9.739005777651984,1,0.0664064903636494,0.48625770511972904,0.13656645368179499,0.68,0.7295973591539375,0.09963852395525616,0.04845000000000001,0.0969000000000001,0.08309451174769535,0.9465280580659003,-0.4482620884308761,-0.48551020780404197,-0.46245579992622865,-0.014193711495352535,0.03166386777217111,0.047484908673883885,0,0,-0.05997530873190371,-0.06121756373699993,0
23,3,4,3,0.6143965336589137,9.739005777651984,1,0.0664064903636494,0.48625770511972904,0.13656645368179499,0.7200000000000001,0.7725148508688752,0.105499613599683,0.05130000000000001,0.10260000000000002,0.08309451174769535,0.9465280580659003,-0.47463044657386955,-0.5140696317925159,-0.48829516161863395,-0.013664715044764408,0.028790220145807035,0.0501380913788052,0,0,-0.06333090120512885,-0.06481859689800003,0
23,3,4,3,0.6143965336589137,9.739005777651984,1,0.0664064903636494,0.48625770511972904,0.13656645368179499,0.76,0.8154323425838125,0.11136070324410982,0.054150000000000004,0.10830000000000004,0.08309451174769535,0.9465280580659003,-0.5009988047168622,-0.5426290557809889,-0.5139909746831943,-0.012992169966332123,0.02593253685240747,0.05277653452702905,0,0,-0.06666785193708868,-0.06841963005900001,0
23,3,4,3,0.6143965336589137,9.739005777651984,1,0.0664064903636494,0.48625770511972904,0.13656645368179499,0.8,0.8583498342987501,0.11722179288853665,0.05700000000000001,0.11400000000000006,0.08309451174769535,0.9465280580659003,-0.527367162859855,-0.571188479769462,-0.5395444320167737,-0.012177269156918746,0.023090685227503994,0.055400360605067075,0,0,-0.06998631584166048,-0.07202066322000002,0
23,3,4,3,0.6143965336589137,9.739005777651984,1,0.0664064903636494,0.48625770511972904,0.13656645368179499,0.8400000000000001,0.9012673260136876,0.1230828825329635,0.059850000000000014,0.11970000000000008,0.08309451174769535,0.9465280580659003,-0.5537355210028478,-0.5997479037579352,-0.5649567133353592,-0.011221192332511398,0.02026453407249214,0.05800969074602727,0,0,-0.0732864461210081,-0.07562169638100004,0
23,3,4,3,0.6143965336589137,9.739005777651984,1,0.0664064903636494,0.48625770511972904,0.13656645368179499,0.88,0.9441848177286251,0.12894397217739031,0.0627,0.12539999999999998,0.08309451174769535,0.9465280580659003,-0.5801038791458405,-0.6283073277464082,-0.5902289853556226,-0.010125106209782131,0.01745395363446042,0.0606046447482376,0,0,-0.07656839428915418,-0.07922272954200002,0
23,3,4,3,0.6143965336589137,9.739005777651984,1,0.0664064903636494,0.48625770511972904,0.13656645368179499,0.92,0.9871023094435626,0.13480506182181715,0.06555000000000001,0.1311,0.08309451174769535,0.9465280580659003,-0.6064722372888333,-0.6568667517348813,-0.6153624019734689,-0.00889016468463566,0.014658815586312992,0.06318534109359822,0,0,-0.07983231019517767,-0.08282376270300003,0
23,3,4,3,0.6143965336589137,9.739005777651984,1,0.0664064903636494,0.48625770511972904,0.13656645368179499,0.9600000000000001,1.0300198011585002,0.140666151466244,0.06840000000000002,0.13680000000000003,0.08309451174769535,0.9465280580659003,-0.632840595431826,-0.6854261757233544,-0.6403581044396596,-0.007517509007833545,0.01187899300724203,0.06575189696561108,1,0,-0.08307834204600262,-0.08642479586400002,0
23,3,4,3,0.6143965336589137,9.739005777651984,1,0.0664064903636494,0.48625770511972904,0.13656645368179499,1.0,1.0729372928734375,0.1465272411106708,0.07125000000000001,0.14250000000000004,0.08309451174769535,0.9465280580659003,-0.6592089535748188,-0.7139855997118275,-0.6652172215325649,-0.006008267957746116,0.009114360363529545,0.0683044282671052,1,0,-0.08630663642884961,-0.09002582902500003,0
